{
    "0x0000000895cB182E6f983eb4D8b4E0Aa0B31Ae4c": [
        {
            "id": 92,
            "manager": "0xF98bb4943eb8a3eB6234a9f6B1Fa758714381753",
            "bountyChainId": 1,
            "isEnded": false,
            "start": 1689811200,
            "end": 1731542400,
            "startClaimDate": 1690416000,
            "endClaimDate": 1732147200,
            "closableAt": 1732752000,
            "apr": 0.1438983285714421,
            "tokenPerVoteValue": 0.00044112887963290855,
            "tokenPerVoteValueUSD": 0.0010190077119520188,
            "rewardsAvailable": 112.86369010870274,
            "rewardsAvailableUSD": 260.71512415110334,
            "maxRewardPerVote": 0.0007842,
            "maxRewardPerVoteUSD": 0.00173904192,
            "totalVotes": 245617.88517341888
        },
        {
            "id": 93,
            "manager": "0xF98bb4943eb8a3eB6234a9f6B1Fa758714381753",
            "bountyChainId": 1,
            "isEnded": false,
            "start": 1689811200,
            "end": 1731542400,
            "startClaimDate": 1690416000,
            "endClaimDate": 1732147200,
            "closableAt": 1732752000,
            "apr": 0.1432975313265916,
            "tokenPerVoteValue": 0.000439287099967095,
            "tokenPerVoteValueUSD": 0.0010147532009239894,
            "rewardsAvailable": 325.3403868620263,
            "rewardsAvailableUSD": 751.5362936512809,
            "maxRewardPerVote": 0.0007842,
            "maxRewardPerVoteUSD": 0.00173904192,
            "totalVotes": 710985.529533966
        },
        {
            "id": 123,
            "manager": "0x12E9D6962CEc231E2b0F8b49cE80e5B6fBF1cEa9",
            "bountyChainId": 1,
            "isEnded": false,
            "start": 1695859200,
            "end": 1732752000,
            "startClaimDate": 1696464000,
            "endClaimDate": 1733356800,
            "closableAt": 1733961600,
            "apr": 0.11837838955070042,
            "tokenPerVoteValue": 0.002849422782155851,
            "tokenPerVoteValueUSD": 0.000838289736080811,
            "rewardsAvailable": 26240.996437764443,
            "rewardsAvailableUSD": 7720.004948394452,
            "maxRewardPerVote": 0.02,
            "maxRewardPerVoteUSD": 0.005648569609797987,
            "totalVotes": 8840863.047074497
        },
        {
            "id": 127,
            "manager": "0x8306300ffd616049FD7e4b0354a64Da835c1A81C",
            "bountyChainId": 1,
            "isEnded": false,
            "start": 1695859200,
            "end": 1731542400,
            "startClaimDate": 1696464000,
            "endClaimDate": 1732147200,
            "closableAt": 1732752000,
            "apr": 0.1244628441570263,
            "tokenPerVoteValue": 0.00038154824690445034,
            "tokenPerVoteValueUSD": 0.0008813764503492803,
            "rewardsAvailable": 458.5247477512812,
            "rewardsAvailableUSD": 1059.1921673054596,
            "maxRewardPerVote": 0.0006,
            "maxRewardPerVoteUSD": 0.0013305599999999997,
            "totalVotes": 1153677.8413018459
        },
        {
            "id": 133,
            "manager": "0x68841bC858B18E10AfF6c2eC67Dbc484B3b47D91",
            "bountyChainId": 1,
            "isEnded": false,
            "start": 1697068800,
            "end": 1732752000,
            "startClaimDate": 1697673600,
            "endClaimDate": 1733356800,
            "closableAt": 1733961600,
            "apr": 0.11379496699150984,
            "tokenPerVoteValue": 0.00273909767374735,
            "tokenPerVoteValueUSD": 0.0008058324936561273,
            "rewardsAvailable": 2710.680934089078,
            "rewardsAvailableUSD": 797.4723930288744,
            "maxRewardPerVote": 0.02,
            "maxRewardPerVoteUSD": 0.005648569609797987,
            "totalVotes": 950040.490219314
        },
        {
            "id": 136,
            "manager": "0x2234a7c690AF5de948B3a1CcbEa43705E4583D2d",
            "bountyChainId": 1,
            "isEnded": false,
            "start": 1697068800,
            "end": 1731542400,
            "startClaimDate": 1697673600,
            "endClaimDate": 1732147200,
            "closableAt": 1732752000,
            "apr": 0.12253815568862278,
            "tokenPerVoteValue": 0.000375648,
            "tokenPerVoteValueUSD": 0.00086774688,
            "rewardsAvailable": 9.250434851017861,
            "rewardsAvailableUSD": 21.36850450585126,
            "maxRewardPerVote": 0.0003913,
            "maxRewardPerVoteUSD": 0.00086774688,
            "totalVotes": 8576.256658072938
        },
        {
            "id": 172,
            "manager": "0x2234a7c690AF5de948B3a1CcbEa43705E4583D2d",
            "bountyChainId": 1,
            "isEnded": false,
            "start": 1706745600,
            "end": 1731542400,
            "startClaimDate": 1707350400,
            "endClaimDate": 1732147200,
            "closableAt": 1732752000,
            "apr": 0.07127442942686059,
            "tokenPerVoteValue": 0.00021849600000000002,
            "tokenPerVoteValueUSD": 0.00050472576,
            "rewardsAvailable": 125.57302841666643,
            "rewardsAvailableUSD": 290.07369564249944,
            "maxRewardPerVote": 0.0002276,
            "maxRewardPerVoteUSD": 0.00050472576,
            "totalVotes": 76772.18854370534
        },
        {
            "id": 236,
            "manager": "0x1c572Bf5306c086b43f6F91F032296A25B49D920",
            "bountyChainId": 1,
            "isEnded": false,
            "start": 1718841600,
            "end": 1732147200,
            "startClaimDate": 1719446400,
            "endClaimDate": 1732752000,
            "closableAt": 1733356800,
            "apr": 0.16599015112564058,
            "tokenPerVoteValue": 0.024975913919422,
            "tokenPerVoteValueUSD": 0.001175449678841351,
            "rewardsAvailable": 10513.945220890384,
            "rewardsAvailableUSD": 494.82127353268703,
            "maxRewardPerVote": 0.03152779520755358,
            "maxRewardPerVoteUSD": 0.0014244509088244923,
            "totalVotes": 404124.84782812506
        },
        {
            "id": 244,
            "manager": "0xd3Ea7CF0a73D709029988Bf2cb65ACC568f79332",
            "bountyChainId": 1,
            "isEnded": false,
            "start": 1719446400,
            "end": 1732147200,
            "startClaimDate": 1720051200,
            "endClaimDate": 1732752000,
            "closableAt": 1733356800,
            "apr": 0.19148637150065806,
            "tokenPerVoteValue": 0.028812234333848594,
            "tokenPerVoteValueUSD": 0.0013559996924912465,
            "rewardsAvailable": 6982.468537650689,
            "rewardsAvailableUSD": 328.6182210020718,
            "maxRewardPerVote": 0.03152779520755358,
            "maxRewardPerVoteUSD": 0.0014244509088244923,
            "totalVotes": 232650.12072561766
        },
        {
            "id": 245,
            "manager": "0xf8AfC5e9AEdA712A05E32F27513cDAa2F67f457B",
            "bountyChainId": 1,
            "isEnded": false,
            "start": 1719446400,
            "end": 1732147200,
            "startClaimDate": 1720051200,
            "endClaimDate": 1732752000,
            "closableAt": 1733356800,
            "apr": 0.11321434032758587,
            "tokenPerVoteValue": 0.017034936104887644,
            "tokenPerVoteValueUSD": 0.0008017208194332419,
            "rewardsAvailable": 8650.647915238644,
            "rewardsAvailableUSD": 407.1282975486883,
            "maxRewardPerVote": 0.03152779520755358,
            "maxRewardPerVoteUSD": 0.0014244509088244923,
            "totalVotes": 487505.321270113
        },
        {
            "id": 268,
            "manager": "0xFC08757c505eA28709dF66E54870fB6dE09f0C5E",
            "bountyChainId": 1,
            "isEnded": false,
            "start": 1730937600,
            "end": 1731542400,
            "startClaimDate": 1731542400,
            "endClaimDate": 1732147200,
            "closableAt": 1732752000,