{
    "0x0000000895cB182E6f983eb4D8b4E0Aa0B31Ae4c": [
        {
            "id": 92,
            "manager": "0xF98bb4943eb8a3eB6234a9f6B1Fa758714381753",
            "bountyChainId": 1,
            "isEnded": false,
            "start": 1689811200,
            "end": 1729123200,
            "startClaimDate": 1690416000,
            "endClaimDate": 1729728000,
            "closableAt": 1730332800,
            "apr": 0.08338408316072594,
            "tokenPerVoteValue": 0.00019973357409734213,
            "tokenPerVoteValueUSD": 0.000417443169863445,
            "rewardsAvailable": 192.85150065550707,
            "rewardsAvailableUSD": 403.05963637000974,
            "maxRewardPerVote": 0.0007842,
            "maxRewardPerVoteUSD": 0.0015734188799999998,
            "totalVotes": 926921.9832768738
        },
        {
            "id": 93,
            "manager": "0xF98bb4943eb8a3eB6234a9f6B1Fa758714381753",
            "bountyChainId": 1,
            "isEnded": false,
            "start": 1689811200,
            "end": 1729123200,
            "startClaimDate": 1690416000,
            "endClaimDate": 1729728000,
            "closableAt": 1730332800,
            "apr": 0.0711370217498481,
            "tokenPerVoteValue": 0.0001703976474425005,
            "tokenPerVoteValueUSD": 0.000356131083154826,
            "rewardsAvailable": 194.38093584434935,
            "rewardsAvailableUSD": 406.2561559146901,
            "maxRewardPerVote": 0.0007842,
            "maxRewardPerVoteUSD": 0.0015734188799999998,
            "totalVotes": 1095118.9832215505
        },
        {
            "id": 123,
            "manager": "0x12E9D6962CEc231E2b0F8b49cE80e5B6fBF1cEa9",
            "bountyChainId": 1,
            "isEnded": false,
            "start": 1695859200,
            "end": 1731542400,
            "startClaimDate": 1696464000,
            "endClaimDate": 1732147200,
            "closableAt": 1732752000,
            "apr": 0.12004311510155471,
            "tokenPerVoteValue": 0.002158163142777107,
            "tokenPerVoteValueUSD": 0.0006009681534986025,
            "rewardsAvailable": 25484.997320051207,
            "rewardsAvailableUSD": 7096.623734218686,
            "maxRewardPerVote": 0.02,
            "maxRewardPerVoteUSD": 0.005346485776939645,
            "totalVotes": 11336305.834491747
        },
        {
            "id": 127,
            "manager": "0x8306300ffd616049FD7e4b0354a64Da835c1A81C",
            "bountyChainId": 1,
            "isEnded": false,
            "start": 1695859200,
            "end": 1729123200,
            "startClaimDate": 1696464000,
            "endClaimDate": 1729728000,
            "closableAt": 1730332800,
            "apr": 0.1152840384289701,
            "tokenPerVoteValue": 0.0002761449446821869,
            "tokenPerVoteValueUSD": 0.0005771429343857706,
            "rewardsAvailable": 521.3460626146107,
            "rewardsAvailableUSD": 1089.6132708645362,
            "maxRewardPerVote": 0.00065,
            "maxRewardPerVoteUSD": 0.00130416,
            "totalVotes": 1812425.7921362238
        },
        {
            "id": 133,
            "manager": "0x68841bC858B18E10AfF6c2eC67Dbc484B3b47D91",
            "bountyChainId": 1,
            "isEnded": false,
            "start": 1697068800,
            "end": 1731542400,
            "startClaimDate": 1697673600,
            "endClaimDate": 1732147200,
            "closableAt": 1732752000,
            "apr": 0.09159867736687412,
            "tokenPerVoteValue": 0.0016467824019151852,
            "tokenPerVoteValueUSD": 0.00045856764008093986,
            "rewardsAvailable": 2030.9556034477823,
            "rewardsAvailableUSD": 565.5455858036169,
            "maxRewardPerVote": 0.02,
            "maxRewardPerVoteUSD": 0.005346485776939645,
            "totalVotes": 1183955.6805090804
        },
        {
            "id": 136,
            "manager": "0x2234a7c690AF5de948B3a1CcbEa43705E4583D2d",
            "bountyChainId": 1,
            "isEnded": false,
            "start": 1697068800,
            "end": 1729123200,
            "startClaimDate": 1697673600,
            "endClaimDate": 1729728000,
            "closableAt": 1730332800,
            "apr": 0.15682423054170536,
            "tokenPerVoteValue": 0.00037564799999999997,
            "tokenPerVoteValueUSD": 0.0007851043199999999,
            "rewardsAvailable": 6.054451965332893,
            "rewardsAvailableUSD": 12.653804607545746,
            "maxRewardPerVote": 0.0003913,
            "maxRewardPerVoteUSD": 0.0007851043199999999,
            "totalVotes": 10644.895703985821
        },
        {
            "id": 172,
            "manager": "0x2234a7c690AF5de948B3a1CcbEa43705E4583D2d",
            "bountyChainId": 1,
            "isEnded": false,
            "start": 1706745600,
            "end": 1729123200,
            "startClaimDate": 1707350400,
            "endClaimDate": 1729728000,
            "closableAt": 1730332800,
            "apr": 0.09121695597059074,
            "tokenPerVoteValue": 0.00021849600000000002,
            "tokenPerVoteValueUSD": 0.00045665664,
            "rewardsAvailable": 109.24222901950053,
            "rewardsAvailableUSD": 228.31625865075608,
            "maxRewardPerVote": 0.0002276,
            "maxRewardPerVoteUSD": 0.00045665664,
            "totalVotes": 279376.41339385166
        },
        {
            "id": 236,
            "manager": "0x1c572Bf5306c086b43f6F91F032296A25B49D920",
            "bountyChainId": 1,
            "isEnded": false,
            "start": 1718841600,
            "end": 1729123200,
            "startClaimDate": 1719446400,
            "endClaimDate": 1729728000,
            "closableAt": 1730332800,
            "apr": 0.10983604364679317,
            "tokenPerVoteValue": 0.009084386091598522,
            "tokenPerVoteValueUSD": 0.0005498688057383669,
            "rewardsAvailable": 10819.647417644768,
            "rewardsAvailableUSD": 654.9024385426202,
            "maxRewardPerVote": 0.015997419447616276,
            "maxRewardPerVoteUSD": 0.0009295754896749749,
            "totalVotes": 1143375.1732046064
        },
        {
            "id": 244,
            "manager": "0xd3Ea7CF0a73D709029988Bf2cb65ACC568f79332",
            "bountyChainId": 1,
            "isEnded": false,
            "start": 1719446400,
            "end": 1729123200,
            "startClaimDate": 1720051200,
            "endClaimDate": 1729728000,
            "closableAt": 1730332800,
            "apr": 0.105047285454207,
            "tokenPerVoteValue": 0.00868831457557912,
            "tokenPerVoteValueUSD": 0.0005258949929452286,
            "rewardsAvailable": 7647.481776445315,
            "rewardsAvailableUSD": 462.89442444645846,
            "maxRewardPerVote": 0.015997419447616276,
            "maxRewardPerVoteUSD": 0.0009295754896749749,
            "totalVotes": 844995.0150312264
        },
        {
            "id": 245,
            "manager": "0xf8AfC5e9AEdA712A05E32F27513cDAa2F67f457B",
            "bountyChainId": 1,
            "isEnded": false,
            "start": 1719446400,
            "end": 1729123200,
            "startClaimDate": 1720051200,
            "endClaimDate": 1729728000,
            "closableAt": 1730332800,
            "apr": 0.08877469587901411,
            "tokenPerVoteValue": 0.007342431370913189,
            "tokenPerVoteValueUSD": 0.0004444300284500044,
            "rewardsAvailable": 11447.312567654273,
            "rewardsAvailableUSD": 692.8943824075455,
            "maxRewardPerVote": 0.015997419447616276,
            "maxRewardPerVoteUSD": 0.0009295754896749749,
            "totalVotes": 1496700.412956169
        },
        {
            "id": 265,
            "manager": "0xFC08757c505eA28709dF66E54870fB6dE09f0C5E",
            "bountyChainId": 1,
            "isEnded": true,
            "start": 1727308800,
            "end": 1727913600,
            "startClaimDate": 1727913600,