{
    "0x0000000895cB182E6f983eb4D8b4E0Aa0B31Ae4c": [
        {
            "id": 92,
            "manager": "0xF98bb4943eb8a3eB6234a9f6B1Fa758714381753",
            "bountyChainId": 1,
            "isEnded": true,
            "start": 1689811200,
            "end": 1725494400,
            "startClaimDate": 1690416000,
            "endClaimDate": 1726099200,
            "closableAt": 1726704000,
            "apr": 0,
            "tokenPerVoteValue": 0.0,
            "tokenPerVoteValueUSD": 0.0,
            "rewardsAvailable": 0,
            "rewardsAvailableUSD": 0,
            "maxRewardPerVote": 0.0007842,
            "maxRewardPerVoteUSD": 0.0014680224,
            "totalVotes": 664447.750081673
        },
        {
            "id": 93,
            "manager": "0xF98bb4943eb8a3eB6234a9f6B1Fa758714381753",
            "bountyChainId": 1,
            "isEnded": true,
            "start": 1689811200,
            "end": 1725494400,
            "startClaimDate": 1690416000,
            "endClaimDate": 1726099200,
            "closableAt": 1726704000,
            "apr": 0,
            "tokenPerVoteValue": 0.0,
            "tokenPerVoteValueUSD": 0.0,
            "rewardsAvailable": 0,
            "rewardsAvailableUSD": 0,
            "maxRewardPerVote": 0.0007842,
            "maxRewardPerVoteUSD": 0.0014680224,
            "totalVotes": 362889.4283089897
        },
        {
            "id": 123,
            "manager": "0x12E9D6962CEc231E2b0F8b49cE80e5B6fBF1cEa9",
            "bountyChainId": 1,
            "isEnded": false,
            "start": 1695859200,
            "end": 1727913600,
            "startClaimDate": 1696464000,
            "endClaimDate": 1728518400,
            "closableAt": 1729123200,
            "apr": 0.12856038020352334,
            "tokenPerVoteValue": 0.002612167583333344,
            "tokenPerVoteValueUSD": 0.0006974697303841611,
            "rewardsAvailable": 33700.25087097716,
            "rewardsAvailableUSD": 8998.237723655082,
            "maxRewardPerVote": 0.02,
            "maxRewardPerVoteUSD": 0.005126554248976371,
            "totalVotes": 12385208.760172235
        },
        {
            "id": 124,
            "manager": "0xfCBa6dC55c4b36943cF6C69f2c23b345350d520E",
            "bountyChainId": 1,
            "isEnded": false,
            "start": 1695859200,
            "end": 1726704000,
            "startClaimDate": 1696464000,
            "endClaimDate": 1727308800,
            "closableAt": 1727913600,
            "apr": 0.16795884260808627,
            "tokenPerVoteValue": 0.003412689378333109,
            "tokenPerVoteValueUSD": 0.0009112154808817776,
            "rewardsAvailable": 6725.592163958493,
            "rewardsAvailableUSD": 1795.787139844979,
            "maxRewardPerVote": 0.02,
            "maxRewardPerVoteUSD": 0.005126554248976371,
            "totalVotes": 1891929.7250996204
        },
        {
            "id": 125,
            "manager": "0xF78f606db249B27cb835Bec41f9957fCe2308f5e",
            "bountyChainId": 1,
            "isEnded": false,
            "start": 1695859200,
            "end": 1726704000,
            "startClaimDate": 1696464000,
            "endClaimDate": 1727308800,
            "closableAt": 1727913600,
            "apr": 0.14610133107489698,
            "tokenPerVoteValue": 0.0029685752353215207,
            "tokenPerVoteValueUSD": 0.0007926334367731027,
            "rewardsAvailable": 1191.2180152225608,
            "rewardsAvailableUSD": 318.0647800727301,
            "maxRewardPerVote": 0.02,
            "maxRewardPerVoteUSD": 0.005126554248976371,
            "totalVotes": 385224.96617465734
        },
        {
            "id": 127,
            "manager": "0x8306300ffd616049FD7e4b0354a64Da835c1A81C",
            "bountyChainId": 1,
            "isEnded": true,
            "start": 1695859200,
            "end": 1725494400,
            "startClaimDate": 1696464000,
            "endClaimDate": 1726099200,
            "closableAt": 1726704000,
            "apr": 0,
            "tokenPerVoteValue": 0.0,
            "tokenPerVoteValueUSD": 0.0,
            "rewardsAvailable": 0,
            "rewardsAvailableUSD": 0,
            "maxRewardPerVote": 0.00065,
            "maxRewardPerVoteUSD": 0.0012167999999999999,
            "totalVotes": 1301255.1271546357
        },
        {
            "id": 133,
            "manager": "0x68841bC858B18E10AfF6c2eC67Dbc484B3b47D91",
            "bountyChainId": 1,
            "isEnded": false,
            "start": 1697068800,
            "end": 1727913600,
            "startClaimDate": 1697673600,
            "endClaimDate": 1728518400,
            "closableAt": 1729123200,
            "apr": 0.11976854529466746,
            "tokenPerVoteValue": 0.002433529762641037,
            "tokenPerVoteValueUSD": 0.0006497719971186389,
            "rewardsAvailable": 2649.0417968255015,
            "rewardsAvailableUSD": 707.3154416266549,
            "maxRewardPerVote": 0.02,
            "maxRewardPerVoteUSD": 0.005126554248976371,
            "totalVotes": 1045017.0628661442
        },
        {
            "id": 136,
            "manager": "0x2234a7c690AF5de948B3a1CcbEa43705E4583D2d",
            "bountyChainId": 1,
            "isEnded": true,
            "start": 1697068800,
            "end": 1725494400,
            "startClaimDate": 1697673600,
            "endClaimDate": 1726099200,
            "closableAt": 1726704000,
            "apr": 0,
            "tokenPerVoteValue": 0.0,
            "tokenPerVoteValueUSD": 0.0,
            "rewardsAvailable": 0,
            "rewardsAvailableUSD": 0,
            "maxRewardPerVote": 0.0003913,
            "maxRewardPerVoteUSD": 0.0007325135999999999,
            "totalVotes": 34720.74525188354
        },
        {
            "id": 172,
            "manager": "0x2234a7c690AF5de948B3a1CcbEa43705E4583D2d",
            "bountyChainId": 1,
            "isEnded": true,
            "start": 1706745600,
            "end": 1725494400,
            "startClaimDate": 1707350400,
            "endClaimDate": 1726099200,
            "closableAt": 1726704000,
            "apr": 0,
            "tokenPerVoteValue": 0.0,
            "tokenPerVoteValueUSD": 0.0,
            "rewardsAvailable": 0,
            "rewardsAvailableUSD": 0,
            "maxRewardPerVote": 0.0002276,
            "maxRewardPerVoteUSD": 0.0004260672,
            "totalVotes": 380415.0917684691
        },
        {
            "id": 192,
            "manager": "0x2927D7D70943290529Adc517E8E2Dc1eEE7818b6",
            "bountyChainId": 1,
            "isEnded": true,
            "start": 1710979200,
            "end": 1725494400,
            "startClaimDate": 1711584000,
            "endClaimDate": 1726099200,
            "closableAt": 1726704000,
            "apr": 0,
            "tokenPerVoteValue": 0.0,
            "tokenPerVoteValueUSD": 0.0,
            "rewardsAvailable": 0,
            "rewardsAvailableUSD": 0,
            "maxRewardPerVote": 0.015,
            "maxRewardPerVoteUSD": 2.282420053973165e-05,
            "totalVotes": 253348.79744910158
        },
        {
            "id": 236,
            "manager": "0x1c572Bf5306c086b43f6F91F032296A25B49D920",
            "bountyChainId": 1,
            "isEnded": false,
            "start": 1718841600,
            "end": 1726099200,
            "startClaimDate": 1719446400,
            "endClaimDate": 1726704000,
            "closableAt": 1727308800,
            "apr": 0.1190848068137429,
            "tokenPerVoteValue": 0.0074538512613074115,
            "tokenPerVoteValueUSD": 0.0006460625580738199,
            "rewardsAvailable": 19162.089722407498,
            "rewardsAvailableUSD": 1660.87412668967,
            "maxRewardPerVote": 0.00896812366628679,
            "maxRewardPerVoteUSD": 0.0007462196340243912,
            "totalVotes": 2467933.0843374776
        },
        {
            "id": 244,
            "manager": "0xd3Ea7CF0a73D709029988Bf2cb65ACC568f79332",