{
    "0x0000000895cB182E6f983eb4D8b4E0Aa0B31Ae4c": [
        {
            "id": 92,
            "manager": "0xF98bb4943eb8a3eB6234a9f6B1Fa758714381753",
            "bountyChainId": 1,
            "isEnded": false,
            "start": 1689811200,
            "end": 1725494400,
            "startClaimDate": 1690416000,
            "endClaimDate": 1726099200,
            "closableAt": 1726704000,
            "apr": 0.2458623751898545,
            "tokenPerVoteValue": 0.0007510842362041978,
            "tokenPerVoteValueUSD": 0.001374484152253682,
            "rewardsAvailable": 535.1310293742325,
            "rewardsAvailableUSD": 979.2897837548455,
            "maxRewardPerVote": 0.0007842,
            "maxRewardPerVoteUSD": 0.0013776825599999998,
            "totalVotes": 683978.924648335
        },
        {
            "id": 93,
            "manager": "0xF98bb4943eb8a3eB6234a9f6B1Fa758714381753",
            "bountyChainId": 1,
            "isEnded": false,
            "start": 1689811200,
            "end": 1725494400,
            "startClaimDate": 1690416000,
            "endClaimDate": 1726099200,
            "closableAt": 1726704000,
            "apr": 0.2464344939182123,
            "tokenPerVoteValue": 0.0007528319999999998,
            "tokenPerVoteValueUSD": 0.0013776825599999998,
            "rewardsAvailable": 387.746028951734,
            "rewardsAvailableUSD": 709.5752329816733,
            "maxRewardPerVote": 0.0007842,
            "maxRewardPerVoteUSD": 0.0013776825599999998,
            "totalVotes": 361784.0678773405
        },
        {
            "id": 123,
            "manager": "0x12E9D6962CEc231E2b0F8b49cE80e5B6fBF1cEa9",
            "bountyChainId": 1,
            "isEnded": false,
            "start": 1695859200,
            "end": 1727913600,
            "startClaimDate": 1696464000,
            "endClaimDate": 1728518400,
            "closableAt": 1729123200,
            "apr": 0.1458035506092089,
            "tokenPerVoteValue": 0.003039035246806546,
            "tokenPerVoteValueUSD": 0.0008151091418519128,
            "rewardsAvailable": 40166.58265072596,
            "rewardsAvailableUSD": 10773.20467077863,
            "maxRewardPerVote": 0.02,
            "maxRewardPerVoteUSD": 0.0051496920083444345,
            "totalVotes": 12688210.636982951
        },
        {
            "id": 124,
            "manager": "0xfCBa6dC55c4b36943cF6C69f2c23b345350d520E",
            "bountyChainId": 1,
            "isEnded": false,
            "start": 1695859200,
            "end": 1726704000,
            "startClaimDate": 1696464000,
            "endClaimDate": 1727308800,
            "closableAt": 1727913600,
            "apr": 0.12337387028272068,
            "tokenPerVoteValue": 0.0025715254447338945,
            "tokenPerVoteValueUSD": 0.000689716876666693,
            "rewardsAvailable": 5138.373077210789,
            "rewardsAvailableUSD": 1378.1791026877397,
            "maxRewardPerVote": 0.02,
            "maxRewardPerVoteUSD": 0.0051496920083444345,
            "totalVotes": 1918253.6825463201
        },
        {
            "id": 125,
            "manager": "0xF78f606db249B27cb835Bec41f9957fCe2308f5e",
            "bountyChainId": 1,
            "isEnded": false,
            "start": 1695859200,
            "end": 1726704000,
            "startClaimDate": 1696464000,
            "endClaimDate": 1727308800,
            "closableAt": 1727913600,
            "apr": 0.1632016666101377,
            "tokenPerVoteValue": 0.003401670364634138,
            "tokenPerVoteValueUSD": 0.0009123726401967978,
            "rewardsAvailable": 1122.0970001281396,
            "rewardsAvailableUSD": 300.96114344516377,
            "maxRewardPerVote": 0.02,
            "maxRewardPerVoteUSD": 0.0051496920083444345,
            "totalVotes": 316671.8125666689
        },
        {
            "id": 127,
            "manager": "0x8306300ffd616049FD7e4b0354a64Da835c1A81C",
            "bountyChainId": 1,
            "isEnded": false,
            "start": 1695859200,
            "end": 1725494400,
            "startClaimDate": 1696464000,
            "endClaimDate": 1726099200,
            "closableAt": 1726704000,
            "apr": 0.20426220485442237,
            "tokenPerVoteValue": 0.000624,
            "tokenPerVoteValueUSD": 0.00114192,
            "rewardsAvailable": 1038.3892569182465,
            "rewardsAvailableUSD": 1900.2523401603912,
            "maxRewardPerVote": 0.00065,
            "maxRewardPerVoteUSD": 0.00114192,
            "totalVotes": 1325191.9399970188
        },
        {
            "id": 133,
            "manager": "0x68841bC858B18E10AfF6c2eC67Dbc484B3b47D91",
            "bountyChainId": 1,
            "isEnded": false,
            "start": 1697068800,
            "end": 1727913600,
            "startClaimDate": 1697673600,
            "endClaimDate": 1728518400,
            "closableAt": 1729123200,
            "apr": 0.1166949798734616,
            "tokenPerVoteValue": 0.0024323149572081228,
            "tokenPerVoteValueUSD": 0.0006523787967141304,
            "rewardsAvailable": 2699.290398084962,
            "rewardsAvailableUSD": 723.9851141259893,
            "maxRewardPerVote": 0.02,
            "maxRewardPerVoteUSD": 0.0051496920083444345,
            "totalVotes": 1065371.3962832962
        },
        {
            "id": 136,
            "manager": "0x2234a7c690AF5de948B3a1CcbEa43705E4583D2d",
            "bountyChainId": 1,
            "isEnded": false,
            "start": 1697068800,
            "end": 1725494400,
            "startClaimDate": 1697673600,
            "endClaimDate": 1726099200,
            "closableAt": 1726704000,
            "apr": 0.12296584732236225,
            "tokenPerVoteValue": 0.000375648,
            "tokenPerVoteValueUSD": 0.00068743584,
            "rewardsAvailable": 31.83010142299765,
            "rewardsAvailableUSD": 58.2490856040857,
            "maxRewardPerVote": 0.0003913,
            "maxRewardPerVoteUSD": 0.00068743584,
            "totalVotes": 47471.1385033219
        },
        {
            "id": 172,
            "manager": "0x2234a7c690AF5de948B3a1CcbEa43705E4583D2d",
            "bountyChainId": 1,
            "isEnded": false,
            "start": 1706745600,
            "end": 1725494400,
            "startClaimDate": 1707350400,
            "endClaimDate": 1726099200,
            "closableAt": 1726704000,
            "apr": 0.07152319665364082,
            "tokenPerVoteValue": 0.000218496,
            "tokenPerVoteValueUSD": 0.00039984768,
            "rewardsAvailable": 929.8632184792318,
            "rewardsAvailableUSD": 1701.6496898169944,
            "maxRewardPerVote": 0.0002276,
            "maxRewardPerVoteUSD": 0.00039984768,
            "totalVotes": 169641.0008689725
        },
        {
            "id": 192,
            "manager": "0x2927D7D70943290529Adc517E8E2Dc1eEE7818b6",
            "bountyChainId": 1,
            "isEnded": false,
            "start": 1710979200,
            "end": 1725494400,
            "startClaimDate": 1711584000,
            "endClaimDate": 1726099200,
            "closableAt": 1726704000,
            "apr": 0.0028317753264539293,
            "tokenPerVoteValue": 0.0144,
            "tokenPerVoteValueUSD": 1.583093104810506e-05,
            "rewardsAvailable": 16690.035897516733,
            "rewardsAvailableUSD": 18.348528297499005,
            "maxRewardPerVote": 0.015,
            "maxRewardPerVoteUSD": 1.583093104810506e-05,
            "totalVotes": 185451.45154869114
        },
        {
            "id": 236,
            "manager": "0x1c572Bf5306c086b43f6F91F032296A25B49D920",
            "bountyChainId": 1,
            "isEnded": false,
            "start": 1718841600,
            "end": 1725494400,
            "startClaimDate": 1719446400,
            "endClaimDate": 1726099200,
            "closableAt": 1726704000,
            "apr": 0.14205403002205366,