{
    "0x0000000895cB182E6f983eb4D8b4E0Aa0B31Ae4c": [
        {
            "id": 92,
            "manager": "0xF98bb4943eb8a3eB6234a9f6B1Fa758714381753",
            "bountyChainId": 1,
            "isEnded": false,
            "start": 1689811200,
            "end": 1727913600,
            "startClaimDate": 1690416000,
            "endClaimDate": 1728518400,
            "closableAt": 1729123200,
            "apr": 0.06188478253974195,
            "tokenPerVoteValue": 0.0001531239464463134,
            "tokenPerVoteValueUSD": 0.0002985916955703111,
            "rewardsAvailable": 149.73959193655145,
            "rewardsAvailableUSD": 291.99220427627534,
            "maxRewardPerVote": 0.0007842,
            "maxRewardPerVoteUSD": 0.0014680224,
            "totalVotes": 938782.0232904551
        },
        {
            "id": 93,
            "manager": "0xF98bb4943eb8a3eB6234a9f6B1Fa758714381753",
            "bountyChainId": 1,
            "isEnded": false,
            "start": 1689811200,
            "end": 1727913600,
            "startClaimDate": 1690416000,
            "endClaimDate": 1728518400,
            "closableAt": 1729123200,
            "apr": 0.12001881820193505,
            "tokenPerVoteValue": 0.00029696727267484324,
            "tokenPerVoteValueUSD": 0.0005790861817159443,
            "rewardsAvailable": 132.39268391149935,
            "rewardsAvailableUSD": 258.1657336274237,
            "maxRewardPerVote": 0.0007842,
            "maxRewardPerVoteUSD": 0.0014680224,
            "totalVotes": 427983.10874545755
        },
        {
            "id": 123,
            "manager": "0x12E9D6962CEc231E2b0F8b49cE80e5B6fBF1cEa9",
            "bountyChainId": 1,
            "isEnded": false,
            "start": 1695859200,
            "end": 1730332800,
            "startClaimDate": 1696464000,
            "endClaimDate": 1730937600,
            "closableAt": 1731542400,
            "apr": 0.09469052855653713,
            "tokenPerVoteValue": 0.0018467194618003375,
            "tokenPerVoteValueUSD": 0.0004568781583418856,
            "rewardsAvailable": 26983.18353335421,
            "rewardsAvailableUSD": 6675.636150442454,
            "maxRewardPerVote": 0.02,
            "maxRewardPerVoteUSD": 0.004750077541075167,
            "totalVotes": 14026957.926119857
        },
        {
            "id": 127,
            "manager": "0x8306300ffd616049FD7e4b0354a64Da835c1A81C",
            "bountyChainId": 1,
            "isEnded": false,
            "start": 1695859200,
            "end": 1727913600,
            "startClaimDate": 1696464000,
            "endClaimDate": 1728518400,
            "closableAt": 1729123200,
            "apr": 0.09807640337336271,
            "tokenPerVoteValue": 0.00024267429441390492,
            "tokenPerVoteValueUSD": 0.00047321487410711456,
            "rewardsAvailable": 442.42958868995953,
            "rewardsAvailableUSD": 862.737697945421,
            "maxRewardPerVote": 0.00065,
            "maxRewardPerVoteUSD": 0.0012167999999999999,
            "totalVotes": 1750215.8857334028
        },
        {
            "id": 133,
            "manager": "0x68841bC858B18E10AfF6c2eC67Dbc484B3b47D91",
            "bountyChainId": 1,
            "isEnded": false,
            "start": 1697068800,
            "end": 1730332800,
            "startClaimDate": 1697673600,
            "endClaimDate": 1730937600,
            "closableAt": 1731542400,
            "apr": 0.09446590719499794,
            "tokenPerVoteValue": 0.001842338742353378,
            "tokenPerVoteValueUSD": 0.00045579436891174217,
            "rewardsAvailable": 2289.792023170648,
            "rewardsAvailableUSD": 566.4942532810398,
            "maxRewardPerVote": 0.02,
            "maxRewardPerVoteUSD": 0.004750077541075167,
            "totalVotes": 1193157.5294540413
        },
        {
            "id": 136,
            "manager": "0x2234a7c690AF5de948B3a1CcbEa43705E4583D2d",
            "bountyChainId": 1,
            "isEnded": false,
            "start": 1697068800,
            "end": 1727913600,
            "startClaimDate": 1697673600,
            "endClaimDate": 1728518400,
            "closableAt": 1729123200,
            "apr": 0.15181750033878305,
            "tokenPerVoteValue": 0.00037564799999999997,
            "tokenPerVoteValueUSD": 0.0007325135999999999,
            "rewardsAvailable": 8.99011106384924,
            "rewardsAvailableUSD": 17.530716574506016,
            "maxRewardPerVote": 0.0003913,
            "maxRewardPerVoteUSD": 0.0007325135999999999,
            "totalVotes": 15595.155374726004
        },
        {
            "id": 172,
            "manager": "0x2234a7c690AF5de948B3a1CcbEa43705E4583D2d",
            "bountyChainId": 1,
            "isEnded": false,
            "start": 1706745600,
            "end": 1727913600,
            "startClaimDate": 1707350400,
            "endClaimDate": 1728518400,
            "closableAt": 1729123200,
            "apr": 0.0883047868057936,
            "tokenPerVoteValue": 0.000218496,
            "tokenPerVoteValueUSD": 0.0004260672,
            "rewardsAvailable": 121.58194345701143,
            "rewardsAvailableUSD": 237.0847897411723,
            "maxRewardPerVote": 0.0002276,
            "maxRewardPerVoteUSD": 0.0004260672,
            "totalVotes": 340543.43789459317
        },
        {
            "id": 236,
            "manager": "0x1c572Bf5306c086b43f6F91F032296A25B49D920",
            "bountyChainId": 1,
            "isEnded": false,
            "start": 1718841600,
            "end": 1728518400,
            "startClaimDate": 1719446400,
            "endClaimDate": 1729123200,
            "closableAt": 1729728000,
            "apr": 0.09990884448764956,
            "tokenPerVoteValue": 0.009055251845685062,
            "tokenPerVoteValueUSD": 0.00048205633200504425,
            "rewardsAvailable": 11677.782055934087,
            "rewardsAvailableUSD": 621.6667277476511,
            "maxRewardPerVote": 0.0173605581132833,
            "maxRewardPerVoteUSD": 0.000887221738714211,
            "totalVotes": 1238029.7052741547
        },
        {
            "id": 244,
            "manager": "0xd3Ea7CF0a73D709029988Bf2cb65ACC568f79332",
            "bountyChainId": 1,
            "isEnded": false,
            "start": 1719446400,
            "end": 1728518400,
            "startClaimDate": 1720051200,
            "endClaimDate": 1729123200,
            "closableAt": 1729728000,
            "apr": 0.10722091435594368,
            "tokenPerVoteValue": 0.009717982302735174,
            "tokenPerVoteValueUSD": 0.0005173367878861069,
            "rewardsAvailable": 7751.028182005586,
            "rewardsAvailableUSD": 412.62598526906737,
            "maxRewardPerVote": 0.0173605581132833,
            "maxRewardPerVoteUSD": 0.000887221738714211,
            "totalVotes": 765692.5916227549
        },
        {
            "id": 245,
            "manager": "0xf8AfC5e9AEdA712A05E32F27513cDAa2F67f457B",
            "bountyChainId": 1,
            "isEnded": false,
            "start": 1719446400,
            "end": 1728518400,
            "startClaimDate": 1720051200,
            "endClaimDate": 1729123200,
            "closableAt": 1729728000,
            "apr": 0.12414679169371676,
            "tokenPerVoteValue": 0.011252061520533105,
            "tokenPerVoteValueUSD": 0.0005990034950455798,
            "rewardsAvailable": 11986.469694684123,
            "rewardsAvailableUSD": 638.0997141965092,
            "maxRewardPerVote": 0.0173605581132833,
            "maxRewardPerVoteUSD": 0.000887221738714211,
            "totalVotes": 1022658.0156799189
        },
        {
            "id": 265,
            "manager": "0xFC08757c505eA28709dF66E54870fB6dE09f0C5E",
            "bountyChainId": 1,
            "isEnded": false,
            "start": 1727308800,
            "end": 1727913600,
            "startClaimDate": 1727913600,
            "endClaimDate": 1728518400,