{
    "0x0000000895cB182E6f983eb4D8b4E0Aa0B31Ae4c": [
        {
            "id": 92,
            "manager": "0xF98bb4943eb8a3eB6234a9f6B1Fa758714381753",
            "bountyChainId": 1,
            "isEnded": false,
            "start": 1689811200,
            "end": 1730332800,
            "startClaimDate": 1690416000,
            "endClaimDate": 1730937600,
            "closableAt": 1731542400,
            "apr": 0.20029410817205026,
            "tokenPerVoteValue": 0.0005216994771862803,
            "tokenPerVoteValueUSD": 0.0008921061059885394,
            "rewardsAvailable": 175.29004751777018,
            "rewardsAvailableUSD": 299.745981255387,
            "maxRewardPerVote": 0.0007842,
            "maxRewardPerVoteUSD": 0.0012873427199999999,
            "totalVotes": 322558.202520439
        },
        {
            "id": 93,
            "manager": "0xF98bb4943eb8a3eB6234a9f6B1Fa758714381753",
            "bountyChainId": 1,
            "isEnded": false,
            "start": 1689811200,
            "end": 1730332800,
            "startClaimDate": 1690416000,
            "endClaimDate": 1730937600,
            "closableAt": 1731542400,
            "apr": 0.1338886841304542,
            "tokenPerVoteValue": 0.00034873545282728416,
            "tokenPerVoteValueUSD": 0.0005963376243346559,
            "rewardsAvailable": 231.50570220623172,
            "rewardsAvailableUSD": 395.8747507726562,
            "maxRewardPerVote": 0.0007842,
            "maxRewardPerVoteUSD": 0.0012873427199999999,
            "totalVotes": 637289.5910529993
        },
        {
            "id": 123,
            "manager": "0x12E9D6962CEc231E2b0F8b49cE80e5B6fBF1cEa9",
            "bountyChainId": 1,
            "isEnded": false,
            "start": 1695859200,
            "end": 1732752000,
            "startClaimDate": 1696464000,
            "endClaimDate": 1733356800,
            "closableAt": 1733961600,
            "apr": 0.14751665449048212,
            "tokenPerVoteValue": 0.0027557260472345657,
            "tokenPerVoteValueUSD": 0.0006570363422418673,
            "rewardsAvailable": 24717.798384362464,
            "rewardsAvailableUSD": 5893.362242967205,
            "maxRewardPerVote": 0.02,
            "maxRewardPerVoteUSD": 0.004577776438882012,
            "totalVotes": 8610829.248720368
        },
        {
            "id": 127,
            "manager": "0x8306300ffd616049FD7e4b0354a64Da835c1A81C",
            "bountyChainId": 1,
            "isEnded": false,
            "start": 1695859200,
            "end": 1730332800,
            "startClaimDate": 1696464000,
            "endClaimDate": 1730937600,
            "closableAt": 1731542400,
            "apr": 0.13238683649460722,
            "tokenPerVoteValue": 0.00034482363967618644,
            "tokenPerVoteValueUSD": 0.0005896484238462788,
            "rewardsAvailable": 546.5905863418192,
            "rewardsAvailableUSD": 934.6699026445108,
            "maxRewardPerVote": 0.00065,
            "maxRewardPerVoteUSD": 0.0010670399999999998,
            "totalVotes": 1521725.608432478
        },
        {
            "id": 133,
            "manager": "0x68841bC858B18E10AfF6c2eC67Dbc484B3b47D91",
            "bountyChainId": 1,
            "isEnded": false,
            "start": 1697068800,
            "end": 1732752000,
            "startClaimDate": 1697673600,
            "endClaimDate": 1733356800,
            "closableAt": 1733961600,
            "apr": 0.08635855132023229,
            "tokenPerVoteValue": 0.0016132450271231019,
            "tokenPerVoteValueUSD": 0.00038463932683894305,
            "rewardsAvailable": 1890.256993999963,
            "rewardsAvailableUSD": 450.6861422169253,
            "maxRewardPerVote": 0.02,
            "maxRewardPerVoteUSD": 0.004577776438882012,
            "totalVotes": 1124842.5897682896
        },
        {
            "id": 136,
            "manager": "0x2234a7c690AF5de948B3a1CcbEa43705E4583D2d",
            "bountyChainId": 1,
            "isEnded": false,
            "start": 1697068800,
            "end": 1730332800,
            "startClaimDate": 1697673600,
            "endClaimDate": 1730937600,
            "closableAt": 1731542400,
            "apr": 0.14422111663291698,
            "tokenPerVoteValue": 0.000375648,
            "tokenPerVoteValueUSD": 0.00064235808,
            "rewardsAvailable": 8.200526364670264,
            "rewardsAvailableUSD": 14.022900083586151,
            "maxRewardPerVote": 0.0003913,
            "maxRewardPerVoteUSD": 0.00064235808,
            "totalVotes": 5772.193774416224
        },
        {
            "id": 172,
            "manager": "0x2234a7c690AF5de948B3a1CcbEa43705E4583D2d",
            "bountyChainId": 1,
            "isEnded": false,
            "start": 1706745600,
            "end": 1730332800,
            "startClaimDate": 1707350400,
            "endClaimDate": 1730937600,
            "closableAt": 1731542400,
            "apr": 0.0838863433315919,
            "tokenPerVoteValue": 0.000218496,
            "tokenPerVoteValueUSD": 0.00037362816,
            "rewardsAvailable": 97.08140551867903,
            "rewardsAvailableUSD": 166.00920343694114,
            "maxRewardPerVote": 0.0002276,
            "maxRewardPerVoteUSD": 0.00037362816,
            "totalVotes": 63292.346045022954
        },
        {
            "id": 236,
            "manager": "0x1c572Bf5306c086b43f6F91F032296A25B49D920",
            "bountyChainId": 1,
            "isEnded": false,
            "start": 1718841600,
            "end": 1730937600,
            "startClaimDate": 1719446400,
            "endClaimDate": 1731542400,
            "closableAt": 1732147200,
            "apr": 0.1771922535358215,
            "tokenPerVoteValue": 0.027329347675105628,
            "tokenPerVoteValueUSD": 0.0007892108897052118,
            "rewardsAvailable": 10479.339874019459,
            "rewardsAvailableUSD": 302.62007142716163,
            "maxRewardPerVote": 0.028468070494901698,
            "maxRewardPerVoteUSD": 0.0007892108897052118,
            "totalVotes": 290146.4480213104
        },
        {
            "id": 244,
            "manager": "0xd3Ea7CF0a73D709029988Bf2cb65ACC568f79332",
            "bountyChainId": 1,
            "isEnded": false,
            "start": 1719446400,
            "end": 1730937600,
            "startClaimDate": 1720051200,
            "endClaimDate": 1731542400,
            "closableAt": 1732147200,
            "apr": 0.1771922535358215,
            "tokenPerVoteValue": 0.027329347675105628,
            "tokenPerVoteValueUSD": 0.0007892108897052118,
            "rewardsAvailable": 6185.425248115623,
            "rewardsAvailableUSD": 178.62134952152837,
            "maxRewardPerVote": 0.028468070494901698,
            "maxRewardPerVoteUSD": 0.0007892108897052118,
            "totalVotes": 119502.54960750457
        },
        {
            "id": 245,
            "manager": "0xf8AfC5e9AEdA712A05E32F27513cDAa2F67f457B",
            "bountyChainId": 1,
            "isEnded": false,
            "start": 1719446400,
            "end": 1730937600,
            "startClaimDate": 1720051200,
            "endClaimDate": 1731542400,
            "closableAt": 1732147200,
            "apr": 0.10288448430167194,
            "tokenPerVoteValue": 0.015868446761900388,
            "tokenPerVoteValueUSD": 0.0004582455145318718,
            "rewardsAvailable": 10496.115333099959,
            "rewardsAvailableUSD": 303.1045094438873,
            "maxRewardPerVote": 0.028468070494901698,
            "maxRewardPerVoteUSD": 0.0007892108897052118,
            "totalVotes": 634987.8391355069
        },
        {
            "id": 267,
            "manager": "0xFC08757c505eA28709dF66E54870fB6dE09f0C5E",
            "bountyChainId": 1,
            "isEnded": false,
            "start": 1729728000,
            "end": 1730332800,
            "startClaimDate": 1730332800,
            "endClaimDate": 1730937600,