{
    "0x0000000895cB182E6f983eb4D8b4E0Aa0B31Ae4c": [
        {
            "id": 92,
            "manager": "0xF98bb4943eb8a3eB6234a9f6B1Fa758714381753",
            "bountyChainId": 1,
            "isEnded": false,
            "start": 1689811200,
            "end": 1727913600,
            "startClaimDate": 1690416000,
            "endClaimDate": 1728518400,
            "closableAt": 1729123200,
            "apr": 0.0816743306112556,
            "tokenPerVoteValue": 0.00020817615245197373,
            "tokenPerVoteValueUSD": 0.0004621510584433817,
            "rewardsAvailable": 149.73959193655145,
            "rewardsAvailableUSD": 332.42189409914425,
            "maxRewardPerVote": 0.0007842,
            "maxRewardPerVoteUSD": 0.0016712870399999999,
            "totalVotes": 690521.0158125702
        },
        {
            "id": 93,
            "manager": "0xF98bb4943eb8a3eB6234a9f6B1Fa758714381753",
            "bountyChainId": 1,
            "isEnded": false,
            "start": 1689811200,
            "end": 1727913600,
            "startClaimDate": 1690416000,
            "endClaimDate": 1728518400,
            "closableAt": 1729123200,
            "apr": 0.08647532849719049,
            "tokenPerVoteValue": 0.00022041320735458533,
            "tokenPerVoteValueUSD": 0.0004893173203271795,
            "rewardsAvailable": 132.39268391149938,
            "rewardsAvailableUSD": 293.9117582835286,
            "maxRewardPerVote": 0.0007842,
            "maxRewardPerVoteUSD": 0.0016712870399999999,
            "totalVotes": 576630.4936100071
        },
        {
            "id": 123,
            "manager": "0x12E9D6962CEc231E2b0F8b49cE80e5B6fBF1cEa9",
            "bountyChainId": 1,
            "isEnded": false,
            "start": 1695859200,
            "end": 1730332800,
            "startClaimDate": 1696464000,
            "endClaimDate": 1730937600,
            "closableAt": 1731542400,
            "apr": 0.09200237372645478,
            "tokenPerVoteValue": 0.0019250535565563899,
            "tokenPerVoteValueUSD": 0.0005205918931783088,
            "rewardsAvailable": 27542.181467223774,
            "rewardsAvailableUSD": 7448.227267989026,
            "maxRewardPerVote": 0.02,
            "maxRewardPerVoteUSD": 0.0051922526077163396,
            "totalVotes": 13734939.53894592
        },
        {
            "id": 124,
            "manager": "0xfCBa6dC55c4b36943cF6C69f2c23b345350d520E",
            "bountyChainId": 1,
            "isEnded": true,
            "start": 1695859200,
            "end": 1726704000,
            "startClaimDate": 1696464000,
            "endClaimDate": 1727308800,
            "closableAt": 1727913600,
            "apr": 0,
            "tokenPerVoteValue": 0.0,
            "tokenPerVoteValueUSD": 0.0,
            "rewardsAvailable": 0,
            "rewardsAvailableUSD": 0,
            "maxRewardPerVote": 0.02,
            "maxRewardPerVoteUSD": 0.0051922526077163396,
            "totalVotes": 3178461.631807695
        },
        {
            "id": 125,
            "manager": "0xF78f606db249B27cb835Bec41f9957fCe2308f5e",
            "bountyChainId": 1,
            "isEnded": true,
            "start": 1695859200,
            "end": 1726704000,
            "startClaimDate": 1696464000,
            "endClaimDate": 1727308800,
            "closableAt": 1727913600,
            "apr": 0,
            "tokenPerVoteValue": 0.0,
            "tokenPerVoteValueUSD": 0.0,
            "rewardsAvailable": 0,
            "rewardsAvailableUSD": 0,
            "maxRewardPerVote": 0.02,
            "maxRewardPerVoteUSD": 0.0051922526077163396,
            "totalVotes": 472831.70368522516
        },
        {
            "id": 127,
            "manager": "0x8306300ffd616049FD7e4b0354a64Da835c1A81C",
            "bountyChainId": 1,
            "isEnded": false,
            "start": 1695859200,
            "end": 1727913600,
            "startClaimDate": 1696464000,
            "endClaimDate": 1728518400,
            "closableAt": 1729123200,
            "apr": 0.07327697121996322,
            "tokenPerVoteValue": 0.0001867724879743761,
            "tokenPerVoteValueUSD": 0.000414634923303115,
            "rewardsAvailable": 442.4295886899596,
            "rewardsAvailableUSD": 982.1936868917104,
            "maxRewardPerVote": 0.00065,
            "maxRewardPerVoteUSD": 0.00138528,
            "totalVotes": 2274063.0044004745
        },
        {
            "id": 133,
            "manager": "0x68841bC858B18E10AfF6c2eC67Dbc484B3b47D91",
            "bountyChainId": 1,
            "isEnded": false,
            "start": 1697068800,
            "end": 1730332800,
            "startClaimDate": 1697673600,
            "endClaimDate": 1730937600,
            "closableAt": 1731542400,
            "apr": 0.08847409267856737,
            "tokenPerVoteValue": 0.0018512279615781467,
            "tokenPerVoteValueUSD": 0.000500627250571955,
            "rewardsAvailable": 2322.171878753269,
            "rewardsAvailableUSD": 627.9845308865736,
            "maxRewardPerVote": 0.02,
            "maxRewardPerVoteUSD": 0.0051922526077163396,
            "totalVotes": 1204219.6044309437
        },
        {
            "id": 136,
            "manager": "0x2234a7c690AF5de948B3a1CcbEa43705E4583D2d",
            "bountyChainId": 1,
            "isEnded": false,
            "start": 1697068800,
            "end": 1727913600,
            "startClaimDate": 1697673600,
            "endClaimDate": 1728518400,
            "closableAt": 1729123200,
            "apr": 0.00960222532409084,
            "tokenPerVoteValue": 2.4474694900905132e-05,
            "tokenPerVoteValueUSD": 5.43338226800094e-05,
            "rewardsAvailable": 4.49505553192462,
            "rewardsAvailableUSD": 9.979023280872656,
            "maxRewardPerVote": 0.0003913,
            "maxRewardPerVoteUSD": 0.0008339385600000001,
            "totalVotes": 176314.89700360052
        },
        {
            "id": 172,
            "manager": "0x2234a7c690AF5de948B3a1CcbEa43705E4583D2d",
            "bountyChainId": 1,
            "isEnded": false,
            "start": 1706745600,
            "end": 1727913600,
            "startClaimDate": 1707350400,
            "endClaimDate": 1728518400,
            "closableAt": 1729123200,
            "apr": 0.024236531834707097,
            "tokenPerVoteValue": 6.17754428884634e-05,
            "tokenPerVoteValueUSD": 0.00013714148321238874,
            "rewardsAvailable": 121.58194345701143,
            "rewardsAvailableUSD": 269.91191447456544,
            "maxRewardPerVote": 0.0002276,
            "maxRewardPerVoteUSD": 0.00048506112000000007,
            "totalVotes": 1889402.3298136198
        },
        {
            "id": 236,
            "manager": "0x1c572Bf5306c086b43f6F91F032296A25B49D920",
            "bountyChainId": 1,
            "isEnded": false,
            "start": 1718841600,
            "end": 1727913600,
            "startClaimDate": 1719446400,
            "endClaimDate": 1728518400,
            "closableAt": 1729123200,
            "apr": 0.06697170525593693,
            "tokenPerVoteValue": 0.005645875632900308,
            "tokenPerVoteValueUSD": 0.0003789568183559016,
            "rewardsAvailable": 12967.335818846675,
            "rewardsAvailableUSD": 870.3805474968077,
            "maxRewardPerVote": 0.016050064484440674,
            "maxRewardPerVoteUSD": 0.0010342045231297367,
            "totalVotes": 2204909.06911775
        },
        {
            "id": 244,
            "manager": "0xd3Ea7CF0a73D709029988Bf2cb65ACC568f79332",
            "bountyChainId": 1,
            "isEnded": false,
            "start": 1719446400,
            "end": 1727913600,
            "startClaimDate": 1720051200,
            "endClaimDate": 1728518400,
            "closableAt": 1729123200,
            "apr": 0.055811292104643966,
            "tokenPerVoteValue": 0.004705025994636105,