{
    "0x0000000895cB182E6f983eb4D8b4E0Aa0B31Ae4c": [
        {
            "id": 92,
            "manager": "0xF98bb4943eb8a3eB6234a9f6B1Fa758714381753",
            "bountyChainId": 1,
            "isEnded": false,
            "start": 1689811200,
            "end": 1729123200,
            "startClaimDate": 1690416000,
            "endClaimDate": 1729728000,
            "closableAt": 1730332800,
            "apr": 0.30950980182872595,
            "tokenPerVoteValue": 0.0007528319999999999,
            "tokenPerVoteValueUSD": 0.0015056639999999999,
            "rewardsAvailable": 184.34303626835268,
            "rewardsAvailableUSD": 368.68607253670535,
            "maxRewardPerVote": 0.0007842,
            "maxRewardPerVoteUSD": 0.0015056639999999999,
            "totalVotes": 173475.54746783964
        },
        {
            "id": 93,
            "manager": "0xF98bb4943eb8a3eB6234a9f6B1Fa758714381753",
            "bountyChainId": 1,
            "isEnded": false,
            "start": 1689811200,
            "end": 1729123200,
            "startClaimDate": 1690416000,
            "endClaimDate": 1729728000,
            "closableAt": 1730332800,
            "apr": 0.07163394893527557,
            "tokenPerVoteValue": 0.00017423787138955878,
            "tokenPerVoteValueUSD": 0.00034847574277911756,
            "rewardsAvailable": 178.7699717737408,
            "rewardsAvailableUSD": 357.5399435474816,
            "maxRewardPerVote": 0.0007842,
            "maxRewardPerVoteUSD": 0.0015056639999999999,
            "totalVotes": 984970.5551044482
        },
        {
            "id": 123,
            "manager": "0x12E9D6962CEc231E2b0F8b49cE80e5B6fBF1cEa9",
            "bountyChainId": 1,
            "isEnded": false,
            "start": 1695859200,
            "end": 1731542400,
            "startClaimDate": 1696464000,
            "endClaimDate": 1732147200,
            "closableAt": 1732752000,
            "apr": 0.11846967255712228,
            "tokenPerVoteValue": 0.0022382716347844884,
            "tokenPerVoteValueUSD": 0.0005763162265205254,
            "rewardsAvailable": 25406.38148905856,
            "rewardsAvailableUSD": 6541.703733257993,
            "maxRewardPerVote": 0.02,
            "maxRewardPerVoteUSD": 0.004943667862841636,
            "totalVotes": 10896857.13318018
        },
        {
            "id": 127,
            "manager": "0x8306300ffd616049FD7e4b0354a64Da835c1A81C",
            "bountyChainId": 1,
            "isEnded": false,
            "start": 1695859200,
            "end": 1729123200,
            "startClaimDate": 1696464000,
            "endClaimDate": 1729728000,
            "closableAt": 1730332800,
            "apr": 0.11410384119838207,
            "tokenPerVoteValue": 0.00027753894212563773,
            "tokenPerVoteValueUSD": 0.0005550778842512755,
            "rewardsAvailable": 521.3460626146107,
            "rewardsAvailableUSD": 1042.6921252292213,
            "maxRewardPerVote": 0.00065,
            "maxRewardPerVoteUSD": 0.001248,
            "totalVotes": 1803322.5041387558
        },
        {
            "id": 133,
            "manager": "0x68841bC858B18E10AfF6c2eC67Dbc484B3b47D91",
            "bountyChainId": 1,
            "isEnded": false,
            "start": 1697068800,
            "end": 1731542400,
            "startClaimDate": 1697673600,
            "endClaimDate": 1732147200,
            "closableAt": 1732752000,
            "apr": 0.08521222565878825,
            "tokenPerVoteValue": 0.0016099319219183095,
            "tokenPerVoteValueUSD": 0.00041452961998700094,
            "rewardsAvailable": 1966.9457448831577,
            "rewardsAvailableUSD": 506.4545034860402,
            "maxRewardPerVote": 0.02,
            "maxRewardPerVoteUSD": 0.004943667862841636,
            "totalVotes": 1172886.8092992848
        },
        {
            "id": 136,
            "manager": "0x2234a7c690AF5de948B3a1CcbEa43705E4583D2d",
            "bountyChainId": 1,
            "isEnded": false,
            "start": 1697068800,
            "end": 1729123200,
            "startClaimDate": 1697673600,
            "endClaimDate": 1729728000,
            "closableAt": 1730332800,
            "apr": 0.15443915513335943,
            "tokenPerVoteValue": 0.000375648,
            "tokenPerVoteValueUSD": 0.000751296,
            "rewardsAvailable": 6.054451965332893,
            "rewardsAvailableUSD": 12.108903930665786,
            "maxRewardPerVote": 0.0003913,
            "maxRewardPerVoteUSD": 0.000751296,
            "totalVotes": 10587.678854578257
        },
        {
            "id": 172,
            "manager": "0x2234a7c690AF5de948B3a1CcbEa43705E4583D2d",
            "bountyChainId": 1,
            "isEnded": false,
            "start": 1706745600,
            "end": 1729123200,
            "startClaimDate": 1707350400,
            "endClaimDate": 1729728000,
            "closableAt": 1730332800,
            "apr": 0.08982967469550884,
            "tokenPerVoteValue": 0.000218496,
            "tokenPerVoteValueUSD": 0.000436992,
            "rewardsAvailable": 109.24222901950053,
            "rewardsAvailableUSD": 218.48445803900105,
            "maxRewardPerVote": 0.0002276,
            "maxRewardPerVoteUSD": 0.000436992,
            "totalVotes": 278020.2172123281
        },
        {
            "id": 236,
            "manager": "0x1c572Bf5306c086b43f6F91F032296A25B49D920",
            "bountyChainId": 1,
            "isEnded": false,
            "start": 1718841600,
            "end": 1729728000,
            "startClaimDate": 1719446400,
            "endClaimDate": 1730332800,
            "closableAt": 1730937600,
            "apr": 0.055542835141420444,
            "tokenPerVoteValue": 0.009621970708953065,
            "tokenPerVoteValueUSD": 0.000270197734728445,
            "rewardsAvailable": 10545.84744274805,
            "rewardsAvailableUSD": 296.14142216946414,
            "maxRewardPerVote": 0.02355728805080312,
            "maxRewardPerVoteUSD": 0.0006350591804732728,
            "totalVotes": 1052176.7163163282
        },
        {
            "id": 244,
            "manager": "0xd3Ea7CF0a73D709029988Bf2cb65ACC568f79332",
            "bountyChainId": 1,
            "isEnded": false,
            "start": 1719446400,
            "end": 1729728000,
            "startClaimDate": 1720051200,
            "endClaimDate": 1730332800,
            "closableAt": 1730937600,
            "apr": 0.06451533041521854,
            "tokenPerVoteValue": 0.011176322165642084,
            "tokenPerVoteValueUSD": 0.00031384599091971004,
            "rewardsAvailable": 7595.708573665181,
            "rewardsAvailableUSD": 213.29759904092126,
            "maxRewardPerVote": 0.02355728805080312,
            "maxRewardPerVoteUSD": 0.0006350591804732728,
            "totalVotes": 652440.0534135507
        },
        {
            "id": 245,
            "manager": "0xf8AfC5e9AEdA712A05E32F27513cDAa2F67f457B",
            "bountyChainId": 1,
            "isEnded": false,
            "start": 1719446400,
            "end": 1729728000,
            "startClaimDate": 1720051200,
            "endClaimDate": 1730332800,
            "closableAt": 1730937600,
            "apr": 0.04680506257677793,
            "tokenPerVoteValue": 0.008108281473169237,
            "tokenPerVoteValueUSD": 0.0002276913277809515,
            "rewardsAvailable": 11485.05378827047,
            "rewardsAvailableUSD": 322.51558549617323,
            "maxRewardPerVote": 0.02355728805080312,
            "maxRewardPerVoteUSD": 0.0006350591804732728,
            "totalVotes": 1359801.293680314
        },
        {
            "id": 266,
            "manager": "0xFC08757c505eA28709dF66E54870fB6dE09f0C5E",
            "bountyChainId": 1,
            "isEnded": false,
            "start": 1728518400,
            "end": 1729123200,
            "startClaimDate": 1729123200,
            "endClaimDate": 1729728000,
            "closableAt": 1730332800,