{
    "0x0000000895cB182E6f983eb4D8b4E0Aa0B31Ae4c": [
        {
            "id": 92,
            "manager": "0xF98bb4943eb8a3eB6234a9f6B1Fa758714381753",
            "bountyChainId": 1,
            "isEnded": false,
            "start": 1689811200,
            "end": 1729123200,
            "startClaimDate": 1690416000,
            "endClaimDate": 1729728000,
            "closableAt": 1730332800,
            "apr": 0.08250645656380355,
            "tokenPerVoteValue": 0.00019206196924712949,
            "tokenPerVoteValueUSD": 0.0004302188111135701,
            "rewardsAvailable": 184.34303626835268,
            "rewardsAvailableUSD": 412.92840124111,
            "maxRewardPerVote": 0.0007842,
            "maxRewardPerVoteUSD": 0.0016863436800000002,
            "totalVotes": 921417.787765724
        },
        {
            "id": 93,
            "manager": "0xF98bb4943eb8a3eB6234a9f6B1Fa758714381753",
            "bountyChainId": 1,
            "isEnded": false,
            "start": 1689811200,
            "end": 1729123200,
            "startClaimDate": 1690416000,
            "endClaimDate": 1729728000,
            "closableAt": 1730332800,
            "apr": 0.07484953644870056,
            "tokenPerVoteValue": 0.00017423787138955878,
            "tokenPerVoteValueUSD": 0.0003902928319126117,
            "rewardsAvailable": 178.7699717737408,
            "rewardsAvailableUSD": 400.4447367731794,
            "maxRewardPerVote": 0.0007842,
            "maxRewardPerVoteUSD": 0.0016863436800000002,
            "totalVotes": 984970.5551044482
        },
        {
            "id": 123,
            "manager": "0x12E9D6962CEc231E2b0F8b49cE80e5B6fBF1cEa9",
            "bountyChainId": 1,
            "isEnded": false,
            "start": 1695859200,
            "end": 1731542400,
            "startClaimDate": 1696464000,
            "endClaimDate": 1732147200,
            "closableAt": 1732752000,
            "apr": 0.11325537385780345,
            "tokenPerVoteValue": 0.0022341343379881752,
            "tokenPerVoteValueUSD": 0.0005905549010658045,
            "rewardsAvailable": 25406.38148905856,
            "rewardsAvailableUSD": 6715.739000825686,
            "maxRewardPerVote": 0.02,
            "maxRewardPerVoteUSD": 0.005075189037501584,
            "totalVotes": 10917036.551821401
        },
        {
            "id": 127,
            "manager": "0x8306300ffd616049FD7e4b0354a64Da835c1A81C",
            "bountyChainId": 1,
            "isEnded": false,
            "start": 1695859200,
            "end": 1729123200,
            "startClaimDate": 1696464000,
            "endClaimDate": 1729728000,
            "closableAt": 1730332800,
            "apr": 0.11922586633373884,
            "tokenPerVoteValue": 0.00027753894212563773,
            "tokenPerVoteValueUSD": 0.0006216872303614286,
            "rewardsAvailable": 521.3460626146107,
            "rewardsAvailableUSD": 1167.8151802567281,
            "maxRewardPerVote": 0.00065,
            "maxRewardPerVoteUSD": 0.00139776,
            "totalVotes": 1803322.5041387558
        },
        {
            "id": 133,
            "manager": "0x68841bC858B18E10AfF6c2eC67Dbc484B3b47D91",
            "bountyChainId": 1,
            "isEnded": false,
            "start": 1697068800,
            "end": 1731542400,
            "startClaimDate": 1697673600,
            "endClaimDate": 1732147200,
            "closableAt": 1732752000,
            "apr": 0.08161256850233115,
            "tokenPerVoteValue": 0.0016099319219183095,
            "tokenPerVoteValueUSD": 0.0004255577521481073,
            "rewardsAvailable": 1966.9457448831577,
            "rewardsAvailableUSD": 519.9282021766348,
            "maxRewardPerVote": 0.02,
            "maxRewardPerVoteUSD": 0.005075189037501584,
            "totalVotes": 1172886.8092992848
        },
        {
            "id": 136,
            "manager": "0x2234a7c690AF5de948B3a1CcbEa43705E4583D2d",
            "bountyChainId": 1,
            "isEnded": false,
            "start": 1697068800,
            "end": 1729123200,
            "startClaimDate": 1697673600,
            "endClaimDate": 1729728000,
            "closableAt": 1730332800,
            "apr": 0.16137179847094013,
            "tokenPerVoteValue": 0.0003756480000000001,
            "tokenPerVoteValueUSD": 0.0008414515200000002,
            "rewardsAvailable": 6.054451965332893,
            "rewardsAvailableUSD": 13.561972402345681,
            "maxRewardPerVote": 0.0003913,
            "maxRewardPerVoteUSD": 0.0008414515200000002,
            "totalVotes": 10587.678854578257
        },
        {
            "id": 172,
            "manager": "0x2234a7c690AF5de948B3a1CcbEa43705E4583D2d",
            "bountyChainId": 1,
            "isEnded": false,
            "start": 1706745600,
            "end": 1729123200,
            "startClaimDate": 1707350400,
            "endClaimDate": 1729728000,
            "closableAt": 1730332800,
            "apr": 0.09386205298233062,
            "tokenPerVoteValue": 0.00021849600000000002,
            "tokenPerVoteValueUSD": 0.0004894310400000001,
            "rewardsAvailable": 109.24222901950053,
            "rewardsAvailableUSD": 244.70259300368122,
            "maxRewardPerVote": 0.0002276,
            "maxRewardPerVoteUSD": 0.0004894310400000001,
            "totalVotes": 278020.2172123281
        },
        {
            "id": 236,
            "manager": "0x1c572Bf5306c086b43f6F91F032296A25B49D920",
            "bountyChainId": 1,
            "isEnded": false,
            "start": 1718841600,
            "end": 1729728000,
            "startClaimDate": 1719446400,
            "endClaimDate": 1730332800,
            "closableAt": 1730937600,
            "apr": 0.06662294008674265,
            "tokenPerVoteValue": 0.009895595320297507,
            "tokenPerVoteValueUSD": 0.00034739635260961553,
            "rewardsAvailable": 10845.744781360267,
            "rewardsAvailableUSD": 380.7524516135985,
            "maxRewardPerVote": 0.02355728805080312,
            "maxRewardPerVoteUSD": 0.0007939256865384791,
            "totalVotes": 1052176.7163163282
        },
        {
            "id": 244,
            "manager": "0xd3Ea7CF0a73D709029988Bf2cb65ACC568f79332",
            "bountyChainId": 1,
            "isEnded": false,
            "start": 1719446400,
            "end": 1729728000,
            "startClaimDate": 1720051200,
            "endClaimDate": 1730332800,
            "closableAt": 1730937600,
            "apr": 0.07524554288355034,
            "tokenPerVoteValue": 0.011176322165642084,
            "tokenPerVoteValueUSD": 0.00039235775415857746,
            "rewardsAvailable": 7595.708573665181,
            "rewardsAvailableUSD": 266.6561605004616,
            "maxRewardPerVote": 0.02355728805080312,
            "maxRewardPerVoteUSD": 0.0007939256865384791,
            "totalVotes": 652440.0534135507
        },
        {
            "id": 245,
            "manager": "0xf8AfC5e9AEdA712A05E32F27513cDAa2F67f457B",
            "bountyChainId": 1,
            "isEnded": false,
            "start": 1719446400,
            "end": 1729728000,
            "startClaimDate": 1720051200,
            "endClaimDate": 1730332800,
            "closableAt": 1730937600,
            "apr": 0.05778634387745354,
            "tokenPerVoteValue": 0.008583083744222522,
            "tokenPerVoteValueUSD": 0.00030131911121807493,
            "rewardsAvailable": 12157.59206162527,
            "rewardsAvailableUSD": 426.80637213014654,
            "maxRewardPerVote": 0.02355728805080312,
            "maxRewardPerVoteUSD": 0.0007939256865384791,
            "totalVotes": 1359801.293680314
        },
        {
            "id": 266,
            "manager": "0xFC08757c505eA28709dF66E54870fB6dE09f0C5E",
            "bountyChainId": 1,
            "isEnded": false,
            "start": 1728518400,
            "end": 1729123200,
            "startClaimDate": 1729123200,