{
    "0x0000000895cB182E6f983eb4D8b4E0Aa0B31Ae4c": [
        {
            "id": 92,
            "manager": "0xF98bb4943eb8a3eB6234a9f6B1Fa758714381753",
            "bountyChainId": 1,
            "isEnded": true,
            "start": 1689811200,
            "end": 1724284800,
            "startClaimDate": 1690416000,
            "endClaimDate": 1724889600,
            "closableAt": 1725494400,
            "apr": 0,
            "tokenPerVoteValue": 0.0,
            "tokenPerVoteValueUSD": 0.0,
            "rewardsAvailable": 0,
            "rewardsAvailableUSD": 0,
            "maxRewardPerVote": 0.0007842,
            "maxRewardPerVoteUSD": 0.00147555072,
            "totalVotes": 827228.9627617607
        },
        {
            "id": 93,
            "manager": "0xF98bb4943eb8a3eB6234a9f6B1Fa758714381753",
            "bountyChainId": 1,
            "isEnded": true,
            "start": 1689811200,
            "end": 1724284800,
            "startClaimDate": 1690416000,
            "endClaimDate": 1724889600,
            "closableAt": 1725494400,
            "apr": 0,
            "tokenPerVoteValue": 0.0,
            "tokenPerVoteValueUSD": 0.0,
            "rewardsAvailable": 0,
            "rewardsAvailableUSD": 0,
            "maxRewardPerVote": 0.0007842,
            "maxRewardPerVoteUSD": 0.00147555072,
            "totalVotes": 585368.1359159282
        },
        {
            "id": 123,
            "manager": "0x12E9D6962CEc231E2b0F8b49cE80e5B6fBF1cEa9",
            "bountyChainId": 1,
            "isEnded": false,
            "start": 1695859200,
            "end": 1726704000,
            "startClaimDate": 1696464000,
            "endClaimDate": 1727308800,
            "closableAt": 1727913600,
            "apr": 0.14392315490090046,
            "tokenPerVoteValue": 0.002989205053283421,
            "tokenPerVoteValueUSD": 0.0008345605557167023,
            "rewardsAvailable": 37910.57618005891,
            "rewardsAvailableUSD": 10584.309527249592,
            "maxRewardPerVote": 0.02,
            "maxRewardPerVoteUSD": 0.005360476241721852,
            "totalVotes": 12175194.569833964
        },
        {
            "id": 124,
            "manager": "0xfCBa6dC55c4b36943cF6C69f2c23b345350d520E",
            "bountyChainId": 1,
            "isEnded": false,
            "start": 1695859200,
            "end": 1726704000,
            "startClaimDate": 1696464000,
            "endClaimDate": 1727308800,
            "closableAt": 1727913600,
            "apr": 0.16108361792662523,
            "tokenPerVoteValue": 0.003345618465902817,
            "tokenPerVoteValueUSD": 0.0009340681406426023,
            "rewardsAvailable": 5138.373077210789,
            "rewardsAvailableUSD": 1434.5899375776896,
            "maxRewardPerVote": 0.02,
            "maxRewardPerVoteUSD": 0.005360476241721852,
            "totalVotes": 1474417.422188405
        },
        {
            "id": 125,
            "manager": "0xF78f606db249B27cb835Bec41f9957fCe2308f5e",
            "bountyChainId": 1,
            "isEnded": false,
            "start": 1695859200,
            "end": 1726704000,
            "startClaimDate": 1696464000,
            "endClaimDate": 1727308800,
            "closableAt": 1727913600,
            "apr": 0.1851764456412233,
            "tokenPerVoteValue": 0.003846013293975841,
            "tokenPerVoteValueUSD": 0.0010737741087345782,
            "rewardsAvailable": 1112.3448882823234,
            "rewardsAvailableUSD": 310.55720553323664,
            "maxRewardPerVote": 0.02,
            "maxRewardPerVoteUSD": 0.005360476241721852,
            "totalVotes": 277651.43048872106
        },
        {
            "id": 127,
            "manager": "0x8306300ffd616049FD7e4b0354a64Da835c1A81C",
            "bountyChainId": 1,
            "isEnded": true,
            "start": 1695859200,
            "end": 1724284800,
            "startClaimDate": 1696464000,
            "endClaimDate": 1724889600,
            "closableAt": 1725494400,
            "apr": 0,
            "tokenPerVoteValue": 0.0,
            "tokenPerVoteValueUSD": 0.0,
            "rewardsAvailable": 0,
            "rewardsAvailableUSD": 0,
            "maxRewardPerVote": 0.00065,
            "maxRewardPerVoteUSD": 0.0012230399999999999,
            "totalVotes": 1616521.8995803962
        },
        {
            "id": 133,
            "manager": "0x68841bC858B18E10AfF6c2eC67Dbc484B3b47D91",
            "bountyChainId": 1,
            "isEnded": false,
            "start": 1697068800,
            "end": 1726704000,
            "startClaimDate": 1697673600,
            "endClaimDate": 1727308800,
            "closableAt": 1727913600,
            "apr": 0.11290326460692167,
            "tokenPerVoteValue": 0.00234493893166522,
            "tokenPerVoteValueUSD": 0.0006546869495562519,
            "rewardsAvailable": 2602.323816486705,
            "rewardsAvailableUSD": 726.5466141429125,
            "maxRewardPerVote": 0.02,
            "maxRewardPerVoteUSD": 0.005360476241721852,
            "totalVotes": 1065371.3962832962
        },
        {
            "id": 136,
            "manager": "0x2234a7c690AF5de948B3a1CcbEa43705E4583D2d",
            "bountyChainId": 1,
            "isEnded": true,
            "start": 1697068800,
            "end": 1724284800,
            "startClaimDate": 1697673600,
            "endClaimDate": 1724889600,
            "closableAt": 1725494400,
            "apr": 0,
            "tokenPerVoteValue": 0.0,
            "tokenPerVoteValueUSD": 0.0,
            "rewardsAvailable": 0,
            "rewardsAvailableUSD": 0,
            "maxRewardPerVote": 0.0003913,
            "maxRewardPerVoteUSD": 0.00073627008,
            "totalVotes": 47471.1385033219
        },
        {
            "id": 172,
            "manager": "0x2234a7c690AF5de948B3a1CcbEa43705E4583D2d",
            "bountyChainId": 1,
            "isEnded": true,
            "start": 1706745600,
            "end": 1724284800,
            "startClaimDate": 1707350400,
            "endClaimDate": 1724889600,
            "closableAt": 1725494400,
            "apr": 0,
            "tokenPerVoteValue": 0.0,
            "tokenPerVoteValueUSD": 0.0,
            "rewardsAvailable": 0,
            "rewardsAvailableUSD": 0,
            "maxRewardPerVote": 0.0002276,
            "maxRewardPerVoteUSD": 0.00042825215999999996,
            "totalVotes": 113845.94101537073
        },
        {
            "id": 192,
            "manager": "0x2927D7D70943290529Adc517E8E2Dc1eEE7818b6",
            "bountyChainId": 1,
            "isEnded": false,
            "start": 1710979200,
            "end": 1725494400,
            "startClaimDate": 1711584000,
            "endClaimDate": 1726099200,
            "closableAt": 1726704000,
            "apr": 0.0030824105577378362,
            "tokenPerVoteValue": 0.014399999999999998,
            "tokenPerVoteValueUSD": 1.7873831836051727e-05,
            "rewardsAvailable": 16690.035897516733,
            "rewardsAvailableUSD": 20.716312150686164,
            "maxRewardPerVote": 0.015,
            "maxRewardPerVoteUSD": 1.7873831836051727e-05,
            "totalVotes": 96013.79761927636
        },
        {
            "id": 231,
            "manager": "0x0f43A20114ec51FDbf08ACA02A66f8e88d0D10Ff",
            "bountyChainId": 1,
            "isEnded": true,
            "start": 1717632000,
            "end": 1724284800,
            "startClaimDate": 1718236800,
            "endClaimDate": 1724889600,
            "closableAt": 1725494400,
            "apr": 0,
            "tokenPerVoteValue": 0.0,
            "tokenPerVoteValueUSD": 0.0,
            "rewardsAvailable": 0,
            "rewardsAvailableUSD": 0,
            "maxRewardPerVote": 0.0765,
            "maxRewardPerVoteUSD": 0.00678556224,
            "totalVotes": 26635661.70116128
        },
        {
            "id": 236,
            "manager": "0x1c572Bf5306c086b43f6F91F032296A25B49D920",