{
    "0x0000000895cB182E6f983eb4D8b4E0Aa0B31Ae4c": [
        {
            "id": 92,
            "manager": "0xF98bb4943eb8a3eB6234a9f6B1Fa758714381753",
            "bountyChainId": 1,
            "isEnded": false,
            "start": 1689811200,
            "end": 1729123200,
            "startClaimDate": 1690416000,
            "endClaimDate": 1729728000,
            "closableAt": 1730332800,
            "apr": 0.08477375352294103,
            "tokenPerVoteValue": 0.00019973357409734213,
            "tokenPerVoteValueUSD": 0.0004354191915322059,
            "rewardsAvailable": 192.85150065550707,
            "rewardsAvailableUSD": 420.41627142900546,
            "maxRewardPerVote": 0.0007842,
            "maxRewardPerVoteUSD": 0.0016411737600000001,
            "totalVotes": 926921.9832768738
        },
        {
            "id": 93,
            "manager": "0xF98bb4943eb8a3eB6234a9f6B1Fa758714381753",
            "bountyChainId": 1,
            "isEnded": false,
            "start": 1689811200,
            "end": 1729123200,
            "startClaimDate": 1690416000,
            "endClaimDate": 1729728000,
            "closableAt": 1730332800,
            "apr": 0.18103186005709446,
            "tokenPerVoteValue": 0.0004265251794579135,
            "tokenPerVoteValueUSD": 0.0009298248912182515,
            "rewardsAvailable": 194.38093584434935,
            "rewardsAvailableUSD": 423.75044014068163,
            "maxRewardPerVote": 0.0007842,
            "maxRewardPerVoteUSD": 0.0016411737600000001,
            "totalVotes": 437502.1860321105
        },
        {
            "id": 123,
            "manager": "0x12E9D6962CEc231E2b0F8b49cE80e5B6fBF1cEa9",
            "bountyChainId": 1,
            "isEnded": false,
            "start": 1695859200,
            "end": 1731542400,
            "startClaimDate": 1696464000,
            "endClaimDate": 1732147200,
            "closableAt": 1732752000,
            "apr": 0.09702988103852432,
            "tokenPerVoteValue": 0.001805754924534109,
            "tokenPerVoteValueUSD": 0.0004983697264841206,
            "rewardsAvailable": 25953.830439358273,
            "rewardsAvailableUSD": 7162.9893965901265,
            "maxRewardPerVote": 0.02,
            "maxRewardPerVoteUSD": 0.005299001884745724,
            "totalVotes": 13797928.436059657
        },
        {
            "id": 127,
            "manager": "0x8306300ffd616049FD7e4b0354a64Da835c1A81C",
            "bountyChainId": 1,
            "isEnded": false,
            "start": 1695859200,
            "end": 1729123200,
            "startClaimDate": 1696464000,
            "endClaimDate": 1729728000,
            "closableAt": 1730332800,
            "apr": 0.12117797067450262,
            "tokenPerVoteValue": 0.0002855047485673918,
            "tokenPerVoteValueUSD": 0.0006224003518769142,
            "rewardsAvailable": 521.3460626146107,
            "rewardsAvailableUSD": 1136.5344164998514,
            "maxRewardPerVote": 0.00065,
            "maxRewardPerVoteUSD": 0.00136032,
            "totalVotes": 1753008.3917041677
        },
        {
            "id": 133,
            "manager": "0x68841bC858B18E10AfF6c2eC67Dbc484B3b47D91",
            "bountyChainId": 1,
            "isEnded": false,
            "start": 1697068800,
            "end": 1731542400,
            "startClaimDate": 1697673600,
            "endClaimDate": 1732147200,
            "closableAt": 1732752000,
            "apr": 0.10048827209743483,
            "tokenPerVoteValue": 0.0018701166100144081,
            "tokenPerVoteValueUSD": 0.0005161328875604496,
            "rewardsAvailable": 2306.390816292649,
            "rewardsAvailableUSD": 636.5400667966134,
            "maxRewardPerVote": 0.02,
            "maxRewardPerVoteUSD": 0.005299001884745724,
            "totalVotes": 1183955.6805090804
        },
        {
            "id": 136,
            "manager": "0x2234a7c690AF5de948B3a1CcbEa43705E4583D2d",
            "bountyChainId": 1,
            "isEnded": false,
            "start": 1697068800,
            "end": 1729123200,
            "startClaimDate": 1697673600,
            "endClaimDate": 1729728000,
            "closableAt": 1730332800,
            "apr": 0.15943784667802385,
            "tokenPerVoteValue": 0.000375648,
            "tokenPerVoteValueUSD": 0.0008189126400000001,
            "rewardsAvailable": 6.054451965332893,
            "rewardsAvailableUSD": 13.198705284425708,
            "maxRewardPerVote": 0.0003913,
            "maxRewardPerVoteUSD": 0.0008189126400000001,
            "totalVotes": 10644.895703985821
        },
        {
            "id": 172,
            "manager": "0x2234a7c690AF5de948B3a1CcbEa43705E4583D2d",
            "bountyChainId": 1,
            "isEnded": false,
            "start": 1706745600,
            "end": 1729123200,
            "startClaimDate": 1707350400,
            "endClaimDate": 1729728000,
            "closableAt": 1730332800,
            "apr": 0.09273716816743734,
            "tokenPerVoteValue": 0.00021849600000000002,
            "tokenPerVoteValueUSD": 0.00047632128000000006,
            "rewardsAvailable": 109.24222901950053,
            "rewardsAvailableUSD": 238.14805926251117,
            "maxRewardPerVote": 0.0002276,
            "maxRewardPerVoteUSD": 0.00047632128000000006,
            "totalVotes": 407099.4684882824
        },
        {
            "id": 236,
            "manager": "0x1c572Bf5306c086b43f6F91F032296A25B49D920",
            "bountyChainId": 1,
            "isEnded": false,
            "start": 1718841600,
            "end": 1729123200,
            "startClaimDate": 1719446400,
            "endClaimDate": 1729728000,
            "closableAt": 1730332800,
            "apr": 0.08876573564066215,
            "tokenPerVoteValue": 0.007557152489380922,
            "tokenPerVoteValueUSD": 0.00045592300968435104,
            "rewardsAvailable": 10819.647417644768,
            "rewardsAvailableUSD": 652.7493287065089,
            "maxRewardPerVote": 0.015997419447616276,
            "maxRewardPerVoteUSD": 0.0009265193426637023,
            "totalVotes": 1374441.1715304507
        },
        {
            "id": 244,
            "manager": "0xd3Ea7CF0a73D709029988Bf2cb65ACC568f79332",
            "bountyChainId": 1,
            "isEnded": false,
            "start": 1719446400,
            "end": 1729123200,
            "startClaimDate": 1720051200,
            "endClaimDate": 1729728000,
            "closableAt": 1730332800,
            "apr": 0.1020522790644319,
            "tokenPerVoteValue": 0.00868831457557912,
            "tokenPerVoteValueUSD": 0.0005241660183446884,
            "rewardsAvailable": 7647.481776445315,
            "rewardsAvailableUSD": 461.37257557294583,
            "maxRewardPerVote": 0.015997419447616276,
            "maxRewardPerVoteUSD": 0.0009265193426637023,
            "totalVotes": 844995.0150312264
        },
        {
            "id": 245,
            "manager": "0xf8AfC5e9AEdA712A05E32F27513cDAa2F67f457B",
            "bountyChainId": 1,
            "isEnded": false,
            "start": 1719446400,
            "end": 1729123200,
            "startClaimDate": 1720051200,
            "endClaimDate": 1729728000,
            "closableAt": 1730332800,
            "apr": 0.11334490907241035,
            "tokenPerVoteValue": 0.009649723010495073,
            "tokenPerVoteValueUSD": 0.0005821677892231677,
            "rewardsAvailable": 11837.466552416854,
            "rewardsAvailableUSD": 714.1543571073088,
            "maxRewardPerVote": 0.015997419447616276,
            "maxRewardPerVoteUSD": 0.0009265193426637023,
            "totalVotes": 1177647.055564257
        },
        {
            "id": 265,
            "manager": "0xFC08757c505eA28709dF66E54870fB6dE09f0C5E",
            "bountyChainId": 1,
            "isEnded": true,
            "start": 1727308800,
            "end": 1727913600,
            "startClaimDate": 1727913600,