{
    "0x0000000895cB182E6f983eb4D8b4E0Aa0B31Ae4c": [
        {
            "id": 92,
            "manager": "0xF98bb4943eb8a3eB6234a9f6B1Fa758714381753",
            "bountyChainId": 1,
            "isEnded": false,
            "start": 1689811200,
            "end": 1727913600,
            "startClaimDate": 1690416000,
            "endClaimDate": 1728518400,
            "closableAt": 1729123200,
            "apr": 0.060480614212885246,
            "tokenPerVoteValue": 0.0001531239464463134,
            "tokenPerVoteValueUSD": 0.00029552921664138484,
            "rewardsAvailable": 149.73959193655145,
            "rewardsAvailableUSD": 288.9974124375443,
            "maxRewardPerVote": 0.0007842,
            "maxRewardPerVoteUSD": 0.0014529657599999999,
            "totalVotes": 938782.0232904551
        },
        {
            "id": 93,
            "manager": "0xF98bb4943eb8a3eB6234a9f6B1Fa758714381753",
            "bountyChainId": 1,
            "isEnded": false,
            "start": 1689811200,
            "end": 1727913600,
            "startClaimDate": 1690416000,
            "endClaimDate": 1728518400,
            "closableAt": 1729123200,
            "apr": 0.11729558615312398,
            "tokenPerVoteValue": 0.00029696727267484324,
            "tokenPerVoteValueUSD": 0.0005731468362624474,
            "rewardsAvailable": 132.39268391149935,
            "rewardsAvailableUSD": 255.51787994919374,
            "maxRewardPerVote": 0.0007842,
            "maxRewardPerVoteUSD": 0.0014529657599999999,
            "totalVotes": 427983.10874545755
        },
        {
            "id": 123,
            "manager": "0x12E9D6962CEc231E2b0F8b49cE80e5B6fBF1cEa9",
            "bountyChainId": 1,
            "isEnded": false,
            "start": 1695859200,
            "end": 1730332800,
            "startClaimDate": 1696464000,
            "endClaimDate": 1730937600,
            "closableAt": 1731542400,
            "apr": 0.09313236363738774,
            "tokenPerVoteValue": 0.00184912459453147,
            "tokenPerVoteValueUSD": 0.00045507696685815095,
            "rewardsAvailable": 26983.18353335421,
            "rewardsAvailableUSD": 6640.669511860012,
            "maxRewardPerVote": 0.02,
            "maxRewardPerVoteUSD": 0.004725196879386267,
            "totalVotes": 14008713.24118835
        },
        {
            "id": 127,
            "manager": "0x8306300ffd616049FD7e4b0354a64Da835c1A81C",
            "bountyChainId": 1,
            "isEnded": false,
            "start": 1695859200,
            "end": 1727913600,
            "startClaimDate": 1696464000,
            "endClaimDate": 1728518400,
            "closableAt": 1729123200,
            "apr": 0.08767053173946472,
            "tokenPerVoteValue": 0.00022196298734237336,
            "tokenPerVoteValueUSD": 0.00042838856557078056,
            "rewardsAvailable": 442.42958868995953,
            "rewardsAvailableUSD": 853.8891061716218,
            "maxRewardPerVote": 0.00065,
            "maxRewardPerVoteUSD": 0.0012043199999999998,
            "totalVotes": 1913528.062618927
        },
        {
            "id": 133,
            "manager": "0x68841bC858B18E10AfF6c2eC67Dbc484B3b47D91",
            "bountyChainId": 1,
            "isEnded": false,
            "start": 1697068800,
            "end": 1730332800,
            "startClaimDate": 1697673600,
            "endClaimDate": 1730937600,
            "closableAt": 1731542400,
            "apr": 0.09279058977611919,
            "tokenPerVoteValue": 0.001842338742353378,
            "tokenPerVoteValueUSD": 0.0004534069414656563,
            "rewardsAvailable": 2289.792023170648,
            "rewardsAvailableUSD": 563.5269855379954,
            "maxRewardPerVote": 0.02,
            "maxRewardPerVoteUSD": 0.004725196879386267,
            "totalVotes": 1193157.5294540413
        },
        {
            "id": 136,
            "manager": "0x2234a7c690AF5de948B3a1CcbEa43705E4583D2d",
            "bountyChainId": 1,
            "isEnded": false,
            "start": 1697068800,
            "end": 1727913600,
            "startClaimDate": 1697673600,
            "endClaimDate": 1728518400,
            "closableAt": 1729123200,
            "apr": 0.14837275485064347,
            "tokenPerVoteValue": 0.000375648,
            "tokenPerVoteValueUSD": 0.00072500064,
            "rewardsAvailable": 8.99011106384924,
            "rewardsAvailableUSD": 17.350914353229033,
            "maxRewardPerVote": 0.0003913,
            "maxRewardPerVoteUSD": 0.00072500064,
            "totalVotes": 15595.155374726004
        },
        {
            "id": 172,
            "manager": "0x2234a7c690AF5de948B3a1CcbEa43705E4583D2d",
            "bountyChainId": 1,
            "isEnded": false,
            "start": 1706745600,
            "end": 1727913600,
            "startClaimDate": 1707350400,
            "endClaimDate": 1728518400,
            "closableAt": 1729123200,
            "apr": 0.0863011474674328,
            "tokenPerVoteValue": 0.000218496,
            "tokenPerVoteValueUSD": 0.00042169728,
            "rewardsAvailable": 121.58194345701143,
            "rewardsAvailableUSD": 234.65315087203206,
            "maxRewardPerVote": 0.0002276,
            "maxRewardPerVoteUSD": 0.00042169728,
            "totalVotes": 340543.43789459317
        },
        {
            "id": 236,
            "manager": "0x1c572Bf5306c086b43f6F91F032296A25B49D920",
            "bountyChainId": 1,
            "isEnded": false,
            "start": 1718841600,
            "end": 1727913600,
            "startClaimDate": 1719446400,
            "endClaimDate": 1728518400,
            "closableAt": 1729123200,
            "apr": 0.12348270201964093,
            "tokenPerVoteValue": 0.011583176097218388,
            "tokenPerVoteValueUSD": 0.0006033792260802031,
            "rewardsAvailable": 12967.335818846675,
            "rewardsAvailableUSD": 675.4814901395422,
            "maxRewardPerVote": 0.016050064484440674,
            "maxRewardPerVoteUSD": 0.0008026213526966391,
            "totalVotes": 1074717.5283886304
        },
        {
            "id": 244,
            "manager": "0xd3Ea7CF0a73D709029988Bf2cb65ACC568f79332",
            "bountyChainId": 1,
            "isEnded": false,
            "start": 1719446400,
            "end": 1727913600,
            "startClaimDate": 1720051200,
            "endClaimDate": 1728518400,
            "closableAt": 1729123200,
            "apr": 0.10636672576978565,
            "tokenPerVoteValue": 0.009977628407256543,
            "tokenPerVoteValueUSD": 0.0005197446413624006,
            "rewardsAvailable": 7958.120993126128,
            "rewardsAvailableUSD": 414.54648065293316,
            "maxRewardPerVote": 0.016050064484440674,
            "maxRewardPerVoteUSD": 0.0008026213526966391,
            "totalVotes": 765692.5916227549
        },
        {
            "id": 245,
            "manager": "0xf8AfC5e9AEdA712A05E32F27513cDAa2F67f457B",
            "bountyChainId": 1,
            "isEnded": false,
            "start": 1719446400,
            "end": 1727913600,
            "startClaimDate": 1720051200,
            "endClaimDate": 1728518400,
            "closableAt": 1729123200,
            "apr": 0.11253951692595585,
            "tokenPerVoteValue": 0.010556661144666997,
            "tokenPerVoteValueUSD": 0.0005499070356868485,
            "rewardsAvailable": 11245.681394177556,
            "rewardsAvailableUSD": 585.7987895041031,
            "maxRewardPerVote": 0.016050064484440674,
            "maxRewardPerVoteUSD": 0.0008026213526966391,
            "totalVotes": 1022658.0156799189
        },
        {
            "id": 265,
            "manager": "0xFC08757c505eA28709dF66E54870fB6dE09f0C5E",
            "bountyChainId": 1,
            "isEnded": false,
            "start": 1727308800,
            "end": 1727913600,
            "startClaimDate": 1727913600,
            "endClaimDate": 1728518400,