{
    "0x0000000895cB182E6f983eb4D8b4E0Aa0B31Ae4c": [
        {
            "id": 92,
            "manager": "0xF98bb4943eb8a3eB6234a9f6B1Fa758714381753",
            "bountyChainId": 1,
            "isEnded": false,
            "start": 1689811200,
            "end": 1730332800,
            "startClaimDate": 1690416000,
            "endClaimDate": 1730937600,
            "closableAt": 1731542400,
            "apr": 0.19607836440410645,
            "tokenPerVoteValue": 0.0005216994771862803,
            "tokenPerVoteValueUSD": 0.0009338420641634418,
            "rewardsAvailable": 175.29004751777018,
            "rewardsAvailableUSD": 313.7691850568086,
            "maxRewardPerVote": 0.0007842,
            "maxRewardPerVoteUSD": 0.00134756928,
            "totalVotes": 322558.202520439
        },
        {
            "id": 93,
            "manager": "0xF98bb4943eb8a3eB6234a9f6B1Fa758714381753",
            "bountyChainId": 1,
            "isEnded": false,
            "start": 1689811200,
            "end": 1730332800,
            "startClaimDate": 1690416000,
            "endClaimDate": 1730937600,
            "closableAt": 1731542400,
            "apr": 0.13107062627107713,
            "tokenPerVoteValue": 0.00034873545282728416,
            "tokenPerVoteValueUSD": 0.0006242364605608386,
            "rewardsAvailable": 231.50570220623172,
            "rewardsAvailableUSD": 414.3952069491548,
            "maxRewardPerVote": 0.0007842,
            "maxRewardPerVoteUSD": 0.00134756928,
            "totalVotes": 637289.5910529993
        },
        {
            "id": 123,
            "manager": "0x12E9D6962CEc231E2b0F8b49cE80e5B6fBF1cEa9",
            "bountyChainId": 1,
            "isEnded": false,
            "start": 1695859200,
            "end": 1732752000,
            "startClaimDate": 1696464000,
            "endClaimDate": 1733356800,
            "closableAt": 1733961600,
            "apr": 0.13158244364597668,
            "tokenPerVoteValue": 0.0026856992019218032,
            "tokenPerVoteValueUSD": 0.000626674040022007,
            "rewardsAvailable": 24717.798384362464,
            "rewardsAvailableUSD": 5767.586542414614,
            "maxRewardPerVote": 0.02,
            "maxRewardPerVoteUSD": 0.004480077873133635,
            "totalVotes": 8835347.767913906
        },
        {
            "id": 127,
            "manager": "0x8306300ffd616049FD7e4b0354a64Da835c1A81C",
            "bountyChainId": 1,
            "isEnded": false,
            "start": 1695859200,
            "end": 1730332800,
            "startClaimDate": 1696464000,
            "endClaimDate": 1730937600,
            "closableAt": 1731542400,
            "apr": 0.12960038917469638,
            "tokenPerVoteValue": 0.00034482363967618644,
            "tokenPerVoteValueUSD": 0.0006172343150203738,
            "rewardsAvailable": 546.5905863418192,
            "rewardsAvailableUSD": 978.3971495518564,
            "maxRewardPerVote": 0.00065,
            "maxRewardPerVoteUSD": 0.00111696,
            "totalVotes": 1521725.608432478
        },
        {
            "id": 133,
            "manager": "0x68841bC858B18E10AfF6c2eC67Dbc484B3b47D91",
            "bountyChainId": 1,
            "isEnded": false,
            "start": 1697068800,
            "end": 1732752000,
            "startClaimDate": 1697673600,
            "endClaimDate": 1733356800,
            "closableAt": 1733961600,
            "apr": 0.07903890454920659,
            "tokenPerVoteValue": 0.0016132450271231019,
            "tokenPerVoteValueUSD": 0.0003764303828102646,
            "rewardsAvailable": 1890.256993999963,
            "rewardsAvailableUSD": 441.0676319455903,
            "maxRewardPerVote": 0.02,
            "maxRewardPerVoteUSD": 0.004480077873133635,
            "totalVotes": 1124842.5897682896
        },
        {
            "id": 136,
            "manager": "0x2234a7c690AF5de948B3a1CcbEa43705E4583D2d",
            "bountyChainId": 1,
            "isEnded": false,
            "start": 1697068800,
            "end": 1730332800,
            "startClaimDate": 1697673600,
            "endClaimDate": 1730937600,
            "closableAt": 1731542400,
            "apr": 0.14118558413922597,
            "tokenPerVoteValue": 0.0003756480000000001,
            "tokenPerVoteValueUSD": 0.0006724099200000001,
            "rewardsAvailable": 8.200526364670264,
            "rewardsAvailableUSD": 14.678942192759772,
            "maxRewardPerVote": 0.0003913,
            "maxRewardPerVoteUSD": 0.0006724099200000001,
            "totalVotes": 5772.193774416224
        },
        {
            "id": 172,
            "manager": "0x2234a7c690AF5de948B3a1CcbEa43705E4583D2d",
            "bountyChainId": 1,
            "isEnded": false,
            "start": 1706745600,
            "end": 1730332800,
            "startClaimDate": 1707350400,
            "endClaimDate": 1730937600,
            "closableAt": 1731542400,
            "apr": 0.08212072310270335,
            "tokenPerVoteValue": 0.000218496,
            "tokenPerVoteValueUSD": 0.00039110783999999997,
            "rewardsAvailable": 97.08140551867903,
            "rewardsAvailableUSD": 173.77571587843548,
            "maxRewardPerVote": 0.0002276,
            "maxRewardPerVoteUSD": 0.00039110783999999997,
            "totalVotes": 63292.346045022954
        },
        {
            "id": 236,
            "manager": "0x1c572Bf5306c086b43f6F91F032296A25B49D920",
            "bountyChainId": 1,
            "isEnded": false,
            "start": 1718841600,
            "end": 1730937600,
            "startClaimDate": 1719446400,
            "endClaimDate": 1731542400,
            "closableAt": 1732147200,
            "apr": 0.1858662253540233,
            "tokenPerVoteValue": 0.02732934767510563,
            "tokenPerVoteValueUSD": 0.0008852057700009738,
            "rewardsAvailable": 10479.339874019459,
            "rewardsAvailableUSD": 339.42896232145245,
            "maxRewardPerVote": 0.028468070494901698,
            "maxRewardPerVoteUSD": 0.0008852057700009738,
            "totalVotes": 290146.4480213104
        },
        {
            "id": 244,
            "manager": "0xd3Ea7CF0a73D709029988Bf2cb65ACC568f79332",
            "bountyChainId": 1,
            "isEnded": false,
            "start": 1719446400,
            "end": 1730937600,
            "startClaimDate": 1720051200,
            "endClaimDate": 1731542400,
            "closableAt": 1732147200,
            "apr": 0.1858662253540233,
            "tokenPerVoteValue": 0.02732934767510563,
            "tokenPerVoteValueUSD": 0.0008852057700009738,
            "rewardsAvailable": 6185.425248115623,
            "rewardsAvailableUSD": 200.34777941403942,
            "maxRewardPerVote": 0.028468070494901698,
            "maxRewardPerVoteUSD": 0.0008852057700009738,
            "totalVotes": 119502.54960750457
        },
        {
            "id": 245,
            "manager": "0xf8AfC5e9AEdA712A05E32F27513cDAa2F67f457B",
            "bountyChainId": 1,
            "isEnded": false,
            "start": 1719446400,
            "end": 1730937600,
            "startClaimDate": 1720051200,
            "endClaimDate": 1731542400,
            "closableAt": 1732147200,
            "apr": 0.10792091845471752,
            "tokenPerVoteValue": 0.015868446761900388,
            "tokenPerVoteValueUSD": 0.0005139837511519821,
            "rewardsAvailable": 10496.115333099959,
            "rewardsAvailableUSD": 339.97232447370754,
            "maxRewardPerVote": 0.028468070494901698,
            "maxRewardPerVoteUSD": 0.0008852057700009738,
            "totalVotes": 634987.8391355069
        },
        {
            "id": 267,
            "manager": "0xFC08757c505eA28709dF66E54870fB6dE09f0C5E",
            "bountyChainId": 1,
            "isEnded": false,
            "start": 1729728000,
            "end": 1730332800,
            "startClaimDate": 1730332800,
            "endClaimDate": 1730937600,