{
    "0x0000000895cB182E6f983eb4D8b4E0Aa0B31Ae4c": [
        {
            "id": 92,
            "manager": "0xF98bb4943eb8a3eB6234a9f6B1Fa758714381753",
            "bountyChainId": 1,
            "isEnded": false,
            "start": 1689811200,
            "end": 1727913600,
            "startClaimDate": 1690416000,
            "endClaimDate": 1728518400,
            "closableAt": 1729123200,
            "apr": 0.31636443912461737,
            "tokenPerVoteValue": 0.0007528319999999998,
            "tokenPerVoteValueUSD": 0.0015960038399999998,
            "rewardsAvailable": 149.73959193655145,
            "rewardsAvailableUSD": 317.4479349054891,
            "maxRewardPerVote": 0.0007842,
            "maxRewardPerVoteUSD": 0.0015960038399999998,
            "totalVotes": 181417.4870567277
        },
        {
            "id": 93,
            "manager": "0xF98bb4943eb8a3eB6234a9f6B1Fa758714381753",
            "bountyChainId": 1,
            "isEnded": false,
            "start": 1689811200,
            "end": 1727913600,
            "startClaimDate": 1690416000,
            "endClaimDate": 1728518400,
            "closableAt": 1729123200,
            "apr": 0.16170717260923728,
            "tokenPerVoteValue": 0.0003848041028460977,
            "tokenPerVoteValueUSD": 0.0008157846980337272,
            "rewardsAvailable": 132.39268391149938,
            "rewardsAvailableUSD": 280.6724898923787,
            "maxRewardPerVote": 0.0007842,
            "maxRewardPerVoteUSD": 0.0015960038399999998,
            "totalVotes": 330290.0764700832
        },
        {
            "id": 123,
            "manager": "0x12E9D6962CEc231E2b0F8b49cE80e5B6fBF1cEa9",
            "bountyChainId": 1,
            "isEnded": false,
            "start": 1695859200,
            "end": 1730332800,
            "startClaimDate": 1696464000,
            "endClaimDate": 1730937600,
            "closableAt": 1731542400,
            "apr": 0.09053145735787695,
            "tokenPerVoteValue": 0.0018122498411198345,
            "tokenPerVoteValueUSD": 0.00045671553346440796,
            "rewardsAvailable": 27031.157325018467,
            "rewardsAvailableUSD": 6812.277842566963,
            "maxRewardPerVote": 0.02,
            "maxRewardPerVoteUSD": 0.0048387027238463364,
            "totalVotes": 14319168.606455846
        },
        {
            "id": 124,
            "manager": "0xfCBa6dC55c4b36943cF6C69f2c23b345350d520E",
            "bountyChainId": 1,
            "isEnded": true,
            "start": 1695859200,
            "end": 1726704000,
            "startClaimDate": 1696464000,
            "endClaimDate": 1727308800,
            "closableAt": 1727913600,
            "apr": 0,
            "tokenPerVoteValue": 0.0,
            "tokenPerVoteValueUSD": 0.0,
            "rewardsAvailable": 0,
            "rewardsAvailableUSD": 0,
            "maxRewardPerVote": 0.02,
            "maxRewardPerVoteUSD": 0.0048387027238463364,
            "totalVotes": 1741551.895780744
        },
        {
            "id": 125,
            "manager": "0xF78f606db249B27cb835Bec41f9957fCe2308f5e",
            "bountyChainId": 1,
            "isEnded": true,
            "start": 1695859200,
            "end": 1726704000,
            "startClaimDate": 1696464000,
            "endClaimDate": 1727308800,
            "closableAt": 1727913600,
            "apr": 0,
            "tokenPerVoteValue": 0.0,
            "tokenPerVoteValueUSD": 0.0,
            "rewardsAvailable": 0,
            "rewardsAvailableUSD": 0,
            "maxRewardPerVote": 0.02,
            "maxRewardPerVoteUSD": 0.0048387027238463364,
            "totalVotes": 325027.4534012709
        },
        {
            "id": 127,
            "manager": "0x8306300ffd616049FD7e4b0354a64Da835c1A81C",
            "bountyChainId": 1,
            "isEnded": false,
            "start": 1695859200,
            "end": 1727913600,
            "startClaimDate": 1696464000,
            "endClaimDate": 1728518400,
            "closableAt": 1729123200,
            "apr": 0.09280804009350783,
            "tokenPerVoteValue": 0.00022084929214232586,
            "tokenPerVoteValueUSD": 0.00046820049934173083,
            "rewardsAvailable": 442.4295886899596,
            "rewardsAvailableUSD": 937.9507280227143,
            "maxRewardPerVote": 0.00065,
            "maxRewardPerVoteUSD": 0.00132288,
            "totalVotes": 1923177.5706514071
        },
        {
            "id": 133,
            "manager": "0x68841bC858B18E10AfF6c2eC67Dbc484B3b47D91",
            "bountyChainId": 1,
            "isEnded": false,
            "start": 1697068800,
            "end": 1730332800,
            "startClaimDate": 1697673600,
            "endClaimDate": 1730937600,
            "closableAt": 1731542400,
            "apr": 0.09118911886566623,
            "tokenPerVoteValue": 0.001825414844730572,
            "tokenPerVoteValueUSD": 0.0004600333219451748,
            "rewardsAvailable": 2289.792023170648,
            "rewardsAvailableUSD": 577.0636926852827,
            "maxRewardPerVote": 0.02,
            "maxRewardPerVoteUSD": 0.0048387027238463364,
            "totalVotes": 1204219.6044309437
        },
        {
            "id": 136,
            "manager": "0x2234a7c690AF5de948B3a1CcbEa43705E4583D2d",
            "bountyChainId": 1,
            "isEnded": false,
            "start": 1697068800,
            "end": 1727913600,
            "startClaimDate": 1697673600,
            "endClaimDate": 1728518400,
            "closableAt": 1729123200,
            "apr": 0.010285061109345756,
            "tokenPerVoteValue": 2.4474694900905132e-05,
            "tokenPerVoteValueUSD": 5.1886353189918885e-05,
            "rewardsAvailable": 4.49505553192462,
            "rewardsAvailableUSD": 9.529517727680194,
            "maxRewardPerVote": 0.0003913,
            "maxRewardPerVoteUSD": 0.0007963737600000001,
            "totalVotes": 176314.89700360052
        },
        {
            "id": 172,
            "manager": "0x2234a7c690AF5de948B3a1CcbEa43705E4583D2d",
            "bountyChainId": 1,
            "isEnded": false,
            "start": 1706745600,
            "end": 1727913600,
            "startClaimDate": 1707350400,
            "endClaimDate": 1728518400,
            "closableAt": 1729123200,
            "apr": 0.09181911036057501,
            "tokenPerVoteValue": 0.00021849600000000002,
            "tokenPerVoteValueUSD": 0.00046321152000000003,
            "rewardsAvailable": 121.58194345701143,
            "rewardsAvailableUSD": 257.75372012886424,
            "maxRewardPerVote": 0.0002276,
            "maxRewardPerVoteUSD": 0.00046321152000000003,
            "totalVotes": 450561.1537422813
        },
        {
            "id": 236,
            "manager": "0x1c572Bf5306c086b43f6F91F032296A25B49D920",
            "bountyChainId": 1,
            "isEnded": false,
            "start": 1718841600,
            "end": 1727913600,
            "startClaimDate": 1719446400,
            "endClaimDate": 1728518400,
            "closableAt": 1729123200,
            "apr": 0.15024945557279057,
            "tokenPerVoteValue": 0.01250424789091134,
            "tokenPerVoteValueUSD": 0.0007579824986512637,
            "rewardsAvailable": 12967.335818846675,
            "rewardsAvailableUSD": 786.0539626668477,
            "maxRewardPerVote": 0.016050064484440674,
            "maxRewardPerVoteUSD": 0.0009340058965611117,
            "totalVotes": 995553.0708201211
        },
        {
            "id": 244,
            "manager": "0xd3Ea7CF0a73D709029988Bf2cb65ACC568f79332",
            "bountyChainId": 1,
            "isEnded": false,
            "start": 1719446400,
            "end": 1727913600,
            "startClaimDate": 1720051200,
            "endClaimDate": 1728518400,
            "closableAt": 1729123200,
            "apr": 0.15877185371127148,
            "tokenPerVoteValue": 0.01321350955540356,