{
    "0x0000000895cB182E6f983eb4D8b4E0Aa0B31Ae4c": [
        {
            "id": 92,
            "manager": "0xF98bb4943eb8a3eB6234a9f6B1Fa758714381753",
            "bountyChainId": 1,
            "isEnded": false,
            "start": 1689811200,
            "end": 1731542400,
            "startClaimDate": 1690416000,
            "endClaimDate": 1732147200,
            "closableAt": 1732752000,
            "apr": 0.13460234742273125,
            "tokenPerVoteValue": 0.0003703110297451327,
            "tokenPerVoteValueUSD": 0.00078135627276223,
            "rewardsAvailable": 112.86369010870274,
            "rewardsAvailableUSD": 238.14238612936276,
            "maxRewardPerVote": 0.0007842,
            "maxRewardPerVoteUSD": 0.0015884755199999999,
            "totalVotes": 292589.56337035424
        },
        {
            "id": 93,
            "manager": "0xF98bb4943eb8a3eB6234a9f6B1Fa758714381753",
            "bountyChainId": 1,
            "isEnded": false,
            "start": 1689811200,
            "end": 1731542400,
            "startClaimDate": 1690416000,
            "endClaimDate": 1732147200,
            "closableAt": 1732752000,
            "apr": 0.14349169042286952,
            "tokenPerVoteValue": 0.00039476693131868125,
            "tokenPerVoteValueUSD": 0.0008329582250824174,
            "rewardsAvailable": 230.16053999970907,
            "rewardsAvailableUSD": 485.6387393993861,
            "maxRewardPerVote": 0.0007842,
            "maxRewardPerVoteUSD": 0.0015884755199999999,
            "totalVotes": 559707.768990793
        },
        {
            "id": 123,
            "manager": "0x12E9D6962CEc231E2b0F8b49cE80e5B6fBF1cEa9",
            "bountyChainId": 1,
            "isEnded": false,
            "start": 1695859200,
            "end": 1732752000,
            "startClaimDate": 1696464000,
            "endClaimDate": 1733356800,
            "closableAt": 1733961600,
            "apr": 0.13109378879112604,
            "tokenPerVoteValue": 0.0027245203517258644,
            "tokenPerVoteValueUSD": 0.0007609893597948875,
            "rewardsAvailable": 25317.90124245289,
            "rewardsAvailableUSD": 7071.576266861001,
            "maxRewardPerVote": 0.02,
            "maxRewardPerVoteUSD": 0.005362777231157923,
            "totalVotes": 8920904.252874639
        },
        {
            "id": 127,
            "manager": "0x8306300ffd616049FD7e4b0354a64Da835c1A81C",
            "bountyChainId": 1,
            "isEnded": false,
            "start": 1695859200,
            "end": 1731542400,
            "startClaimDate": 1696464000,
            "endClaimDate": 1732147200,
            "closableAt": 1732752000,
            "apr": 0.20936711544577544,
            "tokenPerVoteValue": 0.0005759999999999999,
            "tokenPerVoteValueUSD": 0.0012153599999999997,
            "rewardsAvailable": 917.0494955025624,
            "rewardsAvailableUSD": 1934.9744355104067,
            "maxRewardPerVote": 0.0006,
            "maxRewardPerVoteUSD": 0.0012153599999999997,
            "totalVotes": 1157296.5458683714
        },
        {
            "id": 133,
            "manager": "0x68841bC858B18E10AfF6c2eC67Dbc484B3b47D91",
            "bountyChainId": 1,
            "isEnded": false,
            "start": 1697068800,
            "end": 1732752000,
            "startClaimDate": 1697673600,
            "endClaimDate": 1733356800,
            "closableAt": 1733961600,
            "apr": 0.10626095771256107,
            "tokenPerVoteValue": 0.0022084199758924923,
            "tokenPerVoteValueUSD": 0.000616836685601593,
            "rewardsAvailable": 2207.8092183615263,
            "rewardsAvailableUSD": 616.6660941130085,
            "maxRewardPerVote": 0.02,
            "maxRewardPerVoteUSD": 0.005362777231157923,
            "totalVotes": 959734.5037465121
        },
        {
            "id": 136,
            "manager": "0x2234a7c690AF5de948B3a1CcbEa43705E4583D2d",
            "bountyChainId": 1,
            "isEnded": false,
            "start": 1697068800,
            "end": 1731542400,
            "startClaimDate": 1697673600,
            "endClaimDate": 1732147200,
            "closableAt": 1732752000,
            "apr": 0.13654225378988655,
            "tokenPerVoteValue": 0.000375648,
            "tokenPerVoteValueUSD": 0.00079261728,
            "rewardsAvailable": 9.250434851017861,
            "rewardsAvailableUSD": 19.518417535647686,
            "maxRewardPerVote": 0.0003913,
            "maxRewardPerVoteUSD": 0.00079261728,
            "totalVotes": 7126.717270970323
        },
        {
            "id": 172,
            "manager": "0x2234a7c690AF5de948B3a1CcbEa43705E4583D2d",
            "bountyChainId": 1,
            "isEnded": false,
            "start": 1706745600,
            "end": 1731542400,
            "startClaimDate": 1707350400,
            "endClaimDate": 1732147200,
            "closableAt": 1732752000,
            "apr": 0.0794199257924308,
            "tokenPerVoteValue": 0.000218496,
            "tokenPerVoteValueUSD": 0.00046102655999999994,
            "rewardsAvailable": 125.57302841666643,
            "rewardsAvailableUSD": 264.95908995916614,
            "maxRewardPerVote": 0.0002276,
            "maxRewardPerVoteUSD": 0.00046102655999999994,
            "totalVotes": 55729.109725177506
        },
        {
            "id": 236,
            "manager": "0x1c572Bf5306c086b43f6F91F032296A25B49D920",
            "bountyChainId": 1,
            "isEnded": false,
            "start": 1718841600,
            "end": 1731542400,
            "startClaimDate": 1719446400,
            "endClaimDate": 1732147200,
            "closableAt": 1732752000,
            "apr": 0.127596613907637,
            "tokenPerVoteValue": 0.022085073384277166,
            "tokenPerVoteValueUSD": 0.0007406885286096861,
            "rewardsAvailable": 10603.439399551951,
            "rewardsAvailableUSD": 355.6178324789914,
            "maxRewardPerVote": 0.024290595073686343,
            "maxRewardPerVoteUSD": 0.0007820709589089027,
            "totalVotes": 460913.19899424625
        },
        {
            "id": 244,
            "manager": "0xd3Ea7CF0a73D709029988Bf2cb65ACC568f79332",
            "bountyChainId": 1,
            "isEnded": false,
            "start": 1719446400,
            "end": 1731542400,
            "startClaimDate": 1720051200,
            "endClaimDate": 1732147200,
            "closableAt": 1732752000,
            "apr": 0.1347254646694548,
            "tokenPerVoteValue": 0.02331897127073889,
            "tokenPerVoteValueUSD": 0.0007820709589089027,
            "rewardsAvailable": 6092.56505312868,
            "rewardsAvailableUSD": 204.3322639748781,
            "maxRewardPerVote": 0.024290595073686343,
            "maxRewardPerVoteUSD": 0.0007820709589089027,
            "totalVotes": 185419.64639373135
        },
        {
            "id": 245,
            "manager": "0xf8AfC5e9AEdA712A05E32F27513cDAa2F67f457B",
            "bountyChainId": 1,
            "isEnded": false,
            "start": 1719446400,
            "end": 1731542400,
            "startClaimDate": 1720051200,
            "endClaimDate": 1732147200,
            "closableAt": 1732752000,
            "apr": 0.1347254646694548,
            "tokenPerVoteValue": 0.02331897127073889,
            "tokenPerVoteValueUSD": 0.0007820709589089027,
            "rewardsAvailable": 19088.287433729674,
            "rewardsAvailableUSD": 640.1824113038028,
            "maxRewardPerVote": 0.024290595073686343,
            "maxRewardPerVoteUSD": 0.0007820709589089027,
            "totalVotes": 515665.9448855571
        },
        {
            "id": 268,
            "manager": "0xFC08757c505eA28709dF66E54870fB6dE09f0C5E",
            "bountyChainId": 1,
            "isEnded": false,
            "start": 1730937600,
            "end": 1731542400,
            "startClaimDate": 1731542400,
            "endClaimDate": 1732147200,