{
    "0x0000000895cB182E6f983eb4D8b4E0Aa0B31Ae4c": [
        {
            "id": 92,
            "manager": "0xF98bb4943eb8a3eB6234a9f6B1Fa758714381753",
            "bountyChainId": 1,
            "isEnded": false,
            "start": 1689811200,
            "end": 1730332800,
            "startClaimDate": 1690416000,
            "endClaimDate": 1730937600,
            "closableAt": 1731542400,
            "apr": 0.2060064798301921,
            "tokenPerVoteValue": 0.0005179994519203406,
            "tokenPerVoteValueUSD": 0.0010256389148022742,
            "rewardsAvailable": 175.29004751777015,
            "rewardsAvailableUSD": 347.0742940851849,
            "maxRewardPerVote": 0.0007842,
            "maxRewardPerVoteUSD": 0.00149060736,
            "totalVotes": 324862.2078521768
        },
        {
            "id": 93,
            "manager": "0xF98bb4943eb8a3eB6234a9f6B1Fa758714381753",
            "bountyChainId": 1,
            "isEnded": false,
            "start": 1689811200,
            "end": 1730332800,
            "startClaimDate": 1690416000,
            "endClaimDate": 1730937600,
            "closableAt": 1731542400,
            "apr": 0.10382403399577374,
            "tokenPerVoteValue": 0.000261063597369851,
            "tokenPerVoteValueUSD": 0.0005169059227923049,
            "rewardsAvailable": 231.50570220623172,
            "rewardsAvailableUSD": 458.3812903683388,
            "maxRewardPerVote": 0.0007842,
            "maxRewardPerVoteUSD": 0.00149060736,
            "totalVotes": 851307.7899678423
        },
        {
            "id": 123,
            "manager": "0x12E9D6962CEc231E2b0F8b49cE80e5B6fBF1cEa9",
            "bountyChainId": 1,
            "isEnded": false,
            "start": 1695859200,
            "end": 1732752000,
            "startClaimDate": 1696464000,
            "endClaimDate": 1733356800,
            "closableAt": 1733961600,
            "apr": 0.11556143188030646,
            "tokenPerVoteValue": 0.002170809829573688,
            "tokenPerVoteValueUSD": 0.0005753425896331619,
            "rewardsAvailable": 24824.184008707234,
            "rewardsAvailableUSD": 6579.3005534273725,
            "maxRewardPerVote": 0.02,
            "maxRewardPerVoteUSD": 0.0050886897463174275,
            "totalVotes": 10978030.55970085
        },
        {
            "id": 127,
            "manager": "0x8306300ffd616049FD7e4b0354a64Da835c1A81C",
            "bountyChainId": 1,
            "isEnded": false,
            "start": 1695859200,
            "end": 1730332800,
            "startClaimDate": 1696464000,
            "endClaimDate": 1730937600,
            "closableAt": 1731542400,
            "apr": 0.11663869147340332,
            "tokenPerVoteValue": 0.000293285814629379,
            "tokenPerVoteValueUSD": 0.0005807059129661704,
            "rewardsAvailable": 546.5905863418192,
            "rewardsAvailableUSD": 1082.2493609568019,
            "maxRewardPerVote": 0.00065,
            "maxRewardPerVoteUSD": 0.00123552,
            "totalVotes": 1789131.7503754357
        },
        {
            "id": 133,
            "manager": "0x68841bC858B18E10AfF6c2eC67Dbc484B3b47D91",
            "bountyChainId": 1,
            "isEnded": false,
            "start": 1697068800,
            "end": 1732752000,
            "startClaimDate": 1697673600,
            "endClaimDate": 1733356800,
            "closableAt": 1733961600,
            "apr": 0.08362154236218589,
            "tokenPerVoteValue": 0.0015708222299630464,
            "tokenPerVoteValueUSD": 0.00041632432160939735,
            "rewardsAvailable": 1890.256993999963,
            "rewardsAvailableUSD": 500.98600954543826,
            "maxRewardPerVote": 0.02,
            "maxRewardPerVoteUSD": 0.0050886897463174275,
            "totalVotes": 1155220.9280121112
        },
        {
            "id": 136,
            "manager": "0x2234a7c690AF5de948B3a1CcbEa43705E4583D2d",
            "bountyChainId": 1,
            "isEnded": false,
            "start": 1697068800,
            "end": 1730332800,
            "startClaimDate": 1697673600,
            "endClaimDate": 1730937600,
            "closableAt": 1731542400,
            "apr": 0.14939383014473273,
            "tokenPerVoteValue": 0.000375648,
            "tokenPerVoteValueUSD": 0.00074378304,
            "rewardsAvailable": 8.200526364670264,
            "rewardsAvailableUSD": 16.23704220204712,
            "maxRewardPerVote": 0.0003913,
            "maxRewardPerVoteUSD": 0.00074378304,
            "totalVotes": 5806.109253903854
        },
        {
            "id": 172,
            "manager": "0x2234a7c690AF5de948B3a1CcbEa43705E4583D2d",
            "bountyChainId": 1,
            "isEnded": false,
            "start": 1706745600,
            "end": 1730332800,
            "startClaimDate": 1707350400,
            "endClaimDate": 1730937600,
            "closableAt": 1731542400,
            "apr": 0.0868950568385923,
            "tokenPerVoteValue": 0.000218496,
            "tokenPerVoteValueUSD": 0.00043262207999999997,
            "rewardsAvailable": 97.08140551867905,
            "rewardsAvailableUSD": 192.2211829269845,
            "maxRewardPerVote": 0.0002276,
            "maxRewardPerVoteUSD": 0.00043262207999999997,
            "totalVotes": 272726.0895143356
        },
        {
            "id": 236,
            "manager": "0x1c572Bf5306c086b43f6F91F032296A25B49D920",
            "bountyChainId": 1,
            "isEnded": false,
            "start": 1718841600,
            "end": 1730332800,
            "startClaimDate": 1719446400,
            "endClaimDate": 1730937600,
            "closableAt": 1731542400,
            "apr": 0.08796897655101939,
            "tokenPerVoteValue": 0.013328666197158955,
            "tokenPerVoteValueUSD": 0.00043796877515903766,
            "rewardsAvailable": 10311.22563417441,
            "rewardsAvailableUSD": 338.8182129094384,
            "maxRewardPerVote": 0.045915862119317793,
            "maxRewardPerVoteUSD": 0.0014484063935199384,
            "totalVotes": 742668.2056841807
        },
        {
            "id": 244,
            "manager": "0xd3Ea7CF0a73D709029988Bf2cb65ACC568f79332",
            "bountyChainId": 1,
            "isEnded": false,
            "start": 1719446400,
            "end": 1730332800,
            "startClaimDate": 1720051200,
            "endClaimDate": 1730937600,
            "closableAt": 1731542400,
            "apr": 0.07117478713998752,
            "tokenPerVoteValue": 0.0107840856701628,
            "tokenPerVoteValueUSD": 0.0003543559964895867,
            "rewardsAvailable": 6370.045235756414,
            "rewardsAvailableUSD": 209.3143356089577,
            "maxRewardPerVote": 0.045915862119317793,
            "maxRewardPerVoteUSD": 0.0014484063935199384,
            "totalVotes": 567061.8366140852
        },
        {
            "id": 245,
            "manager": "0xf8AfC5e9AEdA712A05E32F27513cDAa2F67f457B",
            "bountyChainId": 1,
            "isEnded": false,
            "start": 1719446400,
            "end": 1730332800,
            "startClaimDate": 1720051200,
            "endClaimDate": 1730937600,
            "closableAt": 1731542400,
            "apr": 0.05283451496448474,
            "tokenPerVoteValue": 0.00800524959207629,
            "tokenPerVoteValueUSD": 0.00026304577718596955,
            "rewardsAvailable": 10230.419501507751,
            "rewardsAvailableUSD": 336.1629912671634,
            "maxRewardPerVote": 0.045915862119317793,
            "maxRewardPerVoteUSD": 0.0014484063935199384,
            "totalVotes": 1226845.285519718
        },
        {
            "id": 266,
            "manager": "0xFC08757c505eA28709dF66E54870fB6dE09f0C5E",
            "bountyChainId": 1,
            "isEnded": true,
            "start": 1728518400,
            "end": 1729123200,
            "startClaimDate": 1729123200,
            "endClaimDate": 1729728000,
            "closableAt": 1730332800,