{
    "0x0000000895cB182E6f983eb4D8b4E0Aa0B31Ae4c": [
        {
            "id": 92,
            "manager": "0xF98bb4943eb8a3eB6234a9f6B1Fa758714381753",
            "bountyChainId": 1,
            "isEnded": false,
            "start": 1689811200,
            "end": 1731542400,
            "startClaimDate": 1690416000,
            "endClaimDate": 1732147200,
            "closableAt": 1732752000,
            "apr": 0.1922841339608761,
            "tokenPerVoteValue": 0.0004638814712630736,
            "tokenPerVoteValueUSD": 0.0010715661986177001,
            "rewardsAvailable": 142.4340239457637,
            "rewardsAvailableUSD": 329.0225953147141,
            "maxRewardPerVote": 0.0007842,
            "maxRewardPerVoteUSD": 0.00173904192,
            "totalVotes": 294766.38205794577
        },
        {
            "id": 93,
            "manager": "0xF98bb4943eb8a3eB6234a9f6B1Fa758714381753",
            "bountyChainId": 1,
            "isEnded": false,
            "start": 1689811200,
            "end": 1731542400,
            "startClaimDate": 1690416000,
            "endClaimDate": 1732147200,
            "closableAt": 1732752000,
            "apr": 0.2434794623156443,
            "tokenPerVoteValue": 0.000587389135415115,
            "tokenPerVoteValueUSD": 0.0013568689028089157,
            "rewardsAvailable": 345.2408099995636,
            "rewardsAvailableUSD": 797.506271098992,
            "maxRewardPerVote": 0.0007842,
            "maxRewardPerVoteUSD": 0.00173904192,
            "totalVotes": 564244.6508060702
        },
        {
            "id": 123,
            "manager": "0x12E9D6962CEc231E2b0F8b49cE80e5B6fBF1cEa9",
            "bountyChainId": 1,
            "isEnded": false,
            "start": 1695859200,
            "end": 1732752000,
            "startClaimDate": 1696464000,
            "endClaimDate": 1733356800,
            "closableAt": 1733961600,
            "apr": 0.1447763576382432,
            "tokenPerVoteValue": 0.0027217438004032432,
            "tokenPerVoteValueUSD": 0.0008068135836714152,
            "rewardsAvailable": 25317.90124245289,
            "rewardsAvailableUSD": 7505.051220998842,
            "maxRewardPerVote": 0.02,
            "maxRewardPerVoteUSD": 0.005691505866274448,
            "totalVotes": 8930004.796613777
        },
        {
            "id": 127,
            "manager": "0x8306300ffd616049FD7e4b0354a64Da835c1A81C",
            "bountyChainId": 1,
            "isEnded": false,
            "start": 1695859200,
            "end": 1731542400,
            "startClaimDate": 1696464000,
            "endClaimDate": 1732147200,
            "closableAt": 1732752000,
            "apr": 0.121022453588795,
            "tokenPerVoteValue": 0.00029196415050063385,
            "tokenPerVoteValueUSD": 0.0006744371876564642,
            "rewardsAvailable": 458.5247477512812,
            "rewardsAvailableUSD": 1059.1921673054596,
            "maxRewardPerVote": 0.0006,
            "maxRewardPerVoteUSD": 0.0013305599999999997,
            "totalVotes": 1507663.7220235516
        },
        {
            "id": 133,
            "manager": "0x68841bC858B18E10AfF6c2eC67Dbc484B3b47D91",
            "bountyChainId": 1,
            "isEnded": false,
            "start": 1697068800,
            "end": 1732752000,
            "startClaimDate": 1697673600,
            "endClaimDate": 1733356800,
            "closableAt": 1733961600,
            "apr": 0.11747138000199811,
            "tokenPerVoteValue": 0.0022084199758924923,
            "tokenPerVoteValueUSD": 0.0006546476691661352,
            "rewardsAvailable": 2207.8092183615263,
            "rewardsAvailableUSD": 654.4666207249704,
            "maxRewardPerVote": 0.02,
            "maxRewardPerVoteUSD": 0.005691505866274448,
            "totalVotes": 959734.5037465121
        },
        {
            "id": 136,
            "manager": "0x2234a7c690AF5de948B3a1CcbEa43705E4583D2d",
            "bountyChainId": 1,
            "isEnded": false,
            "start": 1697068800,
            "end": 1731542400,
            "startClaimDate": 1697673600,
            "endClaimDate": 1732147200,
            "closableAt": 1732752000,
            "apr": 0.15571035884977585,
            "tokenPerVoteValue": 0.000375648,
            "tokenPerVoteValueUSD": 0.00086774688,
            "rewardsAvailable": 9.250434851017861,
            "rewardsAvailableUSD": 21.36850450585126,
            "maxRewardPerVote": 0.0003913,
            "maxRewardPerVoteUSD": 0.00086774688,
            "totalVotes": 7167.428983351267
        },
        {
            "id": 172,
            "manager": "0x2234a7c690AF5de948B3a1CcbEa43705E4583D2d",
            "bountyChainId": 1,
            "isEnded": false,
            "start": 1706745600,
            "end": 1731542400,
            "startClaimDate": 1707350400,
            "endClaimDate": 1732147200,
            "closableAt": 1732752000,
            "apr": 0.09056907149043955,
            "tokenPerVoteValue": 0.00021849600000000002,
            "tokenPerVoteValueUSD": 0.00050472576,
            "rewardsAvailable": 125.57302841666643,
            "rewardsAvailableUSD": 290.07369564249944,
            "maxRewardPerVote": 0.0002276,
            "maxRewardPerVoteUSD": 0.00050472576,
            "totalVotes": 56000.959040910086
        },
        {
            "id": 236,
            "manager": "0x1c572Bf5306c086b43f6F91F032296A25B49D920",
            "bountyChainId": 1,
            "isEnded": false,
            "start": 1718841600,
            "end": 1731542400,
            "startClaimDate": 1719446400,
            "endClaimDate": 1732147200,
            "closableAt": 1732752000,
            "apr": 0.16546807325599494,
            "tokenPerVoteValue": 0.02331897127073889,
            "tokenPerVoteValueUSD": 0.0009221249335506733,
            "rewardsAvailable": 10603.43939955195,
            "rewardsAvailableUSD": 419.3021955470943,
            "maxRewardPerVote": 0.024290595073686343,
            "maxRewardPerVoteUSD": 0.0009221249335506733,
            "totalVotes": 379275.1985963543
        },
        {
            "id": 244,
            "manager": "0xd3Ea7CF0a73D709029988Bf2cb65ACC568f79332",
            "bountyChainId": 1,
            "isEnded": false,
            "start": 1719446400,
            "end": 1731542400,
            "startClaimDate": 1720051200,
            "endClaimDate": 1732147200,
            "closableAt": 1732752000,
            "apr": 0.16546807325599494,
            "tokenPerVoteValue": 0.02331897127073889,
            "tokenPerVoteValueUSD": 0.0009221249335506733,
            "rewardsAvailable": 6092.56505312868,
            "rewardsAvailableUSD": 240.92427060961947,
            "maxRewardPerVote": 0.024290595073686343,
            "maxRewardPerVoteUSD": 0.0009221249335506733,
            "totalVotes": 186325.27017238326
        },
        {
            "id": 245,
            "manager": "0xf8AfC5e9AEdA712A05E32F27513cDAa2F67f457B",
            "bountyChainId": 1,
            "isEnded": false,
            "start": 1719446400,
            "end": 1731542400,
            "startClaimDate": 1720051200,
            "endClaimDate": 1732147200,
            "closableAt": 1732752000,
            "apr": 0.11153469313939078,
            "tokenPerVoteValue": 0.015718284825764123,
            "tokenPerVoteValueUSD": 0.00062156354078432,
            "rewardsAvailable": 9793.15301264001,
            "rewardsAvailableUSD": 387.26024686877633,
            "maxRewardPerVote": 0.024290595073686343,
            "maxRewardPerVoteUSD": 0.0009221249335506733,
            "totalVotes": 598120.4053971819
        },
        {
            "id": 267,
            "manager": "0xFC08757c505eA28709dF66E54870fB6dE09f0C5E",
            "bountyChainId": 1,
            "isEnded": true,
            "start": 1729728000,
            "end": 1730332800,
            "startClaimDate": 1730332800,
            "endClaimDate": 1730937600,
            "closableAt": 1731542400,