{
    "0x0000000895cB182E6f983eb4D8b4E0Aa0B31Ae4c": [
        {
            "id": 92,
            "manager": "0xF98bb4943eb8a3eB6234a9f6B1Fa758714381753",
            "bountyChainId": 1,
            "isEnded": false,
            "start": 1689811200,
            "end": 1730332800,
            "startClaimDate": 1690416000,
            "endClaimDate": 1730937600,
            "closableAt": 1731542400,
            "apr": 0.19951592067193755,
            "tokenPerVoteValue": 0.0005216994771862803,
            "tokenPerVoteValueUSD": 0.0009703610275664814,
            "rewardsAvailable": 175.29004751777018,
            "rewardsAvailableUSD": 326.03948838305257,
            "maxRewardPerVote": 0.0007842,
            "maxRewardPerVoteUSD": 0.0014002675199999998,
            "totalVotes": 322558.202520439
        },
        {
            "id": 93,
            "manager": "0xF98bb4943eb8a3eB6234a9f6B1Fa758714381753",
            "bountyChainId": 1,
            "isEnded": false,
            "start": 1689811200,
            "end": 1730332800,
            "startClaimDate": 1690416000,
            "endClaimDate": 1730937600,
            "closableAt": 1731542400,
            "apr": 0.13336849658550975,
            "tokenPerVoteValue": 0.00034873545282728416,
            "tokenPerVoteValueUSD": 0.0006486479422587486,
            "rewardsAvailable": 231.50570220623172,
            "rewardsAvailableUSD": 430.600606103591,
            "maxRewardPerVote": 0.0007842,
            "maxRewardPerVoteUSD": 0.0014002675199999998,
            "totalVotes": 637289.5910529993
        },
        {
            "id": 123,
            "manager": "0x12E9D6962CEc231E2b0F8b49cE80e5B6fBF1cEa9",
            "bountyChainId": 1,
            "isEnded": false,
            "start": 1695859200,
            "end": 1732752000,
            "startClaimDate": 1696464000,
            "endClaimDate": 1733356800,
            "closableAt": 1733961600,
            "apr": 0.13597145112643522,
            "tokenPerVoteValue": 0.0027557260472345657,
            "tokenPerVoteValueUSD": 0.000661307611895812,
            "rewardsAvailable": 24717.798384362464,
            "rewardsAvailableUSD": 5931.673882201954,
            "maxRewardPerVote": 0.02,
            "maxRewardPerVoteUSD": 0.004607535702303002,
            "totalVotes": 8610829.248720368
        },
        {
            "id": 127,
            "manager": "0x8306300ffd616049FD7e4b0354a64Da835c1A81C",
            "bountyChainId": 1,
            "isEnded": false,
            "start": 1695859200,
            "end": 1730332800,
            "startClaimDate": 1696464000,
            "endClaimDate": 1730937600,
            "closableAt": 1731542400,
            "apr": 0.13187248396432175,
            "tokenPerVoteValue": 0.00034482363967618644,
            "tokenPerVoteValueUSD": 0.0006413719697977068,
            "rewardsAvailable": 546.5905863418192,
            "rewardsAvailableUSD": 1016.6584905957837,
            "maxRewardPerVote": 0.00065,
            "maxRewardPerVoteUSD": 0.00116064,
            "totalVotes": 1521725.608432478
        },
        {
            "id": 133,
            "manager": "0x68841bC858B18E10AfF6c2eC67Dbc484B3b47D91",
            "bountyChainId": 1,
            "isEnded": false,
            "start": 1697068800,
            "end": 1732752000,
            "startClaimDate": 1697673600,
            "endClaimDate": 1733356800,
            "closableAt": 1733961600,
            "apr": 0.07825277633863567,
            "tokenPerVoteValue": 0.0015859447864852146,
            "tokenPerVoteValueUSD": 0.00038058839716728843,
            "rewardsAvailable": 1890.256993999963,
            "rewardsAvailableUSD": 453.61596804076987,
            "maxRewardPerVote": 0.02,
            "maxRewardPerVoteUSD": 0.004607535702303002,
            "totalVotes": 1144205.479095903
        },
        {
            "id": 136,
            "manager": "0x2234a7c690AF5de948B3a1CcbEa43705E4583D2d",
            "bountyChainId": 1,
            "isEnded": false,
            "start": 1697068800,
            "end": 1730332800,
            "startClaimDate": 1697673600,
            "endClaimDate": 1730937600,
            "closableAt": 1731542400,
            "apr": 0.1436607852719983,
            "tokenPerVoteValue": 0.000375648,
            "tokenPerVoteValueUSD": 0.0006987052800000001,
            "rewardsAvailable": 8.200526364670264,
            "rewardsAvailableUSD": 15.252979038286691,
            "maxRewardPerVote": 0.0003913,
            "maxRewardPerVoteUSD": 0.0006987052800000001,
            "totalVotes": 5772.193774416224
        },
        {
            "id": 172,
            "manager": "0x2234a7c690AF5de948B3a1CcbEa43705E4583D2d",
            "bountyChainId": 1,
            "isEnded": false,
            "start": 1706745600,
            "end": 1730332800,
            "startClaimDate": 1707350400,
            "endClaimDate": 1730937600,
            "closableAt": 1731542400,
            "apr": 0.08356042608716281,
            "tokenPerVoteValue": 0.00021849599999999996,
            "tokenPerVoteValueUSD": 0.00040640256,
            "rewardsAvailable": 97.08140551867903,
            "rewardsAvailableUSD": 180.57141426474303,
            "maxRewardPerVote": 0.0002276,
            "maxRewardPerVoteUSD": 0.00040640256,
            "totalVotes": 63292.346045022954
        },
        {
            "id": 236,
            "manager": "0x1c572Bf5306c086b43f6F91F032296A25B49D920",
            "bountyChainId": 1,
            "isEnded": false,
            "start": 1718841600,
            "end": 1730332800,
            "startClaimDate": 1719446400,
            "endClaimDate": 1730937600,
            "closableAt": 1731542400,
            "apr": 0.20795749636344266,
            "tokenPerVoteValue": 0.03411648385259708,
            "tokenPerVoteValueUSD": 0.001011417280294093,
            "rewardsAvailable": 10311.22563417441,
            "rewardsAvailableUSD": 305.68659515073455,
            "maxRewardPerVote": 0.045915862119317793,
            "maxRewardPerVoteUSD": 0.0013067727824537234,
            "totalVotes": 290146.4480213104
        },
        {
            "id": 244,
            "manager": "0xd3Ea7CF0a73D709029988Bf2cb65ACC568f79332",
            "bountyChainId": 1,
            "isEnded": false,
            "start": 1719446400,
            "end": 1730332800,
            "startClaimDate": 1720051200,
            "endClaimDate": 1730937600,
            "closableAt": 1731542400,
            "apr": 0.26868553805601136,
            "tokenPerVoteValue": 0.04407922763454508,
            "tokenPerVoteValueUSD": 0.0013067727824537234,
            "rewardsAvailable": 6370.045235756414,
            "rewardsAvailableUSD": 188.84636105923462,
            "maxRewardPerVote": 0.045915862119317793,
            "maxRewardPerVoteUSD": 0.0013067727824537234,
            "totalVotes": 119502.54960750457
        },
        {
            "id": 245,
            "manager": "0xf8AfC5e9AEdA712A05E32F27513cDAa2F67f457B",
            "bountyChainId": 1,
            "isEnded": false,
            "start": 1719446400,
            "end": 1730332800,
            "startClaimDate": 1720051200,
            "endClaimDate": 1730937600,
            "closableAt": 1731542400,
            "apr": 0.09303615837088368,
            "tokenPerVoteValue": 0.015263054471576597,
            "tokenPerVoteValueUSD": 0.0004524885128643598,
            "rewardsAvailable": 10095.68122657704,
            "rewardsAvailableUSD": 299.29656564310295,
            "maxRewardPerVote": 0.045915862119317793,
            "maxRewardPerVoteUSD": 0.0013067727824537234,
            "totalVotes": 634987.8391355069
        },
        {
            "id": 267,
            "manager": "0xFC08757c505eA28709dF66E54870fB6dE09f0C5E",
            "bountyChainId": 1,
            "isEnded": false,
            "start": 1729728000,
            "end": 1730332800,
            "startClaimDate": 1730332800,
            "endClaimDate": 1730937600,