{
    "0x0000000895cB182E6f983eb4D8b4E0Aa0B31Ae4c": [
        {
            "id": 92,
            "manager": "0xF98bb4943eb8a3eB6234a9f6B1Fa758714381753",
            "bountyChainId": 1,
            "isEnded": true,
            "start": 1689811200,
            "end": 1725494400,
            "startClaimDate": 1690416000,
            "endClaimDate": 1726099200,
            "closableAt": 1726704000,
            "apr": 0,
            "tokenPerVoteValue": 0.0,
            "tokenPerVoteValueUSD": 0.0,
            "rewardsAvailable": 0,
            "rewardsAvailableUSD": 0,
            "maxRewardPerVote": 0.0007842,
            "maxRewardPerVoteUSD": 0.0014604940799999998,
            "totalVotes": 664447.750081673
        },
        {
            "id": 93,
            "manager": "0xF98bb4943eb8a3eB6234a9f6B1Fa758714381753",
            "bountyChainId": 1,
            "isEnded": true,
            "start": 1689811200,
            "end": 1725494400,
            "startClaimDate": 1690416000,
            "endClaimDate": 1726099200,
            "closableAt": 1726704000,
            "apr": 0,
            "tokenPerVoteValue": 0.0,
            "tokenPerVoteValueUSD": 0.0,
            "rewardsAvailable": 0,
            "rewardsAvailableUSD": 0,
            "maxRewardPerVote": 0.0007842,
            "maxRewardPerVoteUSD": 0.0014604940799999998,
            "totalVotes": 362889.4283089897
        },
        {
            "id": 123,
            "manager": "0x12E9D6962CEc231E2b0F8b49cE80e5B6fBF1cEa9",
            "bountyChainId": 1,
            "isEnded": false,
            "start": 1695859200,
            "end": 1729123200,
            "startClaimDate": 1696464000,
            "endClaimDate": 1729728000,
            "closableAt": 1730332800,
            "apr": 0.11134089143851389,
            "tokenPerVoteValue": 0.00224899588247443,
            "tokenPerVoteValueUSD": 0.000600499968605711,
            "rewardsAvailable": 29259.102007525853,
            "rewardsAvailableUSD": 7812.415297808058,
            "maxRewardPerVote": 0.02,
            "maxRewardPerVoteUSD": 0.005126554248976371,
            "totalVotes": 12489457.248948153
        },
        {
            "id": 124,
            "manager": "0xfCBa6dC55c4b36943cF6C69f2c23b345350d520E",
            "bountyChainId": 1,
            "isEnded": false,
            "start": 1695859200,
            "end": 1726704000,
            "startClaimDate": 1696464000,
            "endClaimDate": 1727308800,
            "closableAt": 1727913600,
            "apr": 0.16895178890603246,
            "tokenPerVoteValue": 0.003412689378333109,
            "tokenPerVoteValueUSD": 0.0009112154808817776,
            "rewardsAvailable": 6725.592163958493,
            "rewardsAvailableUSD": 1795.787139844979,
            "maxRewardPerVote": 0.02,
            "maxRewardPerVoteUSD": 0.005126554248976371,
            "totalVotes": 1891929.7250996204
        },
        {
            "id": 125,
            "manager": "0xF78f606db249B27cb835Bec41f9957fCe2308f5e",
            "bountyChainId": 1,
            "isEnded": false,
            "start": 1695859200,
            "end": 1726704000,
            "startClaimDate": 1696464000,
            "endClaimDate": 1727308800,
            "closableAt": 1727913600,
            "apr": 0.15748553687803643,
            "tokenPerVoteValue": 0.003181080368694292,
            "tokenPerVoteValueUSD": 0.0008493740146075543,
            "rewardsAvailable": 1276.491226488672,
            "rewardsAvailableUSD": 340.83341254877917,
            "maxRewardPerVote": 0.02,
            "maxRewardPerVoteUSD": 0.005126554248976371,
            "totalVotes": 385224.96617465734
        },
        {
            "id": 127,
            "manager": "0x8306300ffd616049FD7e4b0354a64Da835c1A81C",
            "bountyChainId": 1,
            "isEnded": true,
            "start": 1695859200,
            "end": 1725494400,
            "startClaimDate": 1696464000,
            "endClaimDate": 1726099200,
            "closableAt": 1726704000,
            "apr": 0,
            "tokenPerVoteValue": 0.0,
            "tokenPerVoteValueUSD": 0.0,
            "rewardsAvailable": 0,
            "rewardsAvailableUSD": 0,
            "maxRewardPerVote": 0.00065,
            "maxRewardPerVoteUSD": 0.0012105599999999998,
            "totalVotes": 1301255.1271546357
        },
        {
            "id": 133,
            "manager": "0x68841bC858B18E10AfF6c2eC67Dbc484B3b47D91",
            "bountyChainId": 1,
            "isEnded": false,
            "start": 1697068800,
            "end": 1729123200,
            "startClaimDate": 1697673600,
            "endClaimDate": 1729728000,
            "closableAt": 1730332800,
            "apr": 0.10417349881597172,
            "tokenPerVoteValue": 0.0021042203531256585,
            "tokenPerVoteValueUSD": 0.0005618437391718179,
            "rewardsAvailable": 2290.568930256809,
            "rewardsAvailableUSD": 611.6003063531929,
            "maxRewardPerVote": 0.02,
            "maxRewardPerVoteUSD": 0.005126554248976371,
            "totalVotes": 1045017.0628661442
        },
        {
            "id": 136,
            "manager": "0x2234a7c690AF5de948B3a1CcbEa43705E4583D2d",
            "bountyChainId": 1,
            "isEnded": true,
            "start": 1697068800,
            "end": 1725494400,
            "startClaimDate": 1697673600,
            "endClaimDate": 1726099200,
            "closableAt": 1726704000,
            "apr": 0,
            "tokenPerVoteValue": 0.0,
            "tokenPerVoteValueUSD": 0.0,
            "rewardsAvailable": 0,
            "rewardsAvailableUSD": 0,
            "maxRewardPerVote": 0.0003913,
            "maxRewardPerVoteUSD": 0.00072875712,
            "totalVotes": 34720.74525188354
        },
        {
            "id": 172,
            "manager": "0x2234a7c690AF5de948B3a1CcbEa43705E4583D2d",
            "bountyChainId": 1,
            "isEnded": true,
            "start": 1706745600,
            "end": 1725494400,
            "startClaimDate": 1707350400,
            "endClaimDate": 1726099200,
            "closableAt": 1726704000,
            "apr": 0,
            "tokenPerVoteValue": 0.0,
            "tokenPerVoteValueUSD": 0.0,
            "rewardsAvailable": 0,
            "rewardsAvailableUSD": 0,
            "maxRewardPerVote": 0.0002276,
            "maxRewardPerVoteUSD": 0.00042388223999999995,
            "totalVotes": 380415.0917684691
        },
        {
            "id": 192,
            "manager": "0x2927D7D70943290529Adc517E8E2Dc1eEE7818b6",
            "bountyChainId": 1,
            "isEnded": true,
            "start": 1710979200,
            "end": 1725494400,
            "startClaimDate": 1711584000,
            "endClaimDate": 1726099200,
            "closableAt": 1726704000,
            "apr": 0,
            "tokenPerVoteValue": 0.0,
            "tokenPerVoteValueUSD": 0.0,
            "rewardsAvailable": 0,
            "rewardsAvailableUSD": 0,
            "maxRewardPerVote": 0.015,
            "maxRewardPerVoteUSD": 2.249121134954491e-05,
            "totalVotes": 253348.79744910158
        },
        {
            "id": 236,
            "manager": "0x1c572Bf5306c086b43f6F91F032296A25B49D920",
            "bountyChainId": 1,
            "isEnded": false,
            "start": 1718841600,
            "end": 1726704000,
            "startClaimDate": 1719446400,
            "endClaimDate": 1727308800,
            "closableAt": 1727913600,
            "apr": 0.12261910554276709,
            "tokenPerVoteValue": 0.007366989509375601,
            "tokenPerVoteValueUSD": 0.0006613272812671383,
            "rewardsAvailable": 18938.788689744968,
            "rewardsAvailableUSD": 1700.1161218897162,
            "maxRewardPerVote": 0.010657229691382029,
            "maxRewardPerVoteUSD": 0.0009184212980790464,
            "totalVotes": 2467933.0843374776
        },
        {
            "id": 244,