{
    "0x0000000895cB182E6f983eb4D8b4E0Aa0B31Ae4c": [
        {
            "id": 92,
            "manager": "0xF98bb4943eb8a3eB6234a9f6B1Fa758714381753",
            "bountyChainId": 1,
            "isEnded": false,
            "start": 1689811200,
            "end": 1729123200,
            "startClaimDate": 1690416000,
            "endClaimDate": 1729728000,
            "closableAt": 1730332800,
            "apr": 0.14469879881313263,
            "tokenPerVoteValue": 0.00038412393849425897,
            "tokenPerVoteValueUSD": 0.000749041680063805,
            "rewardsAvailable": 368.68607253670535,
            "rewardsAvailableUSD": 718.9378414465755,
            "maxRewardPerVote": 0.0007842,
            "maxRewardPerVoteUSD": 0.0014680224,
            "totalVotes": 921417.787765724
        },
        {
            "id": 93,
            "manager": "0xF98bb4943eb8a3eB6234a9f6B1Fa758714381753",
            "bountyChainId": 1,
            "isEnded": false,
            "start": 1689811200,
            "end": 1729123200,
            "startClaimDate": 1690416000,
            "endClaimDate": 1729728000,
            "closableAt": 1730332800,
            "apr": 0.06563509370609837,
            "tokenPerVoteValue": 0.00017423787138955878,
            "tokenPerVoteValueUSD": 0.0003397638492096396,
            "rewardsAvailable": 178.7699717737408,
            "rewardsAvailableUSD": 348.60144495879456,
            "maxRewardPerVote": 0.0007842,
            "maxRewardPerVoteUSD": 0.0014680224,
            "totalVotes": 984970.5551044482
        },
        {
            "id": 123,
            "manager": "0x12E9D6962CEc231E2b0F8b49cE80e5B6fBF1cEa9",
            "bountyChainId": 1,
            "isEnded": false,
            "start": 1695859200,
            "end": 1731542400,
            "startClaimDate": 1696464000,
            "endClaimDate": 1732147200,
            "closableAt": 1732752000,
            "apr": 0.1137639283252037,
            "tokenPerVoteValue": 0.0022341343379881752,
            "tokenPerVoteValueUSD": 0.0005889055382789742,
            "rewardsAvailable": 25406.38148905856,
            "rewardsAvailableUSD": 6696.982590585018,
            "maxRewardPerVote": 0.02,
            "maxRewardPerVoteUSD": 0.005061014524819567,
            "totalVotes": 10917036.551821401
        },
        {
            "id": 127,
            "manager": "0x8306300ffd616049FD7e4b0354a64Da835c1A81C",
            "bountyChainId": 1,
            "isEnded": false,
            "start": 1695859200,
            "end": 1729123200,
            "startClaimDate": 1696464000,
            "endClaimDate": 1729728000,
            "closableAt": 1730332800,
            "apr": 0.10454842181112213,
            "tokenPerVoteValue": 0.00027753894212563773,
            "tokenPerVoteValueUSD": 0.0005412009371449936,
            "rewardsAvailable": 521.3460626146107,
            "rewardsAvailableUSD": 1016.6248220984908,
            "maxRewardPerVote": 0.00065,
            "maxRewardPerVoteUSD": 0.0012167999999999999,
            "totalVotes": 1803322.5041387558
        },
        {
            "id": 133,
            "manager": "0x68841bC858B18E10AfF6c2eC67Dbc484B3b47D91",
            "bountyChainId": 1,
            "isEnded": false,
            "start": 1697068800,
            "end": 1731542400,
            "startClaimDate": 1697673600,
            "endClaimDate": 1732147200,
            "closableAt": 1732752000,
            "apr": 0.08197903620177982,
            "tokenPerVoteValue": 0.0016099319219183095,
            "tokenPerVoteValueUSD": 0.00042436921045829404,
            "rewardsAvailable": 1966.9457448831577,
            "rewardsAvailableUSD": 518.4760929367554,
            "maxRewardPerVote": 0.02,
            "maxRewardPerVoteUSD": 0.005061014524819567,
            "totalVotes": 1172886.8092992848
        },
        {
            "id": 136,
            "manager": "0x2234a7c690AF5de948B3a1CcbEa43705E4583D2d",
            "bountyChainId": 1,
            "isEnded": false,
            "start": 1697068800,
            "end": 1729123200,
            "startClaimDate": 1697673600,
            "endClaimDate": 1729728000,
            "closableAt": 1730332800,
            "apr": 0.14150592798154402,
            "tokenPerVoteValue": 0.00037564799999999997,
            "tokenPerVoteValueUSD": 0.0007325135999999999,
            "rewardsAvailable": 6.054451965332893,
            "rewardsAvailableUSD": 11.806181332399142,
            "maxRewardPerVote": 0.0003913,
            "maxRewardPerVoteUSD": 0.0007325135999999999,
            "totalVotes": 10587.678854578257
        },
        {
            "id": 172,
            "manager": "0x2234a7c690AF5de948B3a1CcbEa43705E4583D2d",
            "bountyChainId": 1,
            "isEnded": false,
            "start": 1706745600,
            "end": 1729123200,
            "startClaimDate": 1707350400,
            "endClaimDate": 1729728000,
            "closableAt": 1730332800,
            "apr": 0.08230705138921396,
            "tokenPerVoteValue": 0.000218496,
            "tokenPerVoteValueUSD": 0.0004260672,
            "rewardsAvailable": 109.24222901950053,
            "rewardsAvailableUSD": 213.022346588026,
            "maxRewardPerVote": 0.0002276,
            "maxRewardPerVoteUSD": 0.0004260672,
            "totalVotes": 278020.2172123281
        },
        {
            "id": 236,
            "manager": "0x1c572Bf5306c086b43f6F91F032296A25B49D920",
            "bountyChainId": 1,
            "isEnded": false,
            "start": 1718841600,
            "end": 1729728000,
            "startClaimDate": 1719446400,
            "endClaimDate": 1730332800,
            "closableAt": 1730937600,
            "apr": 0.07002974825874608,
            "tokenPerVoteValue": 0.009967454531184453,
            "tokenPerVoteValueUSD": 0.0003625130320391833,
            "rewardsAvailable": 10924.503727764546,
            "rewardsAvailableUSD": 397.3205954925664,
            "maxRewardPerVote": 0.02355728805080312,
            "maxRewardPerVoteUSD": 0.0008224999608025467,
            "totalVotes": 1052176.7163163282
        },
        {
            "id": 244,
            "manager": "0xd3Ea7CF0a73D709029988Bf2cb65ACC568f79332",
            "bountyChainId": 1,
            "isEnded": false,
            "start": 1719446400,
            "end": 1729728000,
            "startClaimDate": 1720051200,
            "endClaimDate": 1730332800,
            "closableAt": 1730937600,
            "apr": 0.07852305975109898,
            "tokenPerVoteValue": 0.011176322165642084,
            "tokenPerVoteValueUSD": 0.00040647914897808796,
            "rewardsAvailable": 7595.708573665181,
            "rewardsAvailableUSD": 276.25341424037333,
            "maxRewardPerVote": 0.02355728805080312,
            "maxRewardPerVoteUSD": 0.0008224999608025467,
            "totalVotes": 652440.0534135507
        },
        {
            "id": 245,
            "manager": "0xf8AfC5e9AEdA712A05E32F27513cDAa2F67f457B",
            "bountyChainId": 1,
            "isEnded": false,
            "start": 1719446400,
            "end": 1729728000,
            "startClaimDate": 1720051200,
            "endClaimDate": 1730332800,
            "closableAt": 1730937600,
            "apr": 0.061392213194864,
            "tokenPerVoteValue": 0.008738059307705213,
            "tokenPerVoteValueUSD": 0.00031780033346166705,
            "rewardsAvailable": 12377.108698825894,
            "rewardsAvailableUSD": 450.15135893042714,
            "maxRewardPerVote": 0.02355728805080312,
            "maxRewardPerVoteUSD": 0.0008224999608025467,
            "totalVotes": 1359801.293680314
        },
        {
            "id": 266,
            "manager": "0xFC08757c505eA28709dF66E54870fB6dE09f0C5E",
            "bountyChainId": 1,
            "isEnded": false,
            "start": 1728518400,
            "end": 1729123200,
            "startClaimDate": 1729123200,
            "endClaimDate": 1729728000,