{
    "0x0000000895cB182E6f983eb4D8b4E0Aa0B31Ae4c": [
        {
            "id": 92,
            "manager": "0xF98bb4943eb8a3eB6234a9f6B1Fa758714381753",
            "bountyChainId": 1,
            "isEnded": false,
            "start": 1689811200,
            "end": 1731542400,
            "startClaimDate": 1690416000,
            "endClaimDate": 1732147200,
            "closableAt": 1732752000,
            "apr": 0.1429198202174646,
            "tokenPerVoteValue": 0.0003703110297451327,
            "tokenPerVoteValueUSD": 0.0008035749345469379,
            "rewardsAvailable": 112.86369010870274,
            "rewardsAvailableUSD": 244.91420753588494,
            "maxRewardPerVote": 0.0007842,
            "maxRewardPerVoteUSD": 0.00163364544,
            "totalVotes": 292589.56337035424
        },
        {
            "id": 93,
            "manager": "0xF98bb4943eb8a3eB6234a9f6B1Fa758714381753",
            "bountyChainId": 1,
            "isEnded": false,
            "start": 1689811200,
            "end": 1731542400,
            "startClaimDate": 1690416000,
            "endClaimDate": 1732147200,
            "closableAt": 1732752000,
            "apr": 0.1523584617252619,
            "tokenPerVoteValue": 0.00039476693131868125,
            "tokenPerVoteValueUSD": 0.0008566442409615383,
            "rewardsAvailable": 230.16053999970907,
            "rewardsAvailableUSD": 499.44837179936866,
            "maxRewardPerVote": 0.0007842,
            "maxRewardPerVoteUSD": 0.00163364544,
            "totalVotes": 559707.768990793
        },
        {
            "id": 123,
            "manager": "0x12E9D6962CEc231E2b0F8b49cE80e5B6fBF1cEa9",
            "bountyChainId": 1,
            "isEnded": false,
            "start": 1695859200,
            "end": 1732752000,
            "startClaimDate": 1696464000,
            "endClaimDate": 1733356800,
            "closableAt": 1733961600,
            "apr": 0.14049816461679657,
            "tokenPerVoteValue": 0.002849422782155851,
            "tokenPerVoteValueUSD": 0.000789959036221282,
            "rewardsAvailable": 26240.996437764443,
            "rewardsAvailableUSD": 7274.916304199287,
            "maxRewardPerVote": 0.02,
            "maxRewardPerVoteUSD": 0.0053229073587925824,
            "totalVotes": 8840863.047074497
        },
        {
            "id": 127,
            "manager": "0x8306300ffd616049FD7e4b0354a64Da835c1A81C",
            "bountyChainId": 1,
            "isEnded": false,
            "start": 1695859200,
            "end": 1731542400,
            "startClaimDate": 1696464000,
            "endClaimDate": 1732147200,
            "closableAt": 1732752000,
            "apr": 0.1487074692814324,
            "tokenPerVoteValue": 0.00038530706235572696,
            "tokenPerVoteValueUSD": 0.0008361163253119275,
            "rewardsAvailable": 458.5247477512812,
            "rewardsAvailableUSD": 994.9987026202801,
            "maxRewardPerVote": 0.0006,
            "maxRewardPerVoteUSD": 0.0012499199999999996,
            "totalVotes": 1142423.2796305176
        },
        {
            "id": 133,
            "manager": "0x68841bC858B18E10AfF6c2eC67Dbc484B3b47D91",
            "bountyChainId": 1,
            "isEnded": false,
            "start": 1697068800,
            "end": 1732752000,
            "startClaimDate": 1697673600,
            "endClaimDate": 1733356800,
            "closableAt": 1733961600,
            "apr": 0.1088918623305211,
            "tokenPerVoteValue": 0.0022084199758924923,
            "tokenPerVoteValueUSD": 0.0006122507781761815,
            "rewardsAvailable": 2207.8092183615263,
            "rewardsAvailableUSD": 612.0814549597224,
            "maxRewardPerVote": 0.02,
            "maxRewardPerVoteUSD": 0.0053229073587925824,
            "totalVotes": 959734.5037465121
        },
        {
            "id": 136,
            "manager": "0x2234a7c690AF5de948B3a1CcbEa43705E4583D2d",
            "bountyChainId": 1,
            "isEnded": false,
            "start": 1697068800,
            "end": 1731542400,
            "startClaimDate": 1697673600,
            "endClaimDate": 1732147200,
            "closableAt": 1732752000,
            "apr": 0.14497959907378588,
            "tokenPerVoteValue": 0.00037564799999999997,
            "tokenPerVoteValueUSD": 0.0008151561599999999,
            "rewardsAvailable": 9.250434851017861,
            "rewardsAvailableUSD": 20.07344362670876,
            "maxRewardPerVote": 0.0003913,
            "maxRewardPerVoteUSD": 0.0008151561599999999,
            "totalVotes": 7126.717270970323
        },
        {
            "id": 172,
            "manager": "0x2234a7c690AF5de948B3a1CcbEa43705E4583D2d",
            "bountyChainId": 1,
            "isEnded": false,
            "start": 1706745600,
            "end": 1731542400,
            "startClaimDate": 1707350400,
            "endClaimDate": 1732147200,
            "closableAt": 1732752000,
            "apr": 0.08432751533144306,
            "tokenPerVoteValue": 0.000218496,
            "tokenPerVoteValueUSD": 0.00047413631999999997,
            "rewardsAvailable": 125.57302841666643,
            "rewardsAvailableUSD": 272.4934716641661,
            "maxRewardPerVote": 0.0002276,
            "maxRewardPerVoteUSD": 0.00047413631999999997,
            "totalVotes": 55729.109725177506
        },
        {
            "id": 236,
            "manager": "0x1c572Bf5306c086b43f6F91F032296A25B49D920",
            "bountyChainId": 1,
            "isEnded": false,
            "start": 1718841600,
            "end": 1731542400,
            "startClaimDate": 1719446400,
            "endClaimDate": 1732147200,
            "closableAt": 1732752000,
            "apr": 0.12444981039634402,
            "tokenPerVoteValue": 0.022085073384277166,
            "tokenPerVoteValueUSD": 0.0006997262387501979,
            "rewardsAvailable": 10603.439399551951,
            "rewardsAvailableUSD": 335.95110325267234,
            "maxRewardPerVote": 0.024290595073686343,
            "maxRewardPerVoteUSD": 0.0007388200969444997,
            "totalVotes": 460913.19899424625
        },
        {
            "id": 244,
            "manager": "0xd3Ea7CF0a73D709029988Bf2cb65ACC568f79332",
            "bountyChainId": 1,
            "isEnded": false,
            "start": 1719446400,
            "end": 1731542400,
            "startClaimDate": 1720051200,
            "endClaimDate": 1732147200,
            "closableAt": 1732752000,
            "apr": 0.1314028485568571,
            "tokenPerVoteValue": 0.023318971270738887,
            "tokenPerVoteValueUSD": 0.0007388200969444997,
            "rewardsAvailable": 6092.56505312868,
            "rewardsAvailableUSD": 193.03207894258765,
            "maxRewardPerVote": 0.024290595073686343,
            "maxRewardPerVoteUSD": 0.0007388200969444997,
            "totalVotes": 185419.64639373135
        },
        {
            "id": 245,
            "manager": "0xf8AfC5e9AEdA712A05E32F27513cDAa2F67f457B",
            "bountyChainId": 1,
            "isEnded": false,
            "start": 1719446400,
            "end": 1731542400,
            "startClaimDate": 1720051200,
            "endClaimDate": 1732147200,
            "closableAt": 1732752000,
            "apr": 0.10012329762207718,
            "tokenPerVoteValue": 0.017768049372008984,
            "tokenPerVoteValueUSD": 0.0005629490172242225,
            "rewardsAvailable": 9544.143716864837,
            "rewardsAvailableUSD": 302.3892050930463,
            "maxRewardPerVote": 0.024290595073686343,
            "maxRewardPerVoteUSD": 0.0007388200969444997,
            "totalVotes": 515665.9448855571
        },
        {
            "id": 268,
            "manager": "0xFC08757c505eA28709dF66E54870fB6dE09f0C5E",
            "bountyChainId": 1,
            "isEnded": false,
            "start": 1730937600,
            "end": 1731542400,
            "startClaimDate": 1731542400,