{
    "0x0000000895cB182E6f983eb4D8b4E0Aa0B31Ae4c": [
        {
            "id": 92,
            "manager": "0xF98bb4943eb8a3eB6234a9f6B1Fa758714381753",
            "bountyChainId": 1,
            "isEnded": false,
            "start": 1689811200,
            "end": 1731542400,
            "startClaimDate": 1690416000,
            "endClaimDate": 1732147200,
            "closableAt": 1732752000,
            "apr": 0.16121402301244145,
            "tokenPerVoteValue": 0.0004345785318967799,
            "tokenPerVoteValueUSD": 0.0009517269848539479,
            "rewardsAvailable": 133.43660579923687,
            "rewardsAvailableUSD": 292.22616670032875,
            "maxRewardPerVote": 0.0007842,
            "maxRewardPerVoteUSD": 0.0016487020799999998,
            "totalVotes": 294766.38205794577
        },
        {
            "id": 93,
            "manager": "0xF98bb4943eb8a3eB6234a9f6B1Fa758714381753",
            "bountyChainId": 1,
            "isEnded": false,
            "start": 1689811200,
            "end": 1731542400,
            "startClaimDate": 1690416000,
            "endClaimDate": 1732147200,
            "closableAt": 1732752000,
            "apr": 0.2179016187954776,
            "tokenPerVoteValue": 0.000587389135415115,
            "tokenPerVoteValueUSD": 0.0012863822065591018,
            "rewardsAvailable": 345.2408099995636,
            "rewardsAvailableUSD": 756.0773738990443,
            "maxRewardPerVote": 0.0007842,
            "maxRewardPerVoteUSD": 0.0016487020799999998,
            "totalVotes": 564244.6508060702
        },
        {
            "id": 123,
            "manager": "0x12E9D6962CEc231E2b0F8b49cE80e5B6fBF1cEa9",
            "bountyChainId": 1,
            "isEnded": false,
            "start": 1695859200,
            "end": 1732752000,
            "startClaimDate": 1696464000,
            "endClaimDate": 1733356800,
            "closableAt": 1733961600,
            "apr": 0.12929024188949184,
            "tokenPerVoteValue": 0.0027217438004032432,
            "tokenPerVoteValueUSD": 0.0007632649429946151,
            "rewardsAvailable": 25317.90124245289,
            "rewardsAvailableUSD": 7099.957918780265,
            "maxRewardPerVote": 0.02,
            "maxRewardPerVoteUSD": 0.0053843006470063156,
            "totalVotes": 8930004.796613777
        },
        {
            "id": 127,
            "manager": "0x8306300ffd616049FD7e4b0354a64Da835c1A81C",
            "bountyChainId": 1,
            "isEnded": false,
            "start": 1695859200,
            "end": 1731542400,
            "startClaimDate": 1696464000,
            "endClaimDate": 1732147200,
            "closableAt": 1732752000,
            "apr": 0.12699456019438982,
            "tokenPerVoteValue": 0.00034233442288017366,
            "tokenPerVoteValueUSD": 0.0007497123861075803,
            "rewardsAvailable": 458.5247477512812,
            "rewardsAvailableUSD": 1004.1691975753058,
            "maxRewardPerVote": 0.0006,
            "maxRewardPerVoteUSD": 0.0012614399999999997,
            "totalVotes": 1285829.6695313815
        },
        {
            "id": 133,
            "manager": "0x68841bC858B18E10AfF6c2eC67Dbc484B3b47D91",
            "bountyChainId": 1,
            "isEnded": false,
            "start": 1697068800,
            "end": 1732752000,
            "startClaimDate": 1697673600,
            "endClaimDate": 1733356800,
            "closableAt": 1733961600,
            "apr": 0.10490596243276956,
            "tokenPerVoteValue": 0.0022084199758924923,
            "tokenPerVoteValueUSD": 0.0006193123492218551,
            "rewardsAvailable": 2207.8092183615263,
            "rewardsAvailableUSD": 619.1410730672121,
            "maxRewardPerVote": 0.02,
            "maxRewardPerVoteUSD": 0.0053843006470063156,
            "totalVotes": 959734.5037465121
        },
        {
            "id": 136,
            "manager": "0x2234a7c690AF5de948B3a1CcbEa43705E4583D2d",
            "bountyChainId": 1,
            "isEnded": false,
            "start": 1697068800,
            "end": 1731542400,
            "startClaimDate": 1697673600,
            "endClaimDate": 1732147200,
            "closableAt": 1732752000,
            "apr": 0.1393527771660879,
            "tokenPerVoteValue": 0.000375648,
            "tokenPerVoteValueUSD": 0.00082266912,
            "rewardsAvailable": 9.250434851017861,
            "rewardsAvailableUSD": 20.258452323729117,
            "maxRewardPerVote": 0.0003913,
            "maxRewardPerVoteUSD": 0.00082266912,
            "totalVotes": 7167.428983351267
        },
        {
            "id": 172,
            "manager": "0x2234a7c690AF5de948B3a1CcbEa43705E4583D2d",
            "bountyChainId": 1,
            "isEnded": false,
            "start": 1706745600,
            "end": 1731542400,
            "startClaimDate": 1707350400,
            "endClaimDate": 1732147200,
            "closableAt": 1732752000,
            "apr": 0.08105466926399593,
            "tokenPerVoteValue": 0.000218496,
            "tokenPerVoteValueUSD": 0.00047850624,
            "rewardsAvailable": 125.57302841666643,
            "rewardsAvailableUSD": 275.00493223249947,
            "maxRewardPerVote": 0.0002276,
            "maxRewardPerVoteUSD": 0.00047850624,
            "totalVotes": 56000.959040910086
        },
        {
            "id": 236,
            "manager": "0x1c572Bf5306c086b43f6F91F032296A25B49D920",
            "bountyChainId": 1,
            "isEnded": false,
            "start": 1718841600,
            "end": 1731542400,
            "startClaimDate": 1719446400,
            "endClaimDate": 1732147200,
            "closableAt": 1732752000,
            "apr": 0.13037757375918513,
            "tokenPerVoteValue": 0.0219177163493942,
            "tokenPerVoteValueUSD": 0.0007696840066873492,
            "rewardsAvailable": 10603.43939955195,
            "rewardsAvailableUSD": 372.36076932527783,
            "maxRewardPerVote": 0.024290595073686343,
            "maxRewardPerVoteUSD": 0.0008188918477351121,
            "totalVotes": 464432.59239693667
        },
        {
            "id": 244,
            "manager": "0xd3Ea7CF0a73D709029988Bf2cb65ACC568f79332",
            "bountyChainId": 1,
            "isEnded": false,
            "start": 1719446400,
            "end": 1731542400,
            "startClaimDate": 1720051200,
            "endClaimDate": 1732147200,
            "closableAt": 1732752000,
            "apr": 0.13871294109174426,
            "tokenPerVoteValue": 0.02331897127073889,
            "tokenPerVoteValueUSD": 0.0008188918477351121,
            "rewardsAvailable": 6092.56505312868,
            "rewardsAvailableUSD": 213.95248511941878,
            "maxRewardPerVote": 0.024290595073686343,
            "maxRewardPerVoteUSD": 0.0008188918477351121,
            "totalVotes": 186325.27017238326
        },
        {
            "id": 245,
            "manager": "0xf8AfC5e9AEdA712A05E32F27513cDAa2F67f457B",
            "bountyChainId": 1,
            "isEnded": false,
            "start": 1719446400,
            "end": 1731542400,
            "startClaimDate": 1720051200,
            "endClaimDate": 1732147200,
            "closableAt": 1732752000,
            "apr": 0.10777534837877494,
            "tokenPerVoteValue": 0.018118066221927333,
            "tokenPerVoteValueUSD": 0.0006362517691540977,
            "rewardsAvailable": 9793.15301264001,
            "rewardsAvailableUSD": 343.90595848181897,
            "maxRewardPerVote": 0.024290595073686343,
            "maxRewardPerVoteUSD": 0.0008188918477351121,
            "totalVotes": 518897.9208364059
        },
        {
            "id": 267,
            "manager": "0xFC08757c505eA28709dF66E54870fB6dE09f0C5E",
            "bountyChainId": 1,
            "isEnded": true,
            "start": 1729728000,
            "end": 1730332800,
            "startClaimDate": 1730332800,
            "endClaimDate": 1730937600,