{
    "0x0000000895cB182E6f983eb4D8b4E0Aa0B31Ae4c": [
        {
            "id": 92,
            "manager": "0xF98bb4943eb8a3eB6234a9f6B1Fa758714381753",
            "bountyChainId": 1,
            "isEnded": true,
            "start": 1689811200,
            "end": 1727913600,
            "startClaimDate": 1690416000,
            "endClaimDate": 1728518400,
            "closableAt": 1729123200,
            "apr": 0,
            "tokenPerVoteValue": 0.0,
            "tokenPerVoteValueUSD": 0.0,
            "rewardsAvailable": 0,
            "rewardsAvailableUSD": 0,
            "maxRewardPerVote": 0.0007842,
            "maxRewardPerVoteUSD": 0.0014830790399999998,
            "totalVotes": 926921.9832768738
        },
        {
            "id": 93,
            "manager": "0xF98bb4943eb8a3eB6234a9f6B1Fa758714381753",
            "bountyChainId": 1,
            "isEnded": true,
            "start": 1689811200,
            "end": 1727913600,
            "startClaimDate": 1690416000,
            "endClaimDate": 1728518400,
            "closableAt": 1729123200,
            "apr": 0,
            "tokenPerVoteValue": 0.0,
            "tokenPerVoteValueUSD": 0.0,
            "rewardsAvailable": 0,
            "rewardsAvailableUSD": 0,
            "maxRewardPerVote": 0.0007842,
            "maxRewardPerVoteUSD": 0.0014830790399999998,
            "totalVotes": 437502.1860321105
        },
        {
            "id": 123,
            "manager": "0x12E9D6962CEc231E2b0F8b49cE80e5B6fBF1cEa9",
            "bountyChainId": 1,
            "isEnded": false,
            "start": 1695859200,
            "end": 1730332800,
            "startClaimDate": 1696464000,
            "endClaimDate": 1730937600,
            "closableAt": 1731542400,
            "apr": 0.10045520004126761,
            "tokenPerVoteValue": 0.001855846056401975,
            "tokenPerVoteValueUSD": 0.000493236964033394,
            "rewardsAvailable": 27353.892607271842,
            "rewardsAvailableUSD": 7269.97311957211,
            "maxRewardPerVote": 0.02,
            "maxRewardPerVoteUSD": 0.005102874603619567,
            "totalVotes": 14149738.774072718
        },
        {
            "id": 127,
            "manager": "0x8306300ffd616049FD7e4b0354a64Da835c1A81C",
            "bountyChainId": 1,
            "isEnded": true,
            "start": 1695859200,
            "end": 1727913600,
            "startClaimDate": 1696464000,
            "endClaimDate": 1728518400,
            "closableAt": 1729123200,
            "apr": 0,
            "tokenPerVoteValue": 0.0,
            "tokenPerVoteValueUSD": 0.0,
            "rewardsAvailable": 0,
            "rewardsAvailableUSD": 0,
            "maxRewardPerVote": 0.00065,
            "maxRewardPerVoteUSD": 0.00122928,
            "totalVotes": 1753008.3917041677
        },
        {
            "id": 133,
            "manager": "0x68841bC858B18E10AfF6c2eC67Dbc484B3b47D91",
            "bountyChainId": 1,
            "isEnded": false,
            "start": 1697068800,
            "end": 1730332800,
            "startClaimDate": 1697673600,
            "endClaimDate": 1730937600,
            "closableAt": 1731542400,
            "apr": 0.115497496503535,
            "tokenPerVoteValue": 0.0021337429353814625,
            "tokenPerVoteValueUSD": 0.0005670949289380589,
            "rewardsAvailable": 2631.5177803031274,
            "rewardsAvailableUSD": 699.3908984417794,
            "maxRewardPerVote": 0.02,
            "maxRewardPerVoteUSD": 0.005102874603619567,
            "totalVotes": 1183955.6805090804
        },
        {
            "id": 136,
            "manager": "0x2234a7c690AF5de948B3a1CcbEa43705E4583D2d",
            "bountyChainId": 1,
            "isEnded": true,
            "start": 1697068800,
            "end": 1727913600,
            "startClaimDate": 1697673600,
            "endClaimDate": 1728518400,
            "closableAt": 1729123200,
            "apr": 0,
            "tokenPerVoteValue": 0.0,
            "tokenPerVoteValueUSD": 0.0,
            "rewardsAvailable": 0,
            "rewardsAvailableUSD": 0,
            "maxRewardPerVote": 0.0003913,
            "maxRewardPerVoteUSD": 0.00074002656,
            "totalVotes": 10644.895703985821
        },
        {
            "id": 172,
            "manager": "0x2234a7c690AF5de948B3a1CcbEa43705E4583D2d",
            "bountyChainId": 1,
            "isEnded": true,
            "start": 1706745600,
            "end": 1727913600,
            "startClaimDate": 1707350400,
            "endClaimDate": 1728518400,
            "closableAt": 1729123200,
            "apr": 0,
            "tokenPerVoteValue": 0.0,
            "tokenPerVoteValueUSD": 0.0,
            "rewardsAvailable": 0,
            "rewardsAvailableUSD": 0,
            "maxRewardPerVote": 0.0002276,
            "maxRewardPerVoteUSD": 0.00043043712,
            "totalVotes": 407099.4684882824
        },
        {
            "id": 236,
            "manager": "0x1c572Bf5306c086b43f6F91F032296A25B49D920",
            "bountyChainId": 1,
            "isEnded": false,
            "start": 1718841600,
            "end": 1728518400,
            "startClaimDate": 1719446400,
            "endClaimDate": 1729123200,
            "closableAt": 1729728000,
            "apr": 0.0943637147891923,
            "tokenPerVoteValue": 0.008451182954577504,
            "tokenPerVoteValueUSD": 0.00046332765430175707,
            "rewardsAvailable": 11583.017404235885,
            "rewardsAvailableUSD": 635.0273461698281,
            "maxRewardPerVote": 0.0173605581132833,
            "maxRewardPerVoteUSD": 0.0009137042284825378,
            "totalVotes": 1315756.2400236016
        },
        {
            "id": 244,
            "manager": "0xd3Ea7CF0a73D709029988Bf2cb65ACC568f79332",
            "bountyChainId": 1,
            "isEnded": false,
            "start": 1719446400,
            "end": 1728518400,
            "startClaimDate": 1720051200,
            "endClaimDate": 1729123200,
            "closableAt": 1729728000,
            "apr": 0.09832499382697471,
            "tokenPerVoteValue": 0.008805953789502987,
            "tokenPerVoteValueUSD": 0.00048277761055571177,
            "rewardsAvailable": 7751.028182005586,
            "rewardsAvailableUSD": 424.94236905027424,
            "maxRewardPerVote": 0.0173605581132833,
            "maxRewardPerVoteUSD": 0.0009137042284825378,
            "totalVotes": 844995.0150312264
        },
        {
            "id": 245,
            "manager": "0xf8AfC5e9AEdA712A05E32F27513cDAa2F67f457B",
            "bountyChainId": 1,
            "isEnded": false,
            "start": 1719446400,
            "end": 1728518400,
            "startClaimDate": 1720051200,
            "endClaimDate": 1729123200,
            "closableAt": 1729728000,
            "apr": 0.10249032671433309,
            "tokenPerVoteValue": 0.009178999619422095,
            "tokenPerVoteValueUSD": 0.0005032294751351969,
            "rewardsAvailable": 11260.022786289444,
            "rewardsAvailableUSD": 617.3194892355325,
            "maxRewardPerVote": 0.0173605581132833,
            "maxRewardPerVoteUSD": 0.0009137042284825378,
            "totalVotes": 1177647.055564257
        },
        {
            "id": 265,
            "manager": "0xFC08757c505eA28709dF66E54870fB6dE09f0C5E",
            "bountyChainId": 1,
            "isEnded": true,
            "start": 1727308800,
            "end": 1727913600,
            "startClaimDate": 1727913600,
            "endClaimDate": 1728518400,
            "closableAt": 1729123200,
            "apr": 0,
            "tokenPerVoteValue": 0.0,
            "tokenPerVoteValueUSD": 0.0,
            "rewardsAvailable": 0,
            "rewardsAvailableUSD": 0,
            "maxRewardPerVote": 0.0004779,
            "maxRewardPerVoteUSD": 0.0008349868800000001,
            "totalVotes": 1833014.7823906094
        }
    ],
    "0x00000004E4FB0C3017b543EF66cC8A89F5dE74Ff": [],