{
    "0x0000000895cB182E6f983eb4D8b4E0Aa0B31Ae4c": [
        {
            "id": 92,
            "manager": "0xF98bb4943eb8a3eB6234a9f6B1Fa758714381753",
            "bountyChainId": 1,
            "isEnded": false,
            "start": 1689811200,
            "end": 1727913600,
            "startClaimDate": 1690416000,
            "endClaimDate": 1728518400,
            "closableAt": 1729123200,
            "apr": 0.06386703528084726,
            "tokenPerVoteValue": 0.0001531239464463134,
            "tokenPerVoteValueUSD": 0.00030318541396370054,
            "rewardsAvailable": 149.73959193655145,
            "rewardsAvailableUSD": 296.48439203437187,
            "maxRewardPerVote": 0.0007842,
            "maxRewardPerVoteUSD": 0.00149060736,
            "totalVotes": 938782.0232904551
        },
        {
            "id": 93,
            "manager": "0xF98bb4943eb8a3eB6234a9f6B1Fa758714381753",
            "bountyChainId": 1,
            "isEnded": false,
            "start": 1689811200,
            "end": 1727913600,
            "startClaimDate": 1690416000,
            "endClaimDate": 1728518400,
            "closableAt": 1729123200,
            "apr": 0.12386318222167163,
            "tokenPerVoteValue": 0.00029696727267484324,
            "tokenPerVoteValueUSD": 0.0005879951998961896,
            "rewardsAvailable": 132.39268391149935,
            "rewardsAvailableUSD": 262.1375141447687,
            "maxRewardPerVote": 0.0007842,
            "maxRewardPerVoteUSD": 0.00149060736,
            "totalVotes": 427983.10874545755
        },
        {
            "id": 123,
            "manager": "0x12E9D6962CEc231E2b0F8b49cE80e5B6fBF1cEa9",
            "bountyChainId": 1,
            "isEnded": false,
            "start": 1695859200,
            "end": 1730332800,
            "startClaimDate": 1696464000,
            "endClaimDate": 1730937600,
            "closableAt": 1731542400,
            "apr": 0.1029714649600542,
            "tokenPerVoteValue": 0.0018467194618003373,
            "tokenPerVoteValueUSD": 0.0004888194057087373,
            "rewardsAvailable": 26983.18353335421,
            "rewardsAvailableUSD": 7142.342955570179,
            "maxRewardPerVote": 0.02,
            "maxRewardPerVoteUSD": 0.005082164770418428,
            "totalVotes": 14026957.926119857
        },
        {
            "id": 127,
            "manager": "0x8306300ffd616049FD7e4b0354a64Da835c1A81C",
            "bountyChainId": 1,
            "isEnded": false,
            "start": 1695859200,
            "end": 1727913600,
            "startClaimDate": 1696464000,
            "endClaimDate": 1728518400,
            "closableAt": 1729123200,
            "apr": 0.10121792236148791,
            "tokenPerVoteValue": 0.00024267429441390492,
            "tokenPerVoteValueUSD": 0.00048049510293953174,
            "rewardsAvailable": 442.42958868995953,
            "rewardsAvailableUSD": 876.0105856061199,
            "maxRewardPerVote": 0.00065,
            "maxRewardPerVoteUSD": 0.00123552,
            "totalVotes": 1750215.8857334028
        },
        {
            "id": 133,
            "manager": "0x68841bC858B18E10AfF6c2eC67Dbc484B3b47D91",
            "bountyChainId": 1,
            "isEnded": false,
            "start": 1697068800,
            "end": 1730332800,
            "startClaimDate": 1697673600,
            "endClaimDate": 1730937600,
            "closableAt": 1731542400,
            "apr": 0.10272719986816384,
            "tokenPerVoteValue": 0.001842338742353378,
            "tokenPerVoteValueUSD": 0.00048765984643569436,
            "rewardsAvailable": 2289.792023170648,
            "rewardsAvailableUSD": 606.0989766532815,
            "maxRewardPerVote": 0.02,
            "maxRewardPerVoteUSD": 0.005082164770418428,
            "totalVotes": 1193157.5294540413
        },
        {
            "id": 136,
            "manager": "0x2234a7c690AF5de948B3a1CcbEa43705E4583D2d",
            "bountyChainId": 1,
            "isEnded": false,
            "start": 1697068800,
            "end": 1727913600,
            "startClaimDate": 1697673600,
            "endClaimDate": 1728518400,
            "closableAt": 1729123200,
            "apr": 0.15668041887616416,
            "tokenPerVoteValue": 0.000375648,
            "tokenPerVoteValueUSD": 0.00074378304,
            "rewardsAvailable": 8.99011106384924,
            "rewardsAvailableUSD": 17.800419906421492,
            "maxRewardPerVote": 0.0003913,
            "maxRewardPerVoteUSD": 0.00074378304,
            "totalVotes": 15595.155374726004
        },
        {
            "id": 172,
            "manager": "0x2234a7c690AF5de948B3a1CcbEa43705E4583D2d",
            "bountyChainId": 1,
            "isEnded": false,
            "start": 1706745600,
            "end": 1727913600,
            "startClaimDate": 1707350400,
            "endClaimDate": 1728518400,
            "closableAt": 1729123200,
            "apr": 0.09113330778485806,
            "tokenPerVoteValue": 0.000218496,
            "tokenPerVoteValueUSD": 0.00043262207999999997,
            "rewardsAvailable": 121.58194345701143,
            "rewardsAvailableUSD": 240.73224804488262,
            "maxRewardPerVote": 0.0002276,
            "maxRewardPerVoteUSD": 0.00043262207999999997,
            "totalVotes": 340543.43789459317
        },
        {
            "id": 236,
            "manager": "0x1c572Bf5306c086b43f6F91F032296A25B49D920",
            "bountyChainId": 1,
            "isEnded": false,
            "start": 1718841600,
            "end": 1728518400,
            "startClaimDate": 1719446400,
            "endClaimDate": 1729123200,
            "closableAt": 1729728000,
            "apr": 0.11394622108948861,
            "tokenPerVoteValue": 0.008981768903197726,
            "tokenPerVoteValueUSD": 0.0005409180504261799,
            "rewardsAvailable": 11583.017404235885,
            "rewardsAvailableUSD": 697.5756401527019,
            "maxRewardPerVote": 0.0173605581132833,
            "maxRewardPerVoteUSD": 0.0010037013617417985,
            "totalVotes": 1238029.7052741547
        },
        {
            "id": 244,
            "manager": "0xd3Ea7CF0a73D709029988Bf2cb65ACC568f79332",
            "bountyChainId": 1,
            "isEnded": false,
            "start": 1719446400,
            "end": 1728518400,
            "startClaimDate": 1720051200,
            "endClaimDate": 1729123200,
            "closableAt": 1729728000,
            "apr": 0.12328611122659419,
            "tokenPerVoteValue": 0.009717982302735174,
            "tokenPerVoteValueUSD": 0.0005852557661999231,
            "rewardsAvailable": 7751.028182005586,
            "rewardsAvailableUSD": 466.79792123310443,
            "maxRewardPerVote": 0.0173605581132833,
            "maxRewardPerVoteUSD": 0.0010037013617417985,
            "totalVotes": 765692.5916227549
        },
        {
            "id": 245,
            "manager": "0xf8AfC5e9AEdA712A05E32F27513cDAa2F67f457B",
            "bountyChainId": 1,
            "isEnded": false,
            "start": 1719446400,
            "end": 1728518400,
            "startClaimDate": 1720051200,
            "endClaimDate": 1729123200,
            "closableAt": 1729728000,
            "apr": 0.1340967109425554,
            "tokenPerVoteValue": 0.01057012384306306,
            "tokenPerVoteValueUSD": 0.0006365751383246296,
            "rewardsAvailable": 11260.022786289444,
            "rewardsAvailableUSD": 678.1236122814955,
            "maxRewardPerVote": 0.0173605581132833,
            "maxRewardPerVoteUSD": 0.0010037013617417985,
            "totalVotes": 1022658.0156799189
        },
        {
            "id": 265,
            "manager": "0xFC08757c505eA28709dF66E54870fB6dE09f0C5E",
            "bountyChainId": 1,
            "isEnded": false,
            "start": 1727308800,
            "end": 1727913600,
            "startClaimDate": 1727913600,
            "endClaimDate": 1728518400,