{
    "0x0000000895cB182E6f983eb4D8b4E0Aa0B31Ae4c": [
        {
            "id": 92,
            "manager": "0xF98bb4943eb8a3eB6234a9f6B1Fa758714381753",
            "bountyChainId": 1,
            "isEnded": false,
            "start": 1689811200,
            "end": 1729123200,
            "startClaimDate": 1690416000,
            "endClaimDate": 1729728000,
            "closableAt": 1730332800,
            "apr": 0.1527318419356774,
            "tokenPerVoteValue": 0.0003818429555246774,
            "tokenPerVoteValueUSD": 0.0007560490519388613,
            "rewardsAvailable": 368.68607253670535,
            "rewardsAvailableUSD": 729.9984236226766,
            "maxRewardPerVote": 0.0007842,
            "maxRewardPerVoteUSD": 0.00149060736,
            "totalVotes": 926921.9832768738
        },
        {
            "id": 93,
            "manager": "0xF98bb4943eb8a3eB6234a9f6B1Fa758714381753",
            "bountyChainId": 1,
            "isEnded": false,
            "start": 1689811200,
            "end": 1729123200,
            "startClaimDate": 1690416000,
            "endClaimDate": 1729728000,
            "closableAt": 1730332800,
            "apr": 0.06969271174772045,
            "tokenPerVoteValue": 0.00017423787138955878,
            "tokenPerVoteValueUSD": 0.0003449909853513264,
            "rewardsAvailable": 178.7699717737408,
            "rewardsAvailableUSD": 353.96454411200676,
            "maxRewardPerVote": 0.0007842,
            "maxRewardPerVoteUSD": 0.00149060736,
            "totalVotes": 984970.5551044482
        },
        {
            "id": 123,
            "manager": "0x12E9D6962CEc231E2b0F8b49cE80e5B6fBF1cEa9",
            "bountyChainId": 1,
            "isEnded": false,
            "start": 1695859200,
            "end": 1731542400,
            "startClaimDate": 1696464000,
            "endClaimDate": 1732147200,
            "closableAt": 1732752000,
            "apr": 0.12629285828732234,
            "tokenPerVoteValue": 0.0022341343379881752,
            "tokenPerVoteValueUSD": 0.0006251715069015646,
            "rewardsAvailable": 25406.38148905856,
            "rewardsAvailableUSD": 7109.396033335048,
            "maxRewardPerVote": 0.02,
            "maxRewardPerVoteUSD": 0.005372681816134178,
            "totalVotes": 10917036.551821401
        },
        {
            "id": 127,
            "manager": "0x8306300ffd616049FD7e4b0354a64Da835c1A81C",
            "bountyChainId": 1,
            "isEnded": false,
            "start": 1695859200,
            "end": 1729123200,
            "startClaimDate": 1696464000,
            "endClaimDate": 1729728000,
            "closableAt": 1730332800,
            "apr": 0.11101169532244663,
            "tokenPerVoteValue": 0.00027753894212563773,
            "tokenPerVoteValueUSD": 0.0005495271054087627,
            "rewardsAvailable": 521.3460626146107,
            "rewardsAvailableUSD": 1032.2652039769291,
            "maxRewardPerVote": 0.00065,
            "maxRewardPerVoteUSD": 0.00123552,
            "totalVotes": 1803322.5041387558
        },
        {
            "id": 133,
            "manager": "0x68841bC858B18E10AfF6c2eC67Dbc484B3b47D91",
            "bountyChainId": 1,
            "isEnded": false,
            "start": 1697068800,
            "end": 1731542400,
            "startClaimDate": 1697673600,
            "endClaimDate": 1732147200,
            "closableAt": 1732752000,
            "apr": 0.10818795783278011,
            "tokenPerVoteValue": 0.0019138566885637904,
            "tokenPerVoteValueUSD": 0.0005355491161111172,
            "rewardsAvailable": 2360.334893859789,
            "rewardsAvailableUSD": 660.4858523035149,
            "maxRewardPerVote": 0.02,
            "maxRewardPerVoteUSD": 0.005372681816134178,
            "totalVotes": 1183955.6805090804
        },
        {
            "id": 136,
            "manager": "0x2234a7c690AF5de948B3a1CcbEa43705E4583D2d",
            "bountyChainId": 1,
            "isEnded": false,
            "start": 1697068800,
            "end": 1729123200,
            "startClaimDate": 1697673600,
            "endClaimDate": 1729728000,
            "closableAt": 1730332800,
            "apr": 0.15025394636551165,
            "tokenPerVoteValue": 0.000375648,
            "tokenPerVoteValueUSD": 0.00074378304,
            "rewardsAvailable": 12.108903930665786,
            "rewardsAvailableUSD": 23.975629782718254,
            "maxRewardPerVote": 0.0003913,
            "maxRewardPerVoteUSD": 0.00074378304,
            "totalVotes": 10644.895703985821
        },
        {
            "id": 172,
            "manager": "0x2234a7c690AF5de948B3a1CcbEa43705E4583D2d",
            "bountyChainId": 1,
            "isEnded": false,
            "start": 1706745600,
            "end": 1729123200,
            "startClaimDate": 1707350400,
            "endClaimDate": 1729728000,
            "closableAt": 1730332800,
            "apr": 0.0873953442187336,
            "tokenPerVoteValue": 0.000218496,
            "tokenPerVoteValueUSD": 0.00043262207999999997,
            "rewardsAvailable": 109.24222901950053,
            "rewardsAvailableUSD": 216.29961345861105,
            "maxRewardPerVote": 0.0002276,
            "maxRewardPerVoteUSD": 0.00043262207999999997,
            "totalVotes": 278020.2172123281
        },
        {
            "id": 236,
            "manager": "0x1c572Bf5306c086b43f6F91F032296A25B49D920",
            "bountyChainId": 1,
            "isEnded": false,
            "start": 1718841600,
            "end": 1729123200,
            "startClaimDate": 1719446400,
            "endClaimDate": 1729728000,
            "closableAt": 1730332800,
            "apr": 0.10191513013952946,
            "tokenPerVoteValue": 0.009871784235354866,
            "tokenPerVoteValueUSD": 0.0005044975333478104,
            "rewardsAvailable": 10819.647417644768,
            "rewardsAvailableUSD": 552.9380812787358,
            "maxRewardPerVote": 0.015997419447616276,
            "maxRewardPerVoteUSD": 0.0007848461960356125,
            "totalVotes": 1052176.7163163282
        },
        {
            "id": 244,
            "manager": "0xd3Ea7CF0a73D709029988Bf2cb65ACC568f79332",
            "bountyChainId": 1,
            "isEnded": false,
            "start": 1719446400,
            "end": 1729123200,
            "startClaimDate": 1720051200,
            "endClaimDate": 1729728000,
            "closableAt": 1730332800,
            "apr": 0.11616948873664906,
            "tokenPerVoteValue": 0.011252501232835903,
            "tokenPerVoteValueUSD": 0.0005750590755040788,
            "rewardsAvailable": 7647.4817764453155,
            "rewardsAvailableUSD": 390.82455618523784,
            "maxRewardPerVote": 0.015997419447616276,
            "maxRewardPerVoteUSD": 0.0007848461960356125,
            "totalVotes": 652440.0534135507
        },
        {
            "id": 245,
            "manager": "0xf8AfC5e9AEdA712A05E32F27513cDAa2F67f457B",
            "bountyChainId": 1,
            "isEnded": false,
            "start": 1719446400,
            "end": 1729123200,
            "startClaimDate": 1720051200,
            "endClaimDate": 1729728000,
            "closableAt": 1730332800,
            "apr": 0.08343385939923008,
            "tokenPerVoteValue": 0.008081636718556974,
            "tokenPerVoteValueUSD": 0.0004130120445018541,
            "rewardsAvailable": 11447.312567654273,
            "rewardsAvailableUSD": 585.0149087699716,
            "maxRewardPerVote": 0.015997419447616276,
            "maxRewardPerVoteUSD": 0.0007848461960356125,
            "totalVotes": 1359801.293680314
        },
        {
            "id": 266,
            "manager": "0xFC08757c505eA28709dF66E54870fB6dE09f0C5E",
            "bountyChainId": 1,
            "isEnded": false,
            "start": 1728518400,
            "end": 1729123200,
            "startClaimDate": 1729123200,
            "endClaimDate": 1729728000,