{
    "0x0000000895cB182E6f983eb4D8b4E0Aa0B31Ae4c": [
        {
            "id": 92,
            "manager": "0xF98bb4943eb8a3eB6234a9f6B1Fa758714381753",
            "bountyChainId": 1,
            "isEnded": false,
            "start": 1689811200,
            "end": 1729123200,
            "startClaimDate": 1690416000,
            "endClaimDate": 1729728000,
            "closableAt": 1730332800,
            "apr": 0.07835715941336942,
            "tokenPerVoteValue": 0.0001948680780500895,
            "tokenPerVoteValueUSD": 0.0003916848368806799,
            "rewardsAvailable": 188.15365144118917,
            "rewardsAvailableUSD": 378.1888393967902,
            "maxRewardPerVote": 0.0007842,
            "maxRewardPerVoteUSD": 0.0015131923199999998,
            "totalVotes": 926921.9832768738
        },
        {
            "id": 93,
            "manager": "0xF98bb4943eb8a3eB6234a9f6B1Fa758714381753",
            "bountyChainId": 1,
            "isEnded": false,
            "start": 1689811200,
            "end": 1729123200,
            "startClaimDate": 1690416000,
            "endClaimDate": 1729728000,
            "closableAt": 1730332800,
            "apr": 0.06959636692995975,
            "tokenPerVoteValue": 0.00017308067781482238,
            "tokenPerVoteValueUSD": 0.0003478921624077929,
            "rewardsAvailable": 178.76997177374082,
            "rewardsAvailableUSD": 359.327643265219,
            "maxRewardPerVote": 0.0007842,
            "maxRewardPerVoteUSD": 0.0015131923199999998,
            "totalVotes": 991555.9325830995
        },
        {
            "id": 123,
            "manager": "0x12E9D6962CEc231E2b0F8b49cE80e5B6fBF1cEa9",
            "bountyChainId": 1,
            "isEnded": false,
            "start": 1695859200,
            "end": 1731542400,
            "startClaimDate": 1696464000,
            "endClaimDate": 1732147200,
            "closableAt": 1732752000,
            "apr": 0.12719466105883206,
            "tokenPerVoteValue": 0.002223679062501768,
            "tokenPerVoteValueUSD": 0.0006358094198654884,
            "rewardsAvailable": 25424.215339502534,
            "rewardsAvailableUSD": 7269.464320700058,
            "maxRewardPerVote": 0.02,
            "maxRewardPerVoteUSD": 0.005489794398515038,
            "totalVotes": 10976065.358308883
        },
        {
            "id": 127,
            "manager": "0x8306300ffd616049FD7e4b0354a64Da835c1A81C",
            "bountyChainId": 1,
            "isEnded": false,
            "start": 1695859200,
            "end": 1729123200,
            "startClaimDate": 1696464000,
            "endClaimDate": 1729728000,
            "closableAt": 1730332800,
            "apr": 0.11103888162788937,
            "tokenPerVoteValue": 0.0002761449446821869,
            "tokenPerVoteValueUSD": 0.0005550513388111956,
            "rewardsAvailable": 521.3460626146107,
            "rewardsAvailableUSD": 1047.9055858553672,
            "maxRewardPerVote": 0.00065,
            "maxRewardPerVoteUSD": 0.0012542399999999998,
            "totalVotes": 1812425.7921362238
        },
        {
            "id": 133,
            "manager": "0x68841bC858B18E10AfF6c2eC67Dbc484B3b47D91",
            "bountyChainId": 1,
            "isEnded": false,
            "start": 1697068800,
            "end": 1731542400,
            "startClaimDate": 1697673600,
            "endClaimDate": 1732147200,
            "closableAt": 1732752000,
            "apr": 0.0912273256672115,
            "tokenPerVoteValue": 0.0015948805738031588,
            "tokenPerVoteValueUSD": 0.00045601908543567866,
            "rewardsAvailable": 1966.9457448831579,
            "rewardsAvailableUSD": 562.4024860647161,
            "maxRewardPerVote": 0.02,
            "maxRewardPerVoteUSD": 0.005489794398515038,
            "totalVotes": 1183955.6805090804
        },
        {
            "id": 136,
            "manager": "0x2234a7c690AF5de948B3a1CcbEa43705E4583D2d",
            "bountyChainId": 1,
            "isEnded": false,
            "start": 1697068800,
            "end": 1729123200,
            "startClaimDate": 1697673600,
            "endClaimDate": 1729728000,
            "closableAt": 1730332800,
            "apr": 0.1510494202736859,
            "tokenPerVoteValue": 0.000375648,
            "tokenPerVoteValueUSD": 0.0007550524799999999,
            "rewardsAvailable": 6.054451965332893,
            "rewardsAvailableUSD": 12.169448450319114,
            "maxRewardPerVote": 0.0003913,
            "maxRewardPerVoteUSD": 0.0007550524799999999,
            "totalVotes": 10644.895703985821
        },
        {
            "id": 172,
            "manager": "0x2234a7c690AF5de948B3a1CcbEa43705E4583D2d",
            "bountyChainId": 1,
            "isEnded": false,
            "start": 1706745600,
            "end": 1729123200,
            "startClaimDate": 1707350400,
            "endClaimDate": 1729728000,
            "closableAt": 1730332800,
            "apr": 0.08785803233910276,
            "tokenPerVoteValue": 0.000218496,
            "tokenPerVoteValueUSD": 0.00043917695999999996,
            "rewardsAvailable": 109.24222901950053,
            "rewardsAvailableUSD": 219.57688032919603,
            "maxRewardPerVote": 0.0002276,
            "maxRewardPerVoteUSD": 0.00043917695999999996,
            "totalVotes": 279376.41339385166
        },
        {
            "id": 236,
            "manager": "0x1c572Bf5306c086b43f6F91F032296A25B49D920",
            "bountyChainId": 1,
            "isEnded": false,
            "start": 1718841600,
            "end": 1729123200,
            "startClaimDate": 1719446400,
            "endClaimDate": 1729728000,
            "closableAt": 1730332800,
            "apr": 0.11759882443509649,
            "tokenPerVoteValue": 0.00981176726888152,
            "tokenPerVoteValueUSD": 0.0005878426006132296,
            "rewardsAvailable": 10819.647417644768,
            "rewardsAvailableUSD": 648.2267160859334,
            "maxRewardPerVote": 0.015997419447616276,
            "maxRewardPerVoteUSD": 0.0009200998981877628,
            "totalVotes": 1058612.7082204034
        },
        {
            "id": 244,
            "manager": "0xd3Ea7CF0a73D709029988Bf2cb65ACC568f79332",
            "bountyChainId": 1,
            "isEnded": false,
            "start": 1719446400,
            "end": 1729123200,
            "startClaimDate": 1720051200,
            "endClaimDate": 1729728000,
            "closableAt": 1730332800,
            "apr": 0.10413369502259816,
            "tokenPerVoteValue": 0.00868831457557912,
            "tokenPerVoteValueUSD": 0.0005205343028520963,
            "rewardsAvailable": 7647.481776445315,
            "rewardsAvailableUSD": 458.1759281903917,
            "maxRewardPerVote": 0.015997419447616276,
            "maxRewardPerVoteUSD": 0.0009200998981877628,
            "totalVotes": 844995.0150312264
        },
        {
            "id": 245,
            "manager": "0xf8AfC5e9AEdA712A05E32F27513cDAa2F67f457B",
            "bountyChainId": 1,
            "isEnded": false,
            "start": 1719446400,
            "end": 1729123200,
            "startClaimDate": 1720051200,
            "endClaimDate": 1729728000,
            "closableAt": 1730332800,
            "apr": 0.08800262725893154,
            "tokenPerVoteValue": 0.007342431370913189,
            "tokenPerVoteValueUSD": 0.000439899748294151,
            "rewardsAvailable": 11447.312567654273,
            "rewardsAvailableUSD": 685.8313905533029,
            "maxRewardPerVote": 0.015997419447616276,
            "maxRewardPerVoteUSD": 0.0009200998981877628,
            "totalVotes": 1496700.412956169
        },
        {
            "id": 265,
            "manager": "0xFC08757c505eA28709dF66E54870fB6dE09f0C5E",
            "bountyChainId": 1,
            "isEnded": true,
            "start": 1727308800,
            "end": 1727913600,
            "startClaimDate": 1727913600,