{
    "0x0000000895cB182E6f983eb4D8b4E0Aa0B31Ae4c": [
        {
            "id": 92,
            "manager": "0xF98bb4943eb8a3eB6234a9f6B1Fa758714381753",
            "bountyChainId": 1,
            "isEnded": false,
            "start": 1689811200,
            "end": 1726704000,
            "startClaimDate": 1690416000,
            "endClaimDate": 1727308800,
            "closableAt": 1727913600,
            "apr": 0.19639438592155486,
            "tokenPerVoteValue": 0.0005513754588236645,
            "tokenPerVoteValueUSD": 0.0010531271263531992,
            "rewardsAvailable": 408.0470362242652,
            "rewardsAvailableUSD": 779.3698391883464,
            "maxRewardPerVote": 0.0007842,
            "maxRewardPerVoteUSD": 0.00143790912,
            "totalVotes": 710450.8343752243
        },
        {
            "id": 93,
            "manager": "0xF98bb4943eb8a3eB6234a9f6B1Fa758714381753",
            "bountyChainId": 1,
            "isEnded": false,
            "start": 1689811200,
            "end": 1726704000,
            "startClaimDate": 1690416000,
            "endClaimDate": 1727308800,
            "closableAt": 1727913600,
            "apr": 0.22012152758522596,
            "tokenPerVoteValue": 0.0006179891940381031,
            "tokenPerVoteValueUSD": 0.0011803593606127768,
            "rewardsAvailable": 356.3170622231789,
            "rewardsAvailableUSD": 680.5655888462717,
            "maxRewardPerVote": 0.0007842,
            "maxRewardPerVoteUSD": 0.00143790912,
            "totalVotes": 553511.9109431568
        },
        {
            "id": 123,
            "manager": "0x12E9D6962CEc231E2b0F8b49cE80e5B6fBF1cEa9",
            "bountyChainId": 1,
            "isEnded": false,
            "start": 1695859200,
            "end": 1729123200,
            "startClaimDate": 1696464000,
            "endClaimDate": 1729728000,
            "closableAt": 1730332800,
            "apr": 0.10652427313543658,
            "tokenPerVoteValue": 0.0021623777017350907,
            "tokenPerVoteValueUSD": 0.0005712159292516373,
            "rewardsAvailable": 28347.7842979043,
            "rewardsAvailableUSD": 7488.380007322198,
            "maxRewardPerVote": 0.02,
            "maxRewardPerVoteUSD": 0.005071891849805537,
            "totalVotes": 12585161.650599584
        },
        {
            "id": 124,
            "manager": "0xfCBa6dC55c4b36943cF6C69f2c23b345350d520E",
            "bountyChainId": 1,
            "isEnded": false,
            "start": 1695859200,
            "end": 1726704000,
            "startClaimDate": 1696464000,
            "endClaimDate": 1727308800,
            "closableAt": 1727913600,
            "apr": 0.10992624861503869,
            "tokenPerVoteValue": 0.0022314357267505546,
            "tokenPerVoteValueUSD": 0.0005894583685349497,
            "rewardsAvailable": 6725.592163958493,
            "rewardsAvailableUSD": 1776.6393792446388,
            "maxRewardPerVote": 0.02,
            "maxRewardPerVoteUSD": 0.005071891849805537,
            "totalVotes": 2893459.3096267628
        },
        {
            "id": 125,
            "manager": "0xF78f606db249B27cb835Bec41f9957fCe2308f5e",
            "bountyChainId": 1,
            "isEnded": false,
            "start": 1695859200,
            "end": 1726704000,
            "startClaimDate": 1696464000,
            "endClaimDate": 1727308800,
            "closableAt": 1727913600,
            "apr": 0.11295031976670698,
            "tokenPerVoteValue": 0.002292822524654483,
            "tokenPerVoteValueUSD": 0.0006056743685336264,
            "rewardsAvailable": 1276.491226488672,
            "rewardsAvailableUSD": 337.19924208209216,
            "maxRewardPerVote": 0.02,
            "maxRewardPerVoteUSD": 0.005071891849805537,
            "totalVotes": 534464.209179815
        },
        {
            "id": 127,
            "manager": "0x8306300ffd616049FD7e4b0354a64Da835c1A81C",
            "bountyChainId": 1,
            "isEnded": false,
            "start": 1695859200,
            "end": 1726704000,
            "startClaimDate": 1696464000,
            "endClaimDate": 1727308800,
            "closableAt": 1727913600,
            "apr": 0.07849316227122678,
            "tokenPerVoteValue": 0.00022036884180133787,
            "tokenPerVoteValueUSD": 0.0004209044878405553,
            "rewardsAvailable": 524.6371657077012,
            "rewardsAvailableUSD": 1002.0569865017093,
            "maxRewardPerVote": 0.00065,
            "maxRewardPerVoteUSD": 0.00119184,
            "totalVotes": 2285494.060605148
        },
        {
            "id": 133,
            "manager": "0x68841bC858B18E10AfF6c2eC67Dbc484B3b47D91",
            "bountyChainId": 1,
            "isEnded": false,
            "start": 1697068800,
            "end": 1729123200,
            "startClaimDate": 1697673600,
            "endClaimDate": 1729728000,
            "closableAt": 1730332800,
            "apr": 0.12339141443489739,
            "tokenPerVoteValue": 0.002504770371165433,
            "tokenPerVoteValueUSD": 0.0006616627307889766,
            "rewardsAvailable": 2726.5914337806694,
            "rewardsAvailableUSD": 720.2592120178006,
            "maxRewardPerVote": 0.02,
            "maxRewardPerVoteUSD": 0.005071891849805537,
            "totalVotes": 1045017.0628661442
        },
        {
            "id": 136,
            "manager": "0x2234a7c690AF5de948B3a1CcbEa43705E4583D2d",
            "bountyChainId": 1,
            "isEnded": false,
            "start": 1697068800,
            "end": 1726704000,
            "startClaimDate": 1697673600,
            "endClaimDate": 1727308800,
            "closableAt": 1727913600,
            "apr": 0.1338020347152489,
            "tokenPerVoteValue": 0.00037564799999999997,
            "tokenPerVoteValueUSD": 0.0007174876799999999,
            "rewardsAvailable": 38.5498824219034,
            "rewardsAvailableUSD": 73.63027542583549,
            "maxRewardPerVote": 0.0003913,
            "maxRewardPerVoteUSD": 0.0007174876799999999,
            "totalVotes": 34720.74525188354
        },
        {
            "id": 172,
            "manager": "0x2234a7c690AF5de948B3a1CcbEa43705E4583D2d",
            "bountyChainId": 1,
            "isEnded": false,
            "start": 1706745600,
            "end": 1726704000,
            "startClaimDate": 1707350400,
            "endClaimDate": 1727308800,
            "closableAt": 1727913600,
            "apr": 0.07619716822799312,
            "tokenPerVoteValue": 0.0002139228593303826,
            "tokenPerVoteValueUSD": 0.00040859266132103075,
            "rewardsAvailable": 470.5426290673875,
            "rewardsAvailableUSD": 898.7364215187101,
            "maxRewardPerVote": 0.0002276,
            "maxRewardPerVoteUSD": 0.00041732735999999997,
            "totalVotes": 2111606.610526152
        },
        {
            "id": 236,
            "manager": "0x1c572Bf5306c086b43f6F91F032296A25B49D920",
            "bountyChainId": 1,
            "isEnded": false,
            "start": 1718841600,
            "end": 1726704000,
            "startClaimDate": 1719446400,
            "endClaimDate": 1727308800,
            "closableAt": 1727913600,
            "apr": 0.09577656947369227,
            "tokenPerVoteValue": 0.006803060353034348,
            "tokenPerVoteValueUSD": 0.0005135834352316221,
            "rewardsAvailable": 18938.788689744968,
            "rewardsAvailableUSD": 1429.745974554917,
            "maxRewardPerVote": 0.010657229691382029,
            "maxRewardPerVoteUSD": 0.0007723643914478434,
            "totalVotes": 2672508.5768268756
        },
        {
            "id": 244,
            "manager": "0xd3Ea7CF0a73D709029988Bf2cb65ACC568f79332",
            "bountyChainId": 1,
            "isEnded": false,
            "start": 1719446400,
            "end": 1726704000,
            "startClaimDate": 1720051200,
            "endClaimDate": 1727308800,