{
    "0x0000000895cB182E6f983eb4D8b4E0Aa0B31Ae4c": [
        {
            "id": 92,
            "manager": "0xF98bb4943eb8a3eB6234a9f6B1Fa758714381753",
            "bountyChainId": 1,
            "isEnded": false,
            "start": 1689811200,
            "end": 1726704000,
            "startClaimDate": 1690416000,
            "endClaimDate": 1727308800,
            "closableAt": 1727913600,
            "apr": 0.09847014962906929,
            "tokenPerVoteValue": 0.00027960958296398703,
            "tokenPerVoteValueUSD": 0.0005452386867797747,
            "rewardsAvailable": 204.0235181121326,
            "rewardsAvailableUSD": 397.84586031865854,
            "maxRewardPerVote": 0.0007842,
            "maxRewardPerVoteUSD": 0.0014680224,
            "totalVotes": 700485.9250938973
        },
        {
            "id": 93,
            "manager": "0xF98bb4943eb8a3eB6234a9f6B1Fa758714381753",
            "bountyChainId": 1,
            "isEnded": false,
            "start": 1689811200,
            "end": 1726704000,
            "startClaimDate": 1690416000,
            "endClaimDate": 1727308800,
            "closableAt": 1727913600,
            "apr": 0.1093829715310993,
            "tokenPerVoteValue": 0.0003105969389544171,
            "tokenPerVoteValueUSD": 0.0006056640309611133,
            "rewardsAvailable": 178.15853111158944,
            "rewardsAvailableUSD": 347.4091356675994,
            "maxRewardPerVote": 0.0007842,
            "maxRewardPerVoteUSD": 0.0014680224,
            "totalVotes": 550656.3923098623
        },
        {
            "id": 123,
            "manager": "0x12E9D6962CEc231E2b0F8b49cE80e5B6fBF1cEa9",
            "bountyChainId": 1,
            "isEnded": false,
            "start": 1695859200,
            "end": 1729123200,
            "startClaimDate": 1696464000,
            "endClaimDate": 1729728000,
            "closableAt": 1730332800,
            "apr": 0.10389514947017499,
            "tokenPerVoteValue": 0.002083028132950436,
            "tokenPerVoteValueUSD": 0.0005752774325345772,
            "rewardsAvailable": 28347.7842979043,
            "rewardsAvailableUSD": 7828.910378586049,
            "maxRewardPerVote": 0.02,
            "maxRewardPerVoteUSD": 0.005302533619178295,
            "totalVotes": 13064572.914549138
        },
        {
            "id": 124,
            "manager": "0xfCBa6dC55c4b36943cF6C69f2c23b345350d520E",
            "bountyChainId": 1,
            "isEnded": false,
            "start": 1695859200,
            "end": 1726704000,
            "startClaimDate": 1696464000,
            "endClaimDate": 1727308800,
            "closableAt": 1727913600,
            "apr": 0.1246625932824057,
            "tokenPerVoteValue": 0.002499401466363488,
            "tokenPerVoteValueUSD": 0.0006902687657924959,
            "rewardsAvailable": 7696.447024531503,
            "rewardsAvailableUSD": 2125.5556820730753,
            "maxRewardPerVote": 0.02,
            "maxRewardPerVoteUSD": 0.005302533619178295,
            "totalVotes": 2956143.3979233014
        },
        {
            "id": 125,
            "manager": "0xF78f606db249B27cb835Bec41f9957fCe2308f5e",
            "bountyChainId": 1,
            "isEnded": false,
            "start": 1695859200,
            "end": 1726704000,
            "startClaimDate": 1696464000,
            "endClaimDate": 1727308800,
            "closableAt": 1727913600,
            "apr": 0.11052343363969921,
            "tokenPerVoteValue": 0.0022159207893325565,
            "tokenPerVoteValueUSD": 0.0006119788793162492,
            "rewardsAvailable": 1412.6910903231253,
            "rewardsAvailableUSD": 390.148020830834,
            "maxRewardPerVote": 0.02,
            "maxRewardPerVoteUSD": 0.005302533619178295,
            "totalVotes": 612018.0167264408
        },
        {
            "id": 127,
            "manager": "0x8306300ffd616049FD7e4b0354a64Da835c1A81C",
            "bountyChainId": 1,
            "isEnded": false,
            "start": 1695859200,
            "end": 1726704000,
            "startClaimDate": 1696464000,
            "endClaimDate": 1727308800,
            "closableAt": 1727913600,
            "apr": 0.07760732874651617,
            "tokenPerVoteValue": 0.00022036884180133787,
            "tokenPerVoteValueUSD": 0.0004297192415126088,
            "rewardsAvailable": 524.6371657077012,
            "rewardsAvailableUSD": 1023.0424731300174,
            "maxRewardPerVote": 0.00065,
            "maxRewardPerVoteUSD": 0.0012167999999999999,
            "totalVotes": 2285494.060605148
        },
        {
            "id": 133,
            "manager": "0x68841bC858B18E10AfF6c2eC67Dbc484B3b47D91",
            "bountyChainId": 1,
            "isEnded": false,
            "start": 1697068800,
            "end": 1729123200,
            "startClaimDate": 1697673600,
            "endClaimDate": 1729728000,
            "closableAt": 1730332800,
            "apr": 0.10513250825761351,
            "tokenPerVoteValue": 0.0021078363475584513,
            "tokenPerVoteValueUSD": 0.0005821288071174308,
            "rewardsAvailable": 2272.159528150558,
            "rewardsAvailableUSD": 627.51053573722,
            "maxRewardPerVote": 0.02,
            "maxRewardPerVoteUSD": 0.005302533619178295,
            "totalVotes": 1034839.8961575682
        },
        {
            "id": 136,
            "manager": "0x2234a7c690AF5de948B3a1CcbEa43705E4583D2d",
            "bountyChainId": 1,
            "isEnded": false,
            "start": 1697068800,
            "end": 1726704000,
            "startClaimDate": 1697673600,
            "endClaimDate": 1727308800,
            "closableAt": 1727913600,
            "apr": 0.0355182125625938,
            "tokenPerVoteValue": 0.00010085526060093757,
            "tokenPerVoteValueUSD": 0.00019666775817182825,
            "rewardsAvailable": 19.274941210951702,
            "rewardsAvailableUSD": 37.58613536135582,
            "maxRewardPerVote": 0.0003913,
            "maxRewardPerVoteUSD": 0.0007325135999999999,
            "totalVotes": 183470.2865498482
        },
        {
            "id": 172,
            "manager": "0x2234a7c690AF5de948B3a1CcbEa43705E4583D2d",
            "bountyChainId": 1,
            "isEnded": false,
            "start": 1706745600,
            "end": 1726704000,
            "startClaimDate": 1707350400,
            "endClaimDate": 1727308800,
            "closableAt": 1727913600,
            "apr": 0.07533724611310705,
            "tokenPerVoteValue": 0.0002139228593303826,
            "tokenPerVoteValueUSD": 0.0004171495756942461,
            "rewardsAvailable": 470.5426290673875,
            "rewardsAvailableUSD": 917.5581266814056,
            "maxRewardPerVote": 0.0002276,
            "maxRewardPerVoteUSD": 0.0004260672,
            "totalVotes": 2111606.610526152
        },
        {
            "id": 236,
            "manager": "0x1c572Bf5306c086b43f6F91F032296A25B49D920",
            "bountyChainId": 1,
            "isEnded": false,
            "start": 1718841600,
            "end": 1727308800,
            "startClaimDate": 1719446400,
            "endClaimDate": 1727913600,
            "closableAt": 1728518400,
            "apr": 0.09649771070294907,
            "tokenPerVoteValue": 0.006845480087993673,
            "tokenPerVoteValueUSD": 0.0005343171027882581,
            "rewardsAvailable": 15807.627154310338,
            "rewardsAvailableUSD": 1233.848529902539,
            "maxRewardPerVote": 0.012014824762243368,
            "maxRewardPerVoteUSD": 0.000900292926712458,
            "totalVotes": 2216838.245538689
        },
        {
            "id": 244,
            "manager": "0xd3Ea7CF0a73D709029988Bf2cb65ACC568f79332",
            "bountyChainId": 1,
            "isEnded": false,
            "start": 1719446400,
            "end": 1727308800,
            "startClaimDate": 1720051200,
            "endClaimDate": 1727913600,
            "closableAt": 1728518400,