{
    "0x0000000895cB182E6f983eb4D8b4E0Aa0B31Ae4c": [
        {
            "id": 92,
            "manager": "0xF98bb4943eb8a3eB6234a9f6B1Fa758714381753",
            "bountyChainId": 1,
            "isEnded": false,
            "start": 1689811200,
            "end": 1727913600,
            "startClaimDate": 1690416000,
            "endClaimDate": 1728518400,
            "closableAt": 1729123200,
            "apr": 0.061466743648858,
            "tokenPerVoteValue": 0.0001531239464463134,
            "tokenPerVoteValueUSD": 0.00030471665342816364,
            "rewardsAvailable": 149.73959193655145,
            "rewardsAvailableUSD": 297.9817879537374,
            "maxRewardPerVote": 0.0007842,
            "maxRewardPerVoteUSD": 0.0014981356799999997,
            "totalVotes": 938782.0232904551
        },
        {
            "id": 93,
            "manager": "0xF98bb4943eb8a3eB6234a9f6B1Fa758714381753",
            "bountyChainId": 1,
            "isEnded": false,
            "start": 1689811200,
            "end": 1727913600,
            "startClaimDate": 1690416000,
            "endClaimDate": 1728518400,
            "closableAt": 1729123200,
            "apr": 0.11920807715078699,
            "tokenPerVoteValue": 0.00029696727267484324,
            "tokenPerVoteValueUSD": 0.000590964872622938,
            "rewardsAvailable": 132.39268391149935,
            "rewardsAvailableUSD": 263.4614409838837,
            "maxRewardPerVote": 0.0007842,
            "maxRewardPerVoteUSD": 0.0014981356799999997,
            "totalVotes": 427983.10874545755
        },
        {
            "id": 123,
            "manager": "0x12E9D6962CEc231E2b0F8b49cE80e5B6fBF1cEa9",
            "bountyChainId": 1,
            "isEnded": false,
            "start": 1695859200,
            "end": 1730332800,
            "startClaimDate": 1696464000,
            "endClaimDate": 1730937600,
            "closableAt": 1731542400,
            "apr": 0.0940021752213874,
            "tokenPerVoteValue": 0.00184912459453147,
            "tokenPerVoteValueUSD": 0.0004660085527234727,
            "rewardsAvailable": 26983.18353335421,
            "rewardsAvailableUSD": 6800.187690671179,
            "maxRewardPerVote": 0.02,
            "maxRewardPerVoteUSD": 0.0048387027238463364,
            "totalVotes": 14008713.24118835
        },
        {
            "id": 127,
            "manager": "0x8306300ffd616049FD7e4b0354a64Da835c1A81C",
            "bountyChainId": 1,
            "isEnded": false,
            "start": 1695859200,
            "end": 1727913600,
            "startClaimDate": 1696464000,
            "endClaimDate": 1728518400,
            "closableAt": 1729123200,
            "apr": 0.08909998964330411,
            "tokenPerVoteValue": 0.00022196298734237336,
            "tokenPerVoteValueUSD": 0.000441706344811323,
            "rewardsAvailable": 442.42958868995953,
            "rewardsAvailableUSD": 880.4348814930195,
            "maxRewardPerVote": 0.00065,
            "maxRewardPerVoteUSD": 0.00124176,
            "totalVotes": 1913528.062618927
        },
        {
            "id": 133,
            "manager": "0x68841bC858B18E10AfF6c2eC67Dbc484B3b47D91",
            "bountyChainId": 1,
            "isEnded": false,
            "start": 1697068800,
            "end": 1730332800,
            "startClaimDate": 1697673600,
            "endClaimDate": 1730937600,
            "closableAt": 1731542400,
            "apr": 0.09365720935626515,
            "tokenPerVoteValue": 0.001842338742353378,
            "tokenPerVoteValueUSD": 0.00046429841098296476,
            "rewardsAvailable": 2289.792023170648,
            "rewardsAvailableUSD": 577.0636926852827,
            "maxRewardPerVote": 0.02,
            "maxRewardPerVoteUSD": 0.0048387027238463364,
            "totalVotes": 1193157.5294540413
        },
        {
            "id": 136,
            "manager": "0x2234a7c690AF5de948B3a1CcbEa43705E4583D2d",
            "bountyChainId": 1,
            "isEnded": false,
            "start": 1697068800,
            "end": 1727913600,
            "startClaimDate": 1697673600,
            "endClaimDate": 1728518400,
            "closableAt": 1729123200,
            "apr": 0.15079195549797117,
            "tokenPerVoteValue": 0.00037564799999999997,
            "tokenPerVoteValueUSD": 0.00074753952,
            "rewardsAvailable": 8.99011106384924,
            "rewardsAvailableUSD": 17.890321017059986,
            "maxRewardPerVote": 0.0003913,
            "maxRewardPerVoteUSD": 0.00074753952,
            "totalVotes": 15595.155374726004
        },
        {
            "id": 172,
            "manager": "0x2234a7c690AF5de948B3a1CcbEa43705E4583D2d",
            "bountyChainId": 1,
            "isEnded": false,
            "start": 1706745600,
            "end": 1727913600,
            "startClaimDate": 1707350400,
            "endClaimDate": 1728518400,
            "closableAt": 1729123200,
            "apr": 0.08770827771872794,
            "tokenPerVoteValue": 0.000218496,
            "tokenPerVoteValueUSD": 0.00043480704,
            "rewardsAvailable": 121.58194345701143,
            "rewardsAvailableUSD": 241.94806747945276,
            "maxRewardPerVote": 0.0002276,
            "maxRewardPerVoteUSD": 0.00043480704,
            "totalVotes": 340543.43789459317
        },
        {
            "id": 236,
            "manager": "0x1c572Bf5306c086b43f6F91F032296A25B49D920",
            "bountyChainId": 1,
            "isEnded": false,
            "start": 1718841600,
            "end": 1727913600,
            "startClaimDate": 1719446400,
            "endClaimDate": 1728518400,
            "closableAt": 1729123200,
            "apr": 0.12778491787512677,
            "tokenPerVoteValue": 0.011583176097218388,
            "tokenPerVoteValueUSD": 0.0006334839007568737,
            "rewardsAvailable": 12967.335818846675,
            "rewardsAvailableUSD": 709.1835959327248,
            "maxRewardPerVote": 0.016050064484440674,
            "maxRewardPerVoteUSD": 0.0008426669055878981,
            "totalVotes": 1074717.5283886304
        },
        {
            "id": 244,
            "manager": "0xd3Ea7CF0a73D709029988Bf2cb65ACC568f79332",
            "bountyChainId": 1,
            "isEnded": false,
            "start": 1719446400,
            "end": 1727913600,
            "startClaimDate": 1720051200,
            "endClaimDate": 1728518400,
            "closableAt": 1729123200,
            "apr": 0.11007261012944357,
            "tokenPerVoteValue": 0.009977628407256543,
            "tokenPerVoteValueUSD": 0.0005456764975928604,
            "rewardsAvailable": 7958.120993126128,
            "rewardsAvailableUSD": 435.229637114068,
            "maxRewardPerVote": 0.016050064484440674,
            "maxRewardPerVoteUSD": 0.0008426669055878981,
            "totalVotes": 765692.5916227549
        },
        {
            "id": 245,
            "manager": "0xf8AfC5e9AEdA712A05E32F27513cDAa2F67f457B",
            "bountyChainId": 1,
            "isEnded": false,
            "start": 1719446400,
            "end": 1727913600,
            "startClaimDate": 1720051200,
            "endClaimDate": 1728518400,
            "closableAt": 1729123200,
            "apr": 0.11646046525449628,
            "tokenPerVoteValue": 0.010556661144666997,
            "tokenPerVoteValueUSD": 0.0005773437980018381,
            "rewardsAvailable": 11245.681394177556,
            "rewardsAvailableUSD": 615.0263154475706,
            "maxRewardPerVote": 0.016050064484440674,
            "maxRewardPerVoteUSD": 0.0008426669055878981,
            "totalVotes": 1022658.0156799189
        },
        {
            "id": 265,
            "manager": "0xFC08757c505eA28709dF66E54870fB6dE09f0C5E",
            "bountyChainId": 1,
            "isEnded": false,
            "start": 1727308800,
            "end": 1727913600,
            "startClaimDate": 1727913600,
            "endClaimDate": 1728518400,