{
    "0x0000000895cB182E6f983eb4D8b4E0Aa0B31Ae4c": [
        {
            "id": 92,
            "manager": "0xF98bb4943eb8a3eB6234a9f6B1Fa758714381753",
            "bountyChainId": 1,
            "isEnded": false,
            "start": 1689811200,
            "end": 1731542400,
            "startClaimDate": 1690416000,
            "endClaimDate": 1732147200,
            "closableAt": 1732752000,
            "apr": 0.1143822152691062,
            "tokenPerVoteValue": 0.0003703110297451327,
            "tokenPerVoteValueUSD": 0.0008776371404959645,
            "rewardsAvailable": 112.86369010870274,
            "rewardsAvailableUSD": 267.4869455576255,
            "maxRewardPerVote": 0.0007842,
            "maxRewardPerVoteUSD": 0.00178421184,
            "totalVotes": 292589.56337035424
        },
        {
            "id": 93,
            "manager": "0xF98bb4943eb8a3eB6234a9f6B1Fa758714381753",
            "bountyChainId": 1,
            "isEnded": false,
            "start": 1689811200,
            "end": 1731542400,
            "startClaimDate": 1690416000,
            "endClaimDate": 1732147200,
            "closableAt": 1732752000,
            "apr": 0.1569367119113072,
            "tokenPerVoteValue": 0.0005080806946776099,
            "tokenPerVoteValueUSD": 0.0012041512463859354,
            "rewardsAvailable": 325.3403868620263,
            "rewardsAvailableUSD": 771.0567168630024,
            "maxRewardPerVote": 0.0007842,
            "maxRewardPerVoteUSD": 0.00178421184,
            "totalVotes": 614718.8323809952
        },
        {
            "id": 123,
            "manager": "0x12E9D6962CEc231E2b0F8b49cE80e5B6fBF1cEa9",
            "bountyChainId": 1,
            "isEnded": false,
            "start": 1695859200,
            "end": 1732752000,
            "startClaimDate": 1696464000,
            "endClaimDate": 1733356800,
            "closableAt": 1733961600,
            "apr": 0.11085038578660354,
            "tokenPerVoteValue": 0.002849422782155851,
            "tokenPerVoteValueUSD": 0.0008505379562351034,
            "rewardsAvailable": 26240.996437764443,
            "rewardsAvailableUSD": 7832.801653555408,
            "maxRewardPerVote": 0.02,
            "maxRewardPerVoteUSD": 0.005731100650272259,
            "totalVotes": 8840863.047074497
        },
        {
            "id": 127,
            "manager": "0x8306300ffd616049FD7e4b0354a64Da835c1A81C",
            "bountyChainId": 1,
            "isEnded": false,
            "start": 1695859200,
            "end": 1731542400,
            "startClaimDate": 1696464000,
            "endClaimDate": 1732147200,
            "closableAt": 1732752000,
            "apr": 0.11901421186782508,
            "tokenPerVoteValue": 0.00038530706235572696,
            "tokenPerVoteValueUSD": 0.000913177737783073,
            "rewardsAvailable": 458.5247477512812,
            "rewardsAvailableUSD": 1086.7036521705365,
            "maxRewardPerVote": 0.0006,
            "maxRewardPerVoteUSD": 0.0013651199999999998,
            "totalVotes": 1142423.2796305176
        },
        {
            "id": 133,
            "manager": "0x68841bC858B18E10AfF6c2eC67Dbc484B3b47D91",
            "bountyChainId": 1,
            "isEnded": false,
            "start": 1697068800,
            "end": 1732752000,
            "startClaimDate": 1697673600,
            "endClaimDate": 1733356800,
            "closableAt": 1733961600,
            "apr": 0.10655843553421653,
            "tokenPerVoteValue": 0.00273909767374735,
            "tokenPerVoteValueUSD": 0.0008176064822485765,
            "rewardsAvailable": 2710.680934089078,
            "rewardsAvailableUSD": 809.1242325020069,
            "maxRewardPerVote": 0.02,
            "maxRewardPerVoteUSD": 0.005731100650272259,
            "totalVotes": 950040.490219314
        },
        {
            "id": 136,
            "manager": "0x2234a7c690AF5de948B3a1CcbEa43705E4583D2d",
            "bountyChainId": 1,
            "isEnded": false,
            "start": 1697068800,
            "end": 1731542400,
            "startClaimDate": 1697673600,
            "endClaimDate": 1732147200,
            "closableAt": 1732752000,
            "apr": 0.11603070648741315,
            "tokenPerVoteValue": 0.000375648,
            "tokenPerVoteValueUSD": 0.0008902857600000001,
            "rewardsAvailable": 9.250434851017861,
            "rewardsAvailableUSD": 21.923530596912332,
            "maxRewardPerVote": 0.0003913,
            "maxRewardPerVoteUSD": 0.0008902857600000001,
            "totalVotes": 7126.717270970323
        },
        {
            "id": 172,
            "manager": "0x2234a7c690AF5de948B3a1CcbEa43705E4583D2d",
            "bountyChainId": 1,
            "isEnded": false,
            "start": 1706745600,
            "end": 1731542400,
            "startClaimDate": 1707350400,
            "endClaimDate": 1732147200,
            "closableAt": 1732752000,
            "apr": 0.06748936569520887,
            "tokenPerVoteValue": 0.000218496,
            "tokenPerVoteValueUSD": 0.00051783552,
            "rewardsAvailable": 125.57302841666643,
            "rewardsAvailableUSD": 297.60807734749943,
            "maxRewardPerVote": 0.0002276,
            "maxRewardPerVoteUSD": 0.00051783552,
            "totalVotes": 55729.109725177506
        },
        {
            "id": 236,
            "manager": "0x1c572Bf5306c086b43f6F91F032296A25B49D920",
            "bountyChainId": 1,
            "isEnded": false,
            "start": 1718841600,
            "end": 1732147200,
            "startClaimDate": 1719446400,
            "endClaimDate": 1732752000,
            "closableAt": 1733356800,
            "apr": 0.13528345573556824,
            "tokenPerVoteValue": 0.021898672969399534,
            "tokenPerVoteValueUSD": 0.001038009143019671,
            "rewardsAvailable": 10513.945220890384,
            "rewardsAvailableUSD": 498.3667861400757,
            "maxRewardPerVote": 0.03152779520755358,
            "maxRewardPerVoteUSD": 0.0014346574398003877,
            "totalVotes": 460913.19899424625
        },
        {
            "id": 244,
            "manager": "0xd3Ea7CF0a73D709029988Bf2cb65ACC568f79332",
            "bountyChainId": 1,
            "isEnded": false,
            "start": 1719446400,
            "end": 1732147200,
            "startClaimDate": 1720051200,
            "endClaimDate": 1732752000,
            "closableAt": 1733356800,
            "apr": 0.18697852283682756,
            "tokenPerVoteValue": 0.030266683399251437,
            "tokenPerVoteValueUSD": 0.0014346574398003877,
            "rewardsAvailable": 6982.468537650689,
            "rewardsAvailableUSD": 330.97284904233834,
            "maxRewardPerVote": 0.03152779520755358,
            "maxRewardPerVoteUSD": 0.0014346574398003877,
            "totalVotes": 185419.64639373135
        },
        {
            "id": 245,
            "manager": "0xf8AfC5e9AEdA712A05E32F27513cDAa2F67f457B",
            "bountyChainId": 1,
            "isEnded": false,
            "start": 1719446400,
            "end": 1732147200,
            "startClaimDate": 1720051200,
            "endClaimDate": 1732752000,
            "closableAt": 1733356800,
            "apr": 0.10523674323663786,
            "tokenPerVoteValue": 0.017034936104887644,
            "tokenPerVoteValueUSD": 0.000807465340586532,
            "rewardsAvailable": 8650.647915238644,
            "rewardsAvailableUSD": 410.0454690386651,
            "maxRewardPerVote": 0.03152779520755358,
            "maxRewardPerVoteUSD": 0.0014346574398003877,
            "totalVotes": 487505.321270113
        },
        {
            "id": 268,
            "manager": "0xFC08757c505eA28709dF66E54870fB6dE09f0C5E",
            "bountyChainId": 1,
            "isEnded": false,
            "start": 1730937600,
            "end": 1731542400,
            "startClaimDate": 1731542400,
            "endClaimDate": 1732147200,