{
    "0x0000000895cB182E6f983eb4D8b4E0Aa0B31Ae4c": [
        {
            "id": 92,
            "manager": "0xF98bb4943eb8a3eB6234a9f6B1Fa758714381753",
            "bountyChainId": 1,
            "isEnded": false,
            "start": 1689811200,
            "end": 1727913600,
            "startClaimDate": 1690416000,
            "endClaimDate": 1728518400,
            "closableAt": 1729123200,
            "apr": 0.08562645516126206,
            "tokenPerVoteValue": 0.00020817615245197373,
            "tokenPerVoteValueUSD": 0.00043300639710010534,
            "rewardsAvailable": 149.73959193655145,
            "rewardsAvailableUSD": 311.458351228027,
            "maxRewardPerVote": 0.0007842,
            "maxRewardPerVoteUSD": 0.00156589056,
            "totalVotes": 690521.0158125702
        },
        {
            "id": 93,
            "manager": "0xF98bb4943eb8a3eB6234a9f6B1Fa758714381753",
            "bountyChainId": 1,
            "isEnded": false,
            "start": 1689811200,
            "end": 1727913600,
            "startClaimDate": 1690416000,
            "endClaimDate": 1728518400,
            "closableAt": 1729123200,
            "apr": 0.09065976767368401,
            "tokenPerVoteValue": 0.00022041320735458533,
            "tokenPerVoteValueUSD": 0.0004584594712975375,
            "rewardsAvailable": 132.39268391149938,
            "rewardsAvailableUSD": 275.3767825359187,
            "maxRewardPerVote": 0.0007842,
            "maxRewardPerVoteUSD": 0.00156589056,
            "totalVotes": 576630.4936100071
        },
        {
            "id": 123,
            "manager": "0x12E9D6962CEc231E2b0F8b49cE80e5B6fBF1cEa9",
            "bountyChainId": 1,
            "isEnded": false,
            "start": 1695859200,
            "end": 1730332800,
            "startClaimDate": 1696464000,
            "endClaimDate": 1730937600,
            "closableAt": 1731542400,
            "apr": 0.09863806853879942,
            "tokenPerVoteValue": 0.0018883904172126318,
            "tokenPerVoteValueUSD": 0.0004988051250569749,
            "rewardsAvailable": 27033.27702803554,
            "rewardsAvailableUSD": 7140.6511099398285,
            "maxRewardPerVote": 0.02,
            "maxRewardPerVoteUSD": 0.005071545753356546,
            "totalVotes": 13742892.20616816
        },
        {
            "id": 124,
            "manager": "0xfCBa6dC55c4b36943cF6C69f2c23b345350d520E",
            "bountyChainId": 1,
            "isEnded": true,
            "start": 1695859200,
            "end": 1726704000,
            "startClaimDate": 1696464000,
            "endClaimDate": 1727308800,
            "closableAt": 1727913600,
            "apr": 0,
            "tokenPerVoteValue": 0.0,
            "tokenPerVoteValueUSD": 0.0,
            "rewardsAvailable": 0,
            "rewardsAvailableUSD": 0,
            "maxRewardPerVote": 0.02,
            "maxRewardPerVoteUSD": 0.005071545753356546,
            "totalVotes": 3178461.631807695
        },
        {
            "id": 125,
            "manager": "0xF78f606db249B27cb835Bec41f9957fCe2308f5e",
            "bountyChainId": 1,
            "isEnded": true,
            "start": 1695859200,
            "end": 1726704000,
            "startClaimDate": 1696464000,
            "endClaimDate": 1727308800,
            "closableAt": 1727913600,
            "apr": 0,
            "tokenPerVoteValue": 0.0,
            "tokenPerVoteValueUSD": 0.0,
            "rewardsAvailable": 0,
            "rewardsAvailableUSD": 0,
            "maxRewardPerVote": 0.02,
            "maxRewardPerVoteUSD": 0.005071545753356546,
            "totalVotes": 472831.70368522516
        },
        {
            "id": 127,
            "manager": "0x8306300ffd616049FD7e4b0354a64Da835c1A81C",
            "bountyChainId": 1,
            "isEnded": false,
            "start": 1695859200,
            "end": 1727913600,
            "startClaimDate": 1696464000,
            "endClaimDate": 1728518400,
            "closableAt": 1729123200,
            "apr": 0.0768227574509755,
            "tokenPerVoteValue": 0.0001867724879743761,
            "tokenPerVoteValueUSD": 0.0003884867749867023,
            "rewardsAvailable": 442.4295886899596,
            "rewardsAvailableUSD": 920.253544475116,
            "maxRewardPerVote": 0.00065,
            "maxRewardPerVoteUSD": 0.00129792,
            "totalVotes": 2274063.0044004745
        },
        {
            "id": 133,
            "manager": "0x68841bC858B18E10AfF6c2eC67Dbc484B3b47D91",
            "bountyChainId": 1,
            "isEnded": false,
            "start": 1697068800,
            "end": 1730332800,
            "startClaimDate": 1697673600,
            "endClaimDate": 1730937600,
            "closableAt": 1731542400,
            "apr": 0.09614747601206794,
            "tokenPerVoteValue": 0.0018407089172569522,
            "tokenPerVoteValueUSD": 0.00048621039023333447,
            "rewardsAvailable": 2308.9768377204978,
            "rewardsAvailableUSD": 609.9000872885425,
            "maxRewardPerVote": 0.02,
            "maxRewardPerVoteUSD": 0.005071545753356546,
            "totalVotes": 1204219.6044309437
        },
        {
            "id": 136,
            "manager": "0x2234a7c690AF5de948B3a1CcbEa43705E4583D2d",
            "bountyChainId": 1,
            "isEnded": false,
            "start": 1697068800,
            "end": 1727913600,
            "startClaimDate": 1697673600,
            "endClaimDate": 1728518400,
            "closableAt": 1729123200,
            "apr": 0.010066865684826206,
            "tokenPerVoteValue": 2.4474694900905132e-05,
            "tokenPerVoteValueUSD": 5.090736539388268e-05,
            "rewardsAvailable": 4.49505553192462,
            "rewardsAvailableUSD": 9.349715506403209,
            "maxRewardPerVote": 0.0003913,
            "maxRewardPerVoteUSD": 0.0007813478400000001,
            "totalVotes": 176314.89700360052
        },
        {
            "id": 172,
            "manager": "0x2234a7c690AF5de948B3a1CcbEa43705E4583D2d",
            "bountyChainId": 1,
            "isEnded": false,
            "start": 1706745600,
            "end": 1727913600,
            "startClaimDate": 1707350400,
            "endClaimDate": 1728518400,
            "closableAt": 1729123200,
            "apr": 0.02540930903109294,
            "tokenPerVoteValue": 6.17754428884634e-05,
            "tokenPerVoteValueUSD": 0.00012849292120800386,
            "rewardsAvailable": 121.58194345701143,
            "rewardsAvailableUSD": 252.8904423905838,
            "maxRewardPerVote": 0.0002276,
            "maxRewardPerVoteUSD": 0.00045447168,
            "totalVotes": 1889402.3298136198
        },
        {
            "id": 236,
            "manager": "0x1c572Bf5306c086b43f6F91F032296A25B49D920",
            "bountyChainId": 1,
            "isEnded": false,
            "start": 1718841600,
            "end": 1727913600,
            "startClaimDate": 1719446400,
            "endClaimDate": 1728518400,
            "closableAt": 1729123200,
            "apr": 0.06735630970683576,
            "tokenPerVoteValue": 0.005645875632900308,
            "tokenPerVoteValueUSD": 0.0003406156769328756,
            "rewardsAvailable": 12967.335818846675,
            "rewardsAvailableUSD": 782.31936995102,
            "maxRewardPerVote": 0.016050064484440674,
            "maxRewardPerVoteUSD": 0.0009295683747324536,
            "totalVotes": 2204909.06911775
        },
        {
            "id": 244,
            "manager": "0xd3Ea7CF0a73D709029988Bf2cb65ACC568f79332",
            "bountyChainId": 1,
            "isEnded": false,
            "start": 1719446400,
            "end": 1727913600,
            "startClaimDate": 1720051200,
            "endClaimDate": 1728518400,
            "closableAt": 1729123200,
            "apr": 0.06619833304599759,
            "tokenPerVoteValue": 0.005548812830004058,
            "tokenPerVoteValueUSD": 0.0003347598780341448,