{
    "0x0000000895cB182E6f983eb4D8b4E0Aa0B31Ae4c": [
        {
            "id": 92,
            "manager": "0xF98bb4943eb8a3eB6234a9f6B1Fa758714381753",
            "bountyChainId": 1,
            "isEnded": false,
            "start": 1689811200,
            "end": 1731542400,
            "startClaimDate": 1690416000,
            "endClaimDate": 1732147200,
            "closableAt": 1732752000,
            "apr": 0.11011499746868238,
            "tokenPerVoteValue": 0.0003703110297451327,
            "tokenPerVoteValueUSD": 0.0008739340301985131,
            "rewardsAvailable": 112.86369010870274,
            "rewardsAvailableUSD": 266.35830865653844,
            "maxRewardPerVote": 0.0007842,
            "maxRewardPerVoteUSD": 0.0017766835199999997,
            "totalVotes": 292589.56337035424
        },
        {
            "id": 93,
            "manager": "0xF98bb4943eb8a3eB6234a9f6B1Fa758714381753",
            "bountyChainId": 1,
            "isEnded": false,
            "start": 1689811200,
            "end": 1731542400,
            "startClaimDate": 1690416000,
            "endClaimDate": 1732147200,
            "closableAt": 1732752000,
            "apr": 0.15108192820186114,
            "tokenPerVoteValue": 0.0005080806946776099,
            "tokenPerVoteValueUSD": 0.0011990704394391593,
            "rewardsAvailable": 325.3403868620263,
            "rewardsAvailableUSD": 767.803312994382,
            "maxRewardPerVote": 0.0007842,
            "maxRewardPerVoteUSD": 0.0017766835199999997,
            "totalVotes": 614718.8323809952
        },
        {
            "id": 123,
            "manager": "0x12E9D6962CEc231E2b0F8b49cE80e5B6fBF1cEa9",
            "bountyChainId": 1,
            "isEnded": false,
            "start": 1695859200,
            "end": 1732752000,
            "startClaimDate": 1696464000,
            "endClaimDate": 1733356800,
            "closableAt": 1733961600,
            "apr": 0.10105367850561181,
            "tokenPerVoteValue": 0.002849422782155851,
            "tokenPerVoteValueUSD": 0.0008020183494797021,
            "rewardsAvailable": 26240.996437764443,
            "rewardsAvailableUSD": 7385.973321865393,
            "maxRewardPerVote": 0.02,
            "maxRewardPerVoteUSD": 0.005404165505534319,
            "totalVotes": 8840863.047074497
        },
        {
            "id": 127,
            "manager": "0x8306300ffd616049FD7e4b0354a64Da835c1A81C",
            "bountyChainId": 1,
            "isEnded": false,
            "start": 1695859200,
            "end": 1731542400,
            "startClaimDate": 1696464000,
            "endClaimDate": 1732147200,
            "closableAt": 1732752000,
            "apr": 0.11457418977006309,
            "tokenPerVoteValue": 0.00038530706235572696,
            "tokenPerVoteValueUSD": 0.0009093246671595155,
            "rewardsAvailable": 458.5247477512812,
            "rewardsAvailableUSD": 1082.1184046930236,
            "maxRewardPerVote": 0.0006,
            "maxRewardPerVoteUSD": 0.0013593599999999998,
            "totalVotes": 1142423.2796305176
        },
        {
            "id": 133,
            "manager": "0x68841bC858B18E10AfF6c2eC67Dbc484B3b47D91",
            "bountyChainId": 1,
            "isEnded": false,
            "start": 1697068800,
            "end": 1732752000,
            "startClaimDate": 1697673600,
            "endClaimDate": 1733356800,
            "closableAt": 1733961600,
            "apr": 0.09714104114409877,
            "tokenPerVoteValue": 0.00273909767374735,
            "tokenPerVoteValueUSD": 0.0007709654773309752,
            "rewardsAvailable": 2710.680934089078,
            "rewardsAvailableUSD": 762.9671041934241,
            "maxRewardPerVote": 0.02,
            "maxRewardPerVoteUSD": 0.005404165505534319,
            "totalVotes": 950040.490219314
        },
        {
            "id": 136,
            "manager": "0x2234a7c690AF5de948B3a1CcbEa43705E4583D2d",
            "bountyChainId": 1,
            "isEnded": false,
            "start": 1697068800,
            "end": 1731542400,
            "startClaimDate": 1697673600,
            "endClaimDate": 1732147200,
            "closableAt": 1732752000,
            "apr": 0.1117019889944536,
            "tokenPerVoteValue": 0.00037564799999999997,
            "tokenPerVoteValueUSD": 0.0008865292799999999,
            "rewardsAvailable": 9.250434851017861,
            "rewardsAvailableUSD": 21.83102624840215,
            "maxRewardPerVote": 0.0003913,
            "maxRewardPerVoteUSD": 0.0008865292799999999,
            "totalVotes": 7126.717270970323
        },
        {
            "id": 172,
            "manager": "0x2234a7c690AF5de948B3a1CcbEa43705E4583D2d",
            "bountyChainId": 1,
            "isEnded": false,
            "start": 1706745600,
            "end": 1731542400,
            "startClaimDate": 1707350400,
            "endClaimDate": 1732147200,
            "closableAt": 1732752000,
            "apr": 0.06497156323827663,
            "tokenPerVoteValue": 0.00021849600000000002,
            "tokenPerVoteValueUSD": 0.00051565056,
            "rewardsAvailable": 125.57302841666643,
            "rewardsAvailableUSD": 296.3523470633328,
            "maxRewardPerVote": 0.0002276,
            "maxRewardPerVoteUSD": 0.00051565056,
            "totalVotes": 55729.109725177506
        },
        {
            "id": 236,
            "manager": "0x1c572Bf5306c086b43f6F91F032296A25B49D920",
            "bountyChainId": 1,
            "isEnded": false,
            "start": 1718841600,
            "end": 1732147200,
            "startClaimDate": 1719446400,
            "endClaimDate": 1732752000,
            "closableAt": 1733356800,
            "apr": 0.13784248723096984,
            "tokenPerVoteValue": 0.021898672969399534,
            "tokenPerVoteValueUSD": 0.0010939948523597785,
            "rewardsAvailable": 10513.945220890384,
            "rewardsAvailableUSD": 525.2465282128996,
            "maxRewardPerVote": 0.03152779520755358,
            "maxRewardPerVoteUSD": 0.0015120366372452462,
            "totalVotes": 460913.19899424625
        },
        {
            "id": 244,
            "manager": "0xd3Ea7CF0a73D709029988Bf2cb65ACC568f79332",
            "bountyChainId": 1,
            "isEnded": false,
            "start": 1719446400,
            "end": 1732147200,
            "startClaimDate": 1720051200,
            "endClaimDate": 1732752000,
            "closableAt": 1733356800,
            "apr": 0.190515421907756,
            "tokenPerVoteValue": 0.03026668339925144,
            "tokenPerVoteValueUSD": 0.0015120366372452462,
            "rewardsAvailable": 6982.468537650689,
            "rewardsAvailableUSD": 348.82408845632534,
            "maxRewardPerVote": 0.03152779520755358,
            "maxRewardPerVoteUSD": 0.0015120366372452462,
            "totalVotes": 185419.64639373135
        },
        {
            "id": 245,
            "manager": "0xf8AfC5e9AEdA712A05E32F27513cDAa2F67f457B",
            "bountyChainId": 1,
            "isEnded": false,
            "start": 1719446400,
            "end": 1732147200,
            "startClaimDate": 1720051200,
            "endClaimDate": 1732752000,
            "closableAt": 1733356800,
            "apr": 0.10722740897585764,
            "tokenPerVoteValue": 0.017034936104887644,
            "tokenPerVoteValueUSD": 0.0008510165175335657,
            "rewardsAvailable": 8650.647915238644,
            "rewardsAvailableUSD": 432.1615424858059,
            "maxRewardPerVote": 0.03152779520755358,
            "maxRewardPerVoteUSD": 0.0015120366372452462,
            "totalVotes": 487505.321270113
        },
        {
            "id": 268,
            "manager": "0xFC08757c505eA28709dF66E54870fB6dE09f0C5E",
            "bountyChainId": 1,
            "isEnded": false,
            "start": 1730937600,
            "end": 1731542400,
            "startClaimDate": 1731542400,