{
    "0x0000000895cB182E6f983eb4D8b4E0Aa0B31Ae4c": [
        {
            "id": 92,
            "manager": "0xF98bb4943eb8a3eB6234a9f6B1Fa758714381753",
            "bountyChainId": 1,
            "isEnded": false,
            "start": 1689811200,
            "end": 1726704000,
            "startClaimDate": 1690416000,
            "endClaimDate": 1727308800,
            "closableAt": 1727913600,
            "apr": 0.09398178873142339,
            "tokenPerVoteValue": 0.00027960958296398703,
            "tokenPerVoteValueUSD": 0.0005508308784390544,
            "rewardsAvailable": 204.0235181121326,
            "rewardsAvailableUSD": 401.9263306809012,
            "maxRewardPerVote": 0.0007842,
            "maxRewardPerVoteUSD": 0.0014830790399999998,
            "totalVotes": 700485.9250938973
        },
        {
            "id": 93,
            "manager": "0xF98bb4943eb8a3eB6234a9f6B1Fa758714381753",
            "bountyChainId": 1,
            "isEnded": false,
            "start": 1689811200,
            "end": 1726704000,
            "startClaimDate": 1690416000,
            "endClaimDate": 1727308800,
            "closableAt": 1727913600,
            "apr": 0.10439719407328214,
            "tokenPerVoteValue": 0.0003105969389544171,
            "tokenPerVoteValueUSD": 0.0006118759697402017,
            "rewardsAvailable": 178.15853111158944,
            "rewardsAvailableUSD": 350.9723062898312,
            "maxRewardPerVote": 0.0007842,
            "maxRewardPerVoteUSD": 0.0014830790399999998,
            "totalVotes": 550656.3923098623
        },
        {
            "id": 123,
            "manager": "0x12E9D6962CEc231E2b0F8b49cE80e5B6fBF1cEa9",
            "bountyChainId": 1,
            "isEnded": false,
            "start": 1695859200,
            "end": 1729123200,
            "startClaimDate": 1696464000,
            "endClaimDate": 1729728000,
            "closableAt": 1730332800,
            "apr": 0.09581284785928874,
            "tokenPerVoteValue": 0.0021623777017350907,
            "tokenPerVoteValueUSD": 0.0005615627864128243,
            "rewardsAvailable": 28347.7842979043,
            "rewardsAvailableUSD": 7361.831712465128,
            "maxRewardPerVote": 0.02,
            "maxRewardPerVoteUSD": 0.004986180485710129,
            "totalVotes": 12585161.650599584
        },
        {
            "id": 124,
            "manager": "0xfCBa6dC55c4b36943cF6C69f2c23b345350d520E",
            "bountyChainId": 1,
            "isEnded": false,
            "start": 1695859200,
            "end": 1726704000,
            "startClaimDate": 1696464000,
            "endClaimDate": 1727308800,
            "closableAt": 1727913600,
            "apr": 0.11385613471771787,
            "tokenPerVoteValue": 0.002569592412918466,
            "tokenPerVoteValueUSD": 0.0006673151846626489,
            "rewardsAvailable": 7696.447024531503,
            "rewardsAvailableUSD": 1998.7434355739983,
            "maxRewardPerVote": 0.02,
            "maxRewardPerVoteUSD": 0.004986180485710129,
            "totalVotes": 2875393.4306486
        },
        {
            "id": 125,
            "manager": "0xF78f606db249B27cb835Bec41f9957fCe2308f5e",
            "bountyChainId": 1,
            "isEnded": false,
            "start": 1695859200,
            "end": 1726704000,
            "startClaimDate": 1696464000,
            "endClaimDate": 1727308800,
            "closableAt": 1727913600,
            "apr": 0.11310894084612666,
            "tokenPerVoteValue": 0.002552729169596706,
            "tokenPerVoteValueUSD": 0.0006629358526430271,
            "rewardsAvailable": 1412.6910903231253,
            "rewardsAvailableUSD": 366.8714972346736,
            "maxRewardPerVote": 0.02,
            "maxRewardPerVoteUSD": 0.004986180485710129,
            "totalVotes": 531268.0494517393
        },
        {
            "id": 127,
            "manager": "0x8306300ffd616049FD7e4b0354a64Da835c1A81C",
            "bountyChainId": 1,
            "isEnded": false,
            "start": 1695859200,
            "end": 1726704000,
            "startClaimDate": 1696464000,
            "endClaimDate": 1727308800,
            "closableAt": 1727913600,
            "apr": 0.07406991460600003,
            "tokenPerVoteValue": 0.00022036884180133787,
            "tokenPerVoteValueUSD": 0.0004341266183486356,
            "rewardsAvailable": 524.6371657077012,
            "rewardsAvailableUSD": 1033.5352164441715,
            "maxRewardPerVote": 0.00065,
            "maxRewardPerVoteUSD": 0.00122928,
            "totalVotes": 2285494.060605148
        },
        {
            "id": 133,
            "manager": "0x68841bC858B18E10AfF6c2eC67Dbc484B3b47D91",
            "bountyChainId": 1,
            "isEnded": false,
            "start": 1697068800,
            "end": 1729123200,
            "startClaimDate": 1697673600,
            "endClaimDate": 1729728000,
            "closableAt": 1730332800,
            "apr": 0.11098393324272657,
            "tokenPerVoteValue": 0.002504770371165433,
            "tokenPerVoteValueUSD": 0.0006504811013484374,
            "rewardsAvailable": 2726.5914337806694,
            "rewardsAvailableUSD": 708.0873437302904,
            "maxRewardPerVote": 0.02,
            "maxRewardPerVoteUSD": 0.004986180485710129,
            "totalVotes": 1045017.0628661442
        },
        {
            "id": 136,
            "manager": "0x2234a7c690AF5de948B3a1CcbEa43705E4583D2d",
            "bountyChainId": 1,
            "isEnded": false,
            "start": 1697068800,
            "end": 1726704000,
            "startClaimDate": 1697673600,
            "endClaimDate": 1727308800,
            "closableAt": 1727913600,
            "apr": 0.12626202077605045,
            "tokenPerVoteValue": 0.000375648,
            "tokenPerVoteValueUSD": 0.00074002656,
            "rewardsAvailable": 38.5498824219034,
            "rewardsAvailableUSD": 75.9432683711497,
            "maxRewardPerVote": 0.0003913,
            "maxRewardPerVoteUSD": 0.00074002656,
            "totalVotes": 34720.74525188354
        },
        {
            "id": 172,
            "manager": "0x2234a7c690AF5de948B3a1CcbEa43705E4583D2d",
            "bountyChainId": 1,
            "isEnded": false,
            "start": 1706745600,
            "end": 1726704000,
            "startClaimDate": 1707350400,
            "endClaimDate": 1727308800,
            "closableAt": 1727913600,
            "apr": 0.07190330444790038,
            "tokenPerVoteValue": 0.0002139228593303826,
            "tokenPerVoteValueUSD": 0.00042142803288085375,
            "rewardsAvailable": 470.5426290673875,
            "rewardsAvailableUSD": 926.9689792627534,
            "maxRewardPerVote": 0.0002276,
            "maxRewardPerVoteUSD": 0.00043043712,
            "totalVotes": 2111606.610526152
        },
        {
            "id": 236,
            "manager": "0x1c572Bf5306c086b43f6F91F032296A25B49D920",
            "bountyChainId": 1,
            "isEnded": false,
            "start": 1718841600,
            "end": 1727308800,
            "startClaimDate": 1719446400,
            "endClaimDate": 1727913600,
            "closableAt": 1728518400,
            "apr": 0.08217150477931887,
            "tokenPerVoteValue": 0.006278571055497927,
            "tokenPerVoteValueUSD": 0.00048161034995407943,
            "rewardsAvailable": 17478.682287536645,
            "rewardsAvailableUSD": 1340.7372822300733,
            "maxRewardPerVote": 0.012014824762243368,
            "maxRewardPerVoteUSD": 0.0008847563165159059,
            "totalVotes": 2672508.5768268756
        },
        {
            "id": 244,
            "manager": "0xd3Ea7CF0a73D709029988Bf2cb65ACC568f79332",
            "bountyChainId": 1,
            "isEnded": false,
            "start": 1719446400,
            "end": 1727308800,
            "startClaimDate": 1720051200,
            "endClaimDate": 1727913600,
            "closableAt": 1728518400,