{
    "0x0000000895cB182E6f983eb4D8b4E0Aa0B31Ae4c": [
        {
            "id": 92,
            "manager": "0xF98bb4943eb8a3eB6234a9f6B1Fa758714381753",
            "bountyChainId": 1,
            "isEnded": false,
            "start": 1689811200,
            "end": 1729123200,
            "startClaimDate": 1690416000,
            "endClaimDate": 1729728000,
            "closableAt": 1730332800,
            "apr": 0.081726534035858,
            "tokenPerVoteValue": 0.00019973357409734213,
            "tokenPerVoteValueUSD": 0.00041544583412247163,
            "rewardsAvailable": 192.85150065550707,
            "rewardsAvailableUSD": 401.1311213634547,
            "maxRewardPerVote": 0.0007842,
            "maxRewardPerVoteUSD": 0.00156589056,
            "totalVotes": 926921.9832768738
        },
        {
            "id": 93,
            "manager": "0xF98bb4943eb8a3eB6234a9f6B1Fa758714381753",
            "bountyChainId": 1,
            "isEnded": false,
            "start": 1689811200,
            "end": 1729123200,
            "startClaimDate": 1690416000,
            "endClaimDate": 1729728000,
            "closableAt": 1730332800,
            "apr": 0.06972292563368776,
            "tokenPerVoteValue": 0.0001703976474425005,
            "tokenPerVoteValueUSD": 0.00035442710668040104,
            "rewardsAvailable": 194.38093584434935,
            "rewardsAvailableUSD": 404.31234655624667,
            "maxRewardPerVote": 0.0007842,
            "maxRewardPerVoteUSD": 0.00156589056,
            "totalVotes": 1095118.9832215505
        },
        {
            "id": 123,
            "manager": "0x12E9D6962CEc231E2b0F8b49cE80e5B6fBF1cEa9",
            "bountyChainId": 1,
            "isEnded": false,
            "start": 1695859200,
            "end": 1731542400,
            "startClaimDate": 1696464000,
            "endClaimDate": 1732147200,
            "closableAt": 1732752000,
            "apr": 0.11836067583708353,
            "tokenPerVoteValue": 0.0021556892510194653,
            "tokenPerVoteValueUSD": 0.0006016705624499129,
            "rewardsAvailable": 25455.783993419907,
            "rewardsAvailableUSD": 7104.918237023832,
            "maxRewardPerVote": 0.02,
            "maxRewardPerVoteUSD": 0.005358877581068392,
            "totalVotes": 11336305.834491747
        },
        {
            "id": 127,
            "manager": "0x8306300ffd616049FD7e4b0354a64Da835c1A81C",
            "bountyChainId": 1,
            "isEnded": false,
            "start": 1695859200,
            "end": 1729123200,
            "startClaimDate": 1696464000,
            "endClaimDate": 1729728000,
            "closableAt": 1730332800,
            "apr": 0.11299236656827638,
            "tokenPerVoteValue": 0.0002761449446821869,
            "tokenPerVoteValueUSD": 0.0005743814849389488,
            "rewardsAvailable": 521.3460626146107,
            "rewardsAvailableUSD": 1084.3998102383903,
            "maxRewardPerVote": 0.00065,
            "maxRewardPerVoteUSD": 0.00129792,
            "totalVotes": 1812425.7921362238
        },
        {
            "id": 133,
            "manager": "0x68841bC858B18E10AfF6c2eC67Dbc484B3b47D91",
            "bountyChainId": 1,
            "isEnded": false,
            "start": 1697068800,
            "end": 1731542400,
            "startClaimDate": 1697673600,
            "endClaimDate": 1732147200,
            "closableAt": 1732752000,
            "apr": 0.08807405760632273,
            "tokenPerVoteValue": 0.0016040825885191008,
            "tokenPerVoteValueUSD": 0.0004477126157186023,
            "rewardsAvailable": 1978.2944715446868,
            "rewardsAvailableUSD": 552.1582235579357,
            "maxRewardPerVote": 0.02,
            "maxRewardPerVoteUSD": 0.005358877581068392,
            "totalVotes": 1183955.6805090804
        },
        {
            "id": 136,
            "manager": "0x2234a7c690AF5de948B3a1CcbEa43705E4583D2d",
            "bountyChainId": 1,
            "isEnded": false,
            "start": 1697068800,
            "end": 1729123200,
            "startClaimDate": 1697673600,
            "endClaimDate": 1729728000,
            "closableAt": 1730332800,
            "apr": 0.153706802655721,
            "tokenPerVoteValue": 0.000375648,
            "tokenPerVoteValueUSD": 0.0007813478400000001,
            "rewardsAvailable": 6.054451965332893,
            "rewardsAvailableUSD": 12.593260087892418,
            "maxRewardPerVote": 0.0003913,
            "maxRewardPerVoteUSD": 0.0007813478400000001,
            "totalVotes": 10644.895703985821
        },
        {
            "id": 172,
            "manager": "0x2234a7c690AF5de948B3a1CcbEa43705E4583D2d",
            "bountyChainId": 1,
            "isEnded": false,
            "start": 1706745600,
            "end": 1729123200,
            "startClaimDate": 1707350400,
            "endClaimDate": 1729728000,
            "closableAt": 1730332800,
            "apr": 0.08940370121247661,
            "tokenPerVoteValue": 0.000218496,
            "tokenPerVoteValueUSD": 0.00045447168,
            "rewardsAvailable": 109.24222901950053,
            "rewardsAvailableUSD": 227.2238363605611,
            "maxRewardPerVote": 0.0002276,
            "maxRewardPerVoteUSD": 0.00045447168,
            "totalVotes": 279376.41339385166
        },
        {
            "id": 236,
            "manager": "0x1c572Bf5306c086b43f6F91F032296A25B49D920",
            "bountyChainId": 1,
            "isEnded": false,
            "start": 1718841600,
            "end": 1729123200,
            "startClaimDate": 1719446400,
            "endClaimDate": 1729728000,
            "closableAt": 1730332800,
            "apr": 0.10788429760006427,
            "tokenPerVoteValue": 0.009084386091598522,
            "tokenPerVoteValueUSD": 0.0005484153039637112,
            "rewardsAvailable": 10819.647417644768,
            "rewardsAvailableUSD": 653.171294955797,
            "maxRewardPerVote": 0.015997419447616276,
            "maxRewardPerVoteUSD": 0.0009271182860478211,
            "totalVotes": 1143375.1732046064
        },
        {
            "id": 244,
            "manager": "0xd3Ea7CF0a73D709029988Bf2cb65ACC568f79332",
            "bountyChainId": 1,
            "isEnded": false,
            "start": 1719446400,
            "end": 1729123200,
            "startClaimDate": 1720051200,
            "endClaimDate": 1729728000,
            "closableAt": 1730332800,
            "apr": 0.10318063387702373,
            "tokenPerVoteValue": 0.00868831457557912,
            "tokenPerVoteValueUSD": 0.0005245048626131358,
            "rewardsAvailable": 7647.481776445315,
            "rewardsAvailableUSD": 461.6708273622272,
            "maxRewardPerVote": 0.015997419447616276,
            "maxRewardPerVoteUSD": 0.0009271182860478211,
            "totalVotes": 844995.0150312264
        },
        {
            "id": 245,
            "manager": "0xf8AfC5e9AEdA712A05E32F27513cDAa2F67f457B",
            "bountyChainId": 1,
            "isEnded": false,
            "start": 1719446400,
            "end": 1729123200,
            "startClaimDate": 1720051200,
            "endClaimDate": 1729728000,
            "closableAt": 1730332800,
            "apr": 0.08719720222594145,
            "tokenPerVoteValue": 0.007342431370913189,
            "tokenPerVoteValueUSD": 0.0004432552394306583,
            "rewardsAvailable": 11447.312567654273,
            "rewardsAvailableUSD": 691.0628123967208,
            "maxRewardPerVote": 0.015997419447616276,
            "maxRewardPerVoteUSD": 0.0009271182860478211,
            "totalVotes": 1496700.412956169
        },
        {
            "id": 265,
            "manager": "0xFC08757c505eA28709dF66E54870fB6dE09f0C5E",
            "bountyChainId": 1,
            "isEnded": true,
            "start": 1727308800,
            "end": 1727913600,
            "startClaimDate": 1727913600,
            "endClaimDate": 1728518400,