{
    "0x0000000895cB182E6f983eb4D8b4E0Aa0B31Ae4c": [
        {
            "id": 92,
            "manager": "0xF98bb4943eb8a3eB6234a9f6B1Fa758714381753",
            "bountyChainId": 1,
            "isEnded": false,
            "start": 1689811200,
            "end": 1731542400,
            "startClaimDate": 1690416000,
            "endClaimDate": 1732147200,
            "closableAt": 1732752000,
            "apr": 0.1259231856313556,
            "tokenPerVoteValue": 0.0003703110297451327,
            "tokenPerVoteValueUSD": 0.0008517153684138052,
            "rewardsAvailable": 112.86369010870274,
            "rewardsAvailableUSD": 259.58648725001626,
            "maxRewardPerVote": 0.0007842,
            "maxRewardPerVoteUSD": 0.0017315135999999998,
            "totalVotes": 292589.56337035424
        },
        {
            "id": 93,
            "manager": "0xF98bb4943eb8a3eB6234a9f6B1Fa758714381753",
            "bountyChainId": 1,
            "isEnded": false,
            "start": 1689811200,
            "end": 1731542400,
            "startClaimDate": 1690416000,
            "endClaimDate": 1732147200,
            "closableAt": 1732752000,
            "apr": 0.19130291257098142,
            "tokenPerVoteValue": 0.0005625777190452785,
            "tokenPerVoteValueUSD": 0.0012939287538041404,
            "rewardsAvailable": 325.3403868620263,
            "rewardsAvailableUSD": 748.2828897826605,
            "maxRewardPerVote": 0.0007842,
            "maxRewardPerVoteUSD": 0.0017315135999999998,
            "totalVotes": 555170.8871755158
        },
        {
            "id": 123,
            "manager": "0x12E9D6962CEc231E2b0F8b49cE80e5B6fBF1cEa9",
            "bountyChainId": 1,
            "isEnded": false,
            "start": 1695859200,
            "end": 1732752000,
            "startClaimDate": 1696464000,
            "endClaimDate": 1733356800,
            "closableAt": 1733961600,
            "apr": 0.11668204435604573,
            "tokenPerVoteValue": 0.002849422782155851,
            "tokenPerVoteValueUSD": 0.0007892104213986726,
            "rewardsAvailable": 26240.996437764443,
            "rewardsAvailableUSD": 7268.022136364184,
            "maxRewardPerVote": 0.02,
            "maxRewardPerVoteUSD": 0.005317863037295574,
            "totalVotes": 8840863.047074497
        },
        {
            "id": 127,
            "manager": "0x8306300ffd616049FD7e4b0354a64Da835c1A81C",
            "bountyChainId": 1,
            "isEnded": false,
            "start": 1695859200,
            "end": 1731542400,
            "startClaimDate": 1696464000,
            "endClaimDate": 1732147200,
            "closableAt": 1732752000,
            "apr": 0.13102254278379416,
            "tokenPerVoteValue": 0.00038530706235572696,
            "tokenPerVoteValueUSD": 0.000886206243418172,
            "rewardsAvailable": 458.5247477512812,
            "rewardsAvailableUSD": 1054.6069198279467,
            "maxRewardPerVote": 0.0006,
            "maxRewardPerVoteUSD": 0.0013247999999999997,
            "totalVotes": 1142423.2796305176
        },
        {
            "id": 133,
            "manager": "0x68841bC858B18E10AfF6c2eC67Dbc484B3b47D91",
            "bountyChainId": 1,
            "isEnded": false,
            "start": 1697068800,
            "end": 1732752000,
            "startClaimDate": 1697673600,
            "endClaimDate": 1733356800,
            "closableAt": 1733961600,
            "apr": 0.090433388543663,
            "tokenPerVoteValue": 0.0022084199758924923,
            "tokenPerVoteValueUSD": 0.0006116705708658263,
            "rewardsAvailable": 2207.8092183615263,
            "rewardsAvailableUSD": 611.5014081106871,
            "maxRewardPerVote": 0.02,
            "maxRewardPerVoteUSD": 0.005317863037295574,
            "totalVotes": 959734.5037465121
        },
        {
            "id": 136,
            "manager": "0x2234a7c690AF5de948B3a1CcbEa43705E4583D2d",
            "bountyChainId": 1,
            "isEnded": false,
            "start": 1697068800,
            "end": 1731542400,
            "startClaimDate": 1697673600,
            "endClaimDate": 1732147200,
            "closableAt": 1732752000,
            "apr": 0.1277380068009417,
            "tokenPerVoteValue": 0.0003756480000000001,
            "tokenPerVoteValueUSD": 0.0008639904000000001,
            "rewardsAvailable": 9.250434851017861,
            "rewardsAvailableUSD": 21.276000157341077,
            "maxRewardPerVote": 0.0003913,
            "maxRewardPerVoteUSD": 0.0008639904000000001,
            "totalVotes": 7126.717270970323
        },
        {
            "id": 172,
            "manager": "0x2234a7c690AF5de948B3a1CcbEa43705E4583D2d",
            "bountyChainId": 1,
            "isEnded": false,
            "start": 1706745600,
            "end": 1731542400,
            "startClaimDate": 1707350400,
            "endClaimDate": 1732147200,
            "closableAt": 1732752000,
            "apr": 0.07429892754381374,
            "tokenPerVoteValue": 0.000218496,
            "tokenPerVoteValueUSD": 0.0005025407999999999,
            "rewardsAvailable": 125.57302841666643,
            "rewardsAvailableUSD": 288.8179653583328,
            "maxRewardPerVote": 0.0002276,
            "maxRewardPerVoteUSD": 0.0005025407999999999,
            "totalVotes": 55729.109725177506
        },
        {
            "id": 236,
            "manager": "0x1c572Bf5306c086b43f6F91F032296A25B49D920",
            "bountyChainId": 1,
            "isEnded": false,
            "start": 1718841600,
            "end": 1732147200,
            "startClaimDate": 1719446400,
            "endClaimDate": 1732752000,
            "closableAt": 1733356800,
            "apr": 0.12904765373021823,
            "tokenPerVoteValue": 0.022246556782488082,
            "tokenPerVoteValueUSD": 0.0008728485496034121,
            "rewardsAvailable": 10680.97047210805,
            "rewardsAvailableUSD": 419.0702262866632,
            "maxRewardPerVote": 0.03152779520755358,
            "maxRewardPerVoteUSD": 0.001187519981839978,
            "totalVotes": 460913.19899424625
        },
        {
            "id": 244,
            "manager": "0xd3Ea7CF0a73D709029988Bf2cb65ACC568f79332",
            "bountyChainId": 1,
            "isEnded": false,
            "start": 1719446400,
            "end": 1732147200,
            "startClaimDate": 1720051200,
            "endClaimDate": 1732752000,
            "closableAt": 1733356800,
            "apr": 0.17557074189311506,
            "tokenPerVoteValue": 0.030266683399251437,
            "tokenPerVoteValueUSD": 0.001187519981839978,
            "rewardsAvailable": 6982.468537650689,
            "rewardsAvailableUSD": 273.95868921780306,
            "maxRewardPerVote": 0.03152779520755358,
            "maxRewardPerVoteUSD": 0.001187519981839978,
            "totalVotes": 185419.64639373135
        },
        {
            "id": 245,
            "manager": "0xf8AfC5e9AEdA712A05E32F27513cDAa2F67f457B",
            "bountyChainId": 1,
            "isEnded": false,
            "start": 1719446400,
            "end": 1732147200,
            "startClaimDate": 1720051200,
            "endClaimDate": 1732752000,
            "closableAt": 1733356800,
            "apr": 0.09623595227098992,
            "tokenPerVoteValue": 0.016590139493656408,
            "tokenPerVoteValueUSD": 0.0006509177728642978,
            "rewardsAvailable": 8911.427039353677,
            "rewardsAvailableUSD": 349.6418004029902,
            "maxRewardPerVote": 0.03152779520755358,
            "maxRewardPerVoteUSD": 0.001187519981839978,
            "totalVotes": 515665.9448855571
        },
        {
            "id": 268,
            "manager": "0xFC08757c505eA28709dF66E54870fB6dE09f0C5E",
            "bountyChainId": 1,
            "isEnded": false,
            "start": 1730937600,
            "end": 1731542400,
            "startClaimDate": 1731542400,