{
    "0x0000000895cB182E6f983eb4D8b4E0Aa0B31Ae4c": [
        {
            "id": 92,
            "manager": "0xF98bb4943eb8a3eB6234a9f6B1Fa758714381753",
            "bountyChainId": 1,
            "isEnded": false,
            "start": 1689811200,
            "end": 1725494400,
            "startClaimDate": 1690416000,
            "endClaimDate": 1726099200,
            "closableAt": 1726704000,
            "apr": 0.12228747938360274,
            "tokenPerVoteValue": 0.00038098162682974584,
            "tokenPerVoteValueUSD": 0.00068957674456184,
            "rewardsAvailable": 267.5655146871162,
            "rewardsAvailableUSD": 484.29358158368035,
            "maxRewardPerVote": 0.0007842,
            "maxRewardPerVoteUSD": 0.00136262592,
            "totalVotes": 674213.337365004
        },
        {
            "id": 93,
            "manager": "0xF98bb4943eb8a3eB6234a9f6B1Fa758714381753",
            "bountyChainId": 1,
            "isEnded": false,
            "start": 1689811200,
            "end": 1725494400,
            "startClaimDate": 1690416000,
            "endClaimDate": 1726099200,
            "closableAt": 1726704000,
            "apr": 0.16600906446179564,
            "tokenPerVoteValue": 0.000517194432054175,
            "tokenPerVoteValueUSD": 0.0009361219220180568,
            "rewardsAvailable": 193.873014475867,
            "rewardsAvailableUSD": 350.9101562013193,
            "maxRewardPerVote": 0.0007842,
            "maxRewardPerVoteUSD": 0.00136262592,
            "totalVotes": 359860.97753917205
        },
        {
            "id": 123,
            "manager": "0x12E9D6962CEc231E2b0F8b49cE80e5B6fBF1cEa9",
            "bountyChainId": 1,
            "isEnded": false,
            "start": 1695859200,
            "end": 1727913600,
            "startClaimDate": 1696464000,
            "endClaimDate": 1728518400,
            "closableAt": 1729123200,
            "apr": 0.11947389671481613,
            "tokenPerVoteValue": 0.002550186060733723,
            "tokenPerVoteValueUSD": 0.0006737110059999114,
            "rewardsAvailable": 33472.1522089383,
            "rewardsAvailableUSD": 8842.7106103693,
            "maxRewardPerVote": 0.02,
            "maxRewardPerVoteUSD": 0.005072277475893916,
            "totalVotes": 12600361.4463078
        },
        {
            "id": 124,
            "manager": "0xfCBa6dC55c4b36943cF6C69f2c23b345350d520E",
            "bountyChainId": 1,
            "isEnded": false,
            "start": 1695859200,
            "end": 1726704000,
            "startClaimDate": 1696464000,
            "endClaimDate": 1727308800,
            "closableAt": 1727913600,
            "apr": 0.13405298444174335,
            "tokenPerVoteValue": 0.0028613786084093966,
            "tokenPerVoteValueUSD": 0.0007559222013249824,
            "rewardsAvailable": 5678.32150872631,
            "rewardsAvailableUSD": 1500.105327583147,
            "maxRewardPerVote": 0.02,
            "maxRewardPerVoteUSD": 0.005072277475893916,
            "totalVotes": 1905091.7038229704
        },
        {
            "id": 125,
            "manager": "0xF78f606db249B27cb835Bec41f9957fCe2308f5e",
            "bountyChainId": 1,
            "isEnded": false,
            "start": 1695859200,
            "end": 1726704000,
            "startClaimDate": 1696464000,
            "endClaimDate": 1727308800,
            "closableAt": 1727913600,
            "apr": 0.1593651616483309,
            "tokenPerVoteValue": 0.003401670364634138,
            "tokenPerVoteValueUSD": 0.0008986570818202909,
            "rewardsAvailable": 1122.0970001281396,
            "rewardsAvailableUSD": 296.43684059990085,
            "maxRewardPerVote": 0.02,
            "maxRewardPerVoteUSD": 0.005072277475893916,
            "totalVotes": 316671.8125666689
        },
        {
            "id": 127,
            "manager": "0x8306300ffd616049FD7e4b0354a64Da835c1A81C",
            "bountyChainId": 1,
            "isEnded": false,
            "start": 1695859200,
            "end": 1725494400,
            "startClaimDate": 1696464000,
            "endClaimDate": 1726099200,
            "closableAt": 1726704000,
            "apr": 0.12231735459539494,
            "tokenPerVoteValue": 0.000381074701826858,
            "tokenPerVoteValueUSD": 0.000689745210306613,
            "rewardsAvailable": 519.1946284591232,
            "rewardsAvailableUSD": 939.7422775110131,
            "maxRewardPerVote": 0.00065,
            "maxRewardPerVoteUSD": 0.00112944,
            "totalVotes": 1307950.4908914668
        },
        {
            "id": 133,
            "manager": "0x68841bC858B18E10AfF6c2eC67Dbc484B3b47D91",
            "bountyChainId": 1,
            "isEnded": false,
            "start": 1697068800,
            "end": 1727913600,
            "startClaimDate": 1697673600,
            "endClaimDate": 1728518400,
            "closableAt": 1729123200,
            "apr": 0.09587565641741269,
            "tokenPerVoteValue": 0.002046478513570242,
            "tokenPerVoteValueUSD": 0.0005406409827751668,
            "rewardsAvailable": 2249.408665070802,
            "rewardsAvailableUSD": 594.2512971832933,
            "maxRewardPerVote": 0.02,
            "maxRewardPerVoteUSD": 0.005072277475893916,
            "totalVotes": 1055194.2295747201
        },
        {
            "id": 136,
            "manager": "0x2234a7c690AF5de948B3a1CcbEa43705E4583D2d",
            "bountyChainId": 1,
            "isEnded": false,
            "start": 1697068800,
            "end": 1725494400,
            "startClaimDate": 1697673600,
            "endClaimDate": 1726099200,
            "closableAt": 1726704000,
            "apr": 0.12057549188853688,
            "tokenPerVoteValue": 0.000375648,
            "tokenPerVoteValueUSD": 0.0006799228800000001,
            "rewardsAvailable": 31.83010142299765,
            "rewardsAvailableUSD": 57.612483575625745,
            "maxRewardPerVote": 0.0003913,
            "maxRewardPerVoteUSD": 0.0006799228800000001,
            "totalVotes": 47471.1385033219
        },
        {
            "id": 172,
            "manager": "0x2234a7c690AF5de948B3a1CcbEa43705E4583D2d",
            "bountyChainId": 1,
            "isEnded": false,
            "start": 1706745600,
            "end": 1725494400,
            "startClaimDate": 1707350400,
            "endClaimDate": 1726099200,
            "closableAt": 1726704000,
            "apr": 0.0701328442469486,
            "tokenPerVoteValue": 0.000218496,
            "tokenPerVoteValueUSD": 0.00039547776,
            "rewardsAvailable": 464.9316092396159,
            "rewardsAvailableUSD": 841.5262127237048,
            "maxRewardPerVote": 0.0002276,
            "maxRewardPerVoteUSD": 0.00039547776,
            "totalVotes": 168272.82003053933
        },
        {
            "id": 192,
            "manager": "0x2927D7D70943290529Adc517E8E2Dc1eEE7818b6",
            "bountyChainId": 1,
            "isEnded": false,
            "start": 1710979200,
            "end": 1725494400,
            "startClaimDate": 1711584000,
            "endClaimDate": 1726099200,
            "closableAt": 1726704000,
            "apr": 0.0027604500117003037,
            "tokenPerVoteValue": 0.0144,
            "tokenPerVoteValueUSD": 1.5566124530400867e-05,
            "rewardsAvailable": 51187.41774293002,
            "rewardsAvailableUSD": 55.33261937334025,
            "maxRewardPerVote": 0.015,
            "maxRewardPerVoteUSD": 1.5566124530400867e-05,
            "totalVotes": 175994.02206702626
        },
        {
            "id": 236,
            "manager": "0x1c572Bf5306c086b43f6F91F032296A25B49D920",
            "bountyChainId": 1,
            "isEnded": false,
            "start": 1718841600,
            "end": 1725494400,
            "startClaimDate": 1719446400,
            "endClaimDate": 1726099200,
            "closableAt": 1726704000,
            "apr": 0.11436154807454316,