{
    "0x0000000895cB182E6f983eb4D8b4E0Aa0B31Ae4c": [
        {
            "id": 92,
            "manager": "0xF98bb4943eb8a3eB6234a9f6B1Fa758714381753",
            "bountyChainId": 1,
            "isEnded": false,
            "start": 1689811200,
            "end": 1729123200,
            "startClaimDate": 1690416000,
            "endClaimDate": 1729728000,
            "closableAt": 1730332800,
            "apr": 0.14616365665015502,
            "tokenPerVoteValue": 0.0003841239384942589,
            "tokenPerVoteValueUSD": 0.0007605653982186327,
            "rewardsAvailable": 368.68607253670535,
            "rewardsAvailableUSD": 729.9984236226766,
            "maxRewardPerVote": 0.0007842,
            "maxRewardPerVoteUSD": 0.00149060736,
            "totalVotes": 921417.787765724
        },
        {
            "id": 93,
            "manager": "0xF98bb4943eb8a3eB6234a9f6B1Fa758714381753",
            "bountyChainId": 1,
            "isEnded": false,
            "start": 1689811200,
            "end": 1729123200,
            "startClaimDate": 1690416000,
            "endClaimDate": 1729728000,
            "closableAt": 1730332800,
            "apr": 0.06629955037185992,
            "tokenPerVoteValue": 0.00017423787138955878,
            "tokenPerVoteValueUSD": 0.0003449909853513264,
            "rewardsAvailable": 178.7699717737408,
            "rewardsAvailableUSD": 353.96454411200676,
            "maxRewardPerVote": 0.0007842,
            "maxRewardPerVoteUSD": 0.00149060736,
            "totalVotes": 984970.5551044482
        },
        {
            "id": 123,
            "manager": "0x12E9D6962CEc231E2b0F8b49cE80e5B6fBF1cEa9",
            "bountyChainId": 1,
            "isEnded": false,
            "start": 1695859200,
            "end": 1731542400,
            "startClaimDate": 1696464000,
            "endClaimDate": 1732147200,
            "closableAt": 1732752000,
            "apr": 0.11273091081345521,
            "tokenPerVoteValue": 0.0022341343379881752,
            "tokenPerVoteValueUSD": 0.0005865974623199454,
            "rewardsAvailable": 25406.38148905856,
            "rewardsAvailableUSD": 6670.735351408875,
            "maxRewardPerVote": 0.02,
            "maxRewardPerVoteUSD": 0.005041179075509362,
            "totalVotes": 10917036.551821401
        },
        {
            "id": 127,
            "manager": "0x8306300ffd616049FD7e4b0354a64Da835c1A81C",
            "bountyChainId": 1,
            "isEnded": false,
            "start": 1695859200,
            "end": 1729123200,
            "startClaimDate": 1696464000,
            "endClaimDate": 1729728000,
            "closableAt": 1730332800,
            "apr": 0.10560681743219515,
            "tokenPerVoteValue": 0.00027753894212563773,
            "tokenPerVoteValueUSD": 0.0005495271054087627,
            "rewardsAvailable": 521.3460626146107,
            "rewardsAvailableUSD": 1032.2652039769291,
            "maxRewardPerVote": 0.00065,
            "maxRewardPerVoteUSD": 0.00123552,
            "totalVotes": 1803322.5041387558
        },
        {
            "id": 133,
            "manager": "0x68841bC858B18E10AfF6c2eC67Dbc484B3b47D91",
            "bountyChainId": 1,
            "isEnded": false,
            "start": 1697068800,
            "end": 1731542400,
            "startClaimDate": 1697673600,
            "endClaimDate": 1732147200,
            "closableAt": 1732752000,
            "apr": 0.08123463697753168,
            "tokenPerVoteValue": 0.0016099319219183095,
            "tokenPerVoteValueUSD": 0.00042270599571714345,
            "rewardsAvailable": 1966.9457448831577,
            "rewardsAvailableUSD": 516.4440485295391,
            "maxRewardPerVote": 0.02,
            "maxRewardPerVoteUSD": 0.005041179075509362,
            "totalVotes": 1172886.8092992848
        },
        {
            "id": 136,
            "manager": "0x2234a7c690AF5de948B3a1CcbEa43705E4583D2d",
            "bountyChainId": 1,
            "isEnded": false,
            "start": 1697068800,
            "end": 1729123200,
            "startClaimDate": 1697673600,
            "endClaimDate": 1729728000,
            "closableAt": 1730332800,
            "apr": 0.1429384628006933,
            "tokenPerVoteValue": 0.000375648,
            "tokenPerVoteValueUSD": 0.00074378304,
            "rewardsAvailable": 6.054451965332893,
            "rewardsAvailableUSD": 11.987814891359127,
            "maxRewardPerVote": 0.0003913,
            "maxRewardPerVoteUSD": 0.00074378304,
            "totalVotes": 10587.678854578257
        },
        {
            "id": 172,
            "manager": "0x2234a7c690AF5de948B3a1CcbEa43705E4583D2d",
            "bountyChainId": 1,
            "isEnded": false,
            "start": 1706745600,
            "end": 1729123200,
            "startClaimDate": 1707350400,
            "endClaimDate": 1729728000,
            "closableAt": 1730332800,
            "apr": 0.08314028656641398,
            "tokenPerVoteValue": 0.000218496,
            "tokenPerVoteValueUSD": 0.00043262207999999997,
            "rewardsAvailable": 109.24222901950053,
            "rewardsAvailableUSD": 216.29961345861105,
            "maxRewardPerVote": 0.0002276,
            "maxRewardPerVoteUSD": 0.00043262207999999997,
            "totalVotes": 278020.2172123281
        },
        {
            "id": 236,
            "manager": "0x1c572Bf5306c086b43f6F91F032296A25B49D920",
            "bountyChainId": 1,
            "isEnded": false,
            "start": 1718841600,
            "end": 1729123200,
            "startClaimDate": 1719446400,
            "endClaimDate": 1729728000,
            "closableAt": 1730332800,
            "apr": 0.07235732143113523,
            "tokenPerVoteValue": 0.009871784235354866,
            "tokenPerVoteValueUSD": 0.0003765127135538628,
            "rewardsAvailable": 10819.647417644768,
            "rewardsAvailableUSD": 412.6644902067226,
            "maxRewardPerVote": 0.015997419447616276,
            "maxRewardPerVoteUSD": 0.0005857403683043756,
            "totalVotes": 1052176.7163163282
        },
        {
            "id": 244,
            "manager": "0xd3Ea7CF0a73D709029988Bf2cb65ACC568f79332",
            "bountyChainId": 1,
            "isEnded": false,
            "start": 1719446400,
            "end": 1729123200,
            "startClaimDate": 1720051200,
            "endClaimDate": 1729728000,
            "closableAt": 1730332800,
            "apr": 0.08247757742643617,
            "tokenPerVoteValue": 0.011252501232835905,
            "tokenPerVoteValueUSD": 0.0004291736602457189,
            "rewardsAvailable": 7647.4817764453155,
            "rewardsAvailableUSD": 291.6771727233395,
            "maxRewardPerVote": 0.015997419447616276,
            "maxRewardPerVoteUSD": 0.0005857403683043756,
            "totalVotes": 652440.0534135507
        },
        {
            "id": 245,
            "manager": "0xf8AfC5e9AEdA712A05E32F27513cDAa2F67f457B",
            "bountyChainId": 1,
            "isEnded": false,
            "start": 1719446400,
            "end": 1729123200,
            "startClaimDate": 1720051200,
            "endClaimDate": 1729728000,
            "closableAt": 1730332800,
            "apr": 0.05923605822339686,
            "tokenPerVoteValue": 0.008081636718556974,
            "tokenPerVoteValueUSD": 0.0003082359681204114,
            "rewardsAvailable": 11447.312567654273,
            "rewardsAvailableUSD": 436.6038210509786,
            "maxRewardPerVote": 0.015997419447616276,
            "maxRewardPerVoteUSD": 0.0005857403683043756,
            "totalVotes": 1359801.293680314
        },
        {
            "id": 266,
            "manager": "0xFC08757c505eA28709dF66E54870fB6dE09f0C5E",
            "bountyChainId": 1,
            "isEnded": false,
            "start": 1728518400,
            "end": 1729123200,
            "startClaimDate": 1729123200,
            "endClaimDate": 1729728000,