{
    "0x0000000895cB182E6f983eb4D8b4E0Aa0B31Ae4c": [
        {
            "id": 92,
            "manager": "0xF98bb4943eb8a3eB6234a9f6B1Fa758714381753",
            "bountyChainId": 1,
            "isEnded": false,
            "start": 1689811200,
            "end": 1731542400,
            "startClaimDate": 1690416000,
            "endClaimDate": 1732147200,
            "closableAt": 1732752000,
            "apr": 0.14149871897923239,
            "tokenPerVoteValue": 0.0003703110297451327,
            "tokenPerVoteValueUSD": 0.0007850593830596814,
            "rewardsAvailable": 112.86369010870274,
            "rewardsAvailableUSD": 239.2710230304498,
            "maxRewardPerVote": 0.0007842,
            "maxRewardPerVoteUSD": 0.0015960038399999998,
            "totalVotes": 292589.56337035424
        },
        {
            "id": 93,
            "manager": "0xF98bb4943eb8a3eB6234a9f6B1Fa758714381753",
            "bountyChainId": 1,
            "isEnded": false,
            "start": 1689811200,
            "end": 1731542400,
            "startClaimDate": 1690416000,
            "endClaimDate": 1732147200,
            "closableAt": 1732752000,
            "apr": 0.15084350880772057,
            "tokenPerVoteValue": 0.00039476693131868125,
            "tokenPerVoteValueUSD": 0.0008369058943956043,
            "rewardsAvailable": 230.16053999970907,
            "rewardsAvailableUSD": 487.94034479938324,
            "maxRewardPerVote": 0.0007842,
            "maxRewardPerVoteUSD": 0.0015960038399999998,
            "totalVotes": 559707.768990793
        },
        {
            "id": 123,
            "manager": "0x12E9D6962CEc231E2b0F8b49cE80e5B6fBF1cEa9",
            "bountyChainId": 1,
            "isEnded": false,
            "start": 1695859200,
            "end": 1732752000,
            "startClaimDate": 1696464000,
            "endClaimDate": 1733356800,
            "closableAt": 1733961600,
            "apr": 0.1357527338125536,
            "tokenPerVoteValue": 0.002849422782155851,
            "tokenPerVoteValueUSD": 0.000753179662857515,
            "rewardsAvailable": 26240.996437764443,
            "rewardsAvailableUSD": 6936.206509546908,
            "maxRewardPerVote": 0.02,
            "maxRewardPerVoteUSD": 0.005075080334664542,
            "totalVotes": 8840863.047074497
        },
        {
            "id": 127,
            "manager": "0x8306300ffd616049FD7e4b0354a64Da835c1A81C",
            "bountyChainId": 1,
            "isEnded": false,
            "start": 1695859200,
            "end": 1731542400,
            "startClaimDate": 1696464000,
            "endClaimDate": 1732147200,
            "closableAt": 1732752000,
            "apr": 0.14722881944540073,
            "tokenPerVoteValue": 0.00038530706235572696,
            "tokenPerVoteValueUSD": 0.0008168509721941412,
            "rewardsAvailable": 458.5247477512812,
            "rewardsAvailableUSD": 972.0724652327162,
            "maxRewardPerVote": 0.0006,
            "maxRewardPerVoteUSD": 0.0012211199999999998,
            "totalVotes": 1142423.2796305176
        },
        {
            "id": 133,
            "manager": "0x68841bC858B18E10AfF6c2eC67Dbc484B3b47D91",
            "bountyChainId": 1,
            "isEnded": false,
            "start": 1697068800,
            "end": 1732752000,
            "startClaimDate": 1697673600,
            "endClaimDate": 1733356800,
            "closableAt": 1733961600,
            "apr": 0.10521395807288167,
            "tokenPerVoteValue": 0.0022084199758924923,
            "tokenPerVoteValueUSD": 0.0005837452494964756,
            "rewardsAvailable": 2207.8092183615263,
            "rewardsAvailableUSD": 583.5838097290457,
            "maxRewardPerVote": 0.02,
            "maxRewardPerVoteUSD": 0.005075080334664542,
            "totalVotes": 959734.5037465121
        },
        {
            "id": 136,
            "manager": "0x2234a7c690AF5de948B3a1CcbEa43705E4583D2d",
            "bountyChainId": 1,
            "isEnded": false,
            "start": 1697068800,
            "end": 1731542400,
            "startClaimDate": 1697673600,
            "endClaimDate": 1732147200,
            "closableAt": 1732752000,
            "apr": 0.14353801674147762,
            "tokenPerVoteValue": 0.000375648,
            "tokenPerVoteValueUSD": 0.0007963737600000001,
            "rewardsAvailable": 9.250434851017861,
            "rewardsAvailableUSD": 19.610921884157865,
            "maxRewardPerVote": 0.0003913,
            "maxRewardPerVoteUSD": 0.0007963737600000001,
            "totalVotes": 7126.717270970323
        },
        {
            "id": 172,
            "manager": "0x2234a7c690AF5de948B3a1CcbEa43705E4583D2d",
            "bountyChainId": 1,
            "isEnded": false,
            "start": 1706745600,
            "end": 1731542400,
            "startClaimDate": 1707350400,
            "endClaimDate": 1732147200,
            "closableAt": 1732752000,
            "apr": 0.08348901766000588,
            "tokenPerVoteValue": 0.00021849600000000002,
            "tokenPerVoteValueUSD": 0.00046321152000000003,
            "rewardsAvailable": 125.57302841666643,
            "rewardsAvailableUSD": 266.21482024333284,
            "maxRewardPerVote": 0.0002276,
            "maxRewardPerVoteUSD": 0.00046321152000000003,
            "totalVotes": 55729.109725177506
        },
        {
            "id": 236,
            "manager": "0x1c572Bf5306c086b43f6F91F032296A25B49D920",
            "bountyChainId": 1,
            "isEnded": false,
            "start": 1718841600,
            "end": 1732147200,
            "startClaimDate": 1719446400,
            "endClaimDate": 1732752000,
            "closableAt": 1733356800,
            "apr": 0.12408472012406109,
            "tokenPerVoteValue": 0.022246556782488082,
            "tokenPerVoteValueUSD": 0.000688443503449851,
            "rewardsAvailable": 10680.97047210805,
            "rewardsAvailableUSD": 330.5340598977888,
            "maxRewardPerVote": 0.03152779520755358,
            "maxRewardPerVoteUSD": 0.000936634903141073,
            "totalVotes": 460913.19899424625
        },
        {
            "id": 244,
            "manager": "0xd3Ea7CF0a73D709029988Bf2cb65ACC568f79332",
            "bountyChainId": 1,
            "isEnded": false,
            "start": 1719446400,
            "end": 1732147200,
            "startClaimDate": 1720051200,
            "endClaimDate": 1732752000,
            "closableAt": 1733356800,
            "apr": 0.16881861653467284,
            "tokenPerVoteValue": 0.03026668339925144,
            "tokenPerVoteValueUSD": 0.000936634903141073,
            "rewardsAvailable": 6982.468537650689,
            "rewardsAvailableUSD": 216.07996013893583,
            "maxRewardPerVote": 0.03152779520755358,
            "maxRewardPerVoteUSD": 0.000936634903141073,
            "totalVotes": 185419.64639373135
        },
        {
            "id": 245,
            "manager": "0xf8AfC5e9AEdA712A05E32F27513cDAa2F67f457B",
            "bountyChainId": 1,
            "isEnded": false,
            "start": 1719446400,
            "end": 1732147200,
            "startClaimDate": 1720051200,
            "endClaimDate": 1732752000,
            "closableAt": 1733356800,
            "apr": 0.10973254215597514,
            "tokenPerVoteValue": 0.019673423347523866,
            "tokenPerVoteValueUSD": 0.0006088151360521079,
            "rewardsAvailable": 10567.619207952579,
            "rewardsAvailableUSD": 327.02628374264503,
            "maxRewardPerVote": 0.03152779520755358,
            "maxRewardPerVoteUSD": 0.000936634903141073,
            "totalVotes": 515665.9448855571
        },
        {
            "id": 268,
            "manager": "0xFC08757c505eA28709dF66E54870fB6dE09f0C5E",
            "bountyChainId": 1,
            "isEnded": false,
            "start": 1730937600,
            "end": 1731542400,
            "startClaimDate": 1731542400,