{
    "0x0000000895cB182E6f983eb4D8b4E0Aa0B31Ae4c": [
        {
            "id": 92,
            "manager": "0xF98bb4943eb8a3eB6234a9f6B1Fa758714381753",
            "bountyChainId": 1,
            "isEnded": false,
            "start": 1689811200,
            "end": 1730332800,
            "startClaimDate": 1690416000,
            "endClaimDate": 1730937600,
            "closableAt": 1731542400,
            "apr": 0.2045150244832531,
            "tokenPerVoteValue": 0.0005179994519203406,
            "tokenPerVoteValueUSD": 0.0010256389148022742,
            "rewardsAvailable": 175.29004751777015,
            "rewardsAvailableUSD": 347.0742940851849,
            "maxRewardPerVote": 0.0007842,
            "maxRewardPerVoteUSD": 0.00149060736,
            "totalVotes": 324862.2078521768
        },
        {
            "id": 93,
            "manager": "0xF98bb4943eb8a3eB6234a9f6B1Fa758714381753",
            "bountyChainId": 1,
            "isEnded": false,
            "start": 1689811200,
            "end": 1730332800,
            "startClaimDate": 1690416000,
            "endClaimDate": 1730937600,
            "closableAt": 1731542400,
            "apr": 0.13663758626323405,
            "tokenPerVoteValue": 0.0003460782158910247,
            "tokenPerVoteValueUSD": 0.000685234867464229,
            "rewardsAvailable": 231.50570220623172,
            "rewardsAvailableUSD": 458.3812903683388,
            "maxRewardPerVote": 0.0007842,
            "maxRewardPerVoteUSD": 0.00149060736,
            "totalVotes": 642182.7896499689
        },
        {
            "id": 123,
            "manager": "0x12E9D6962CEc231E2b0F8b49cE80e5B6fBF1cEa9",
            "bountyChainId": 1,
            "isEnded": false,
            "start": 1695859200,
            "end": 1732752000,
            "startClaimDate": 1696464000,
            "endClaimDate": 1733356800,
            "closableAt": 1733961600,
            "apr": 0.10911087104147105,
            "tokenPerVoteValue": 0.0021651040199175756,
            "tokenPerVoteValueUSD": 0.0005471889199869958,
            "rewardsAvailable": 24758.935516235735,
            "rewardsAvailableUSD": 6257.3507141114,
            "maxRewardPerVote": 0.02,
            "maxRewardPerVoteUSD": 0.004852435341259159,
            "totalVotes": 10978030.55970085
        },
        {
            "id": 127,
            "manager": "0x8306300ffd616049FD7e4b0354a64Da835c1A81C",
            "bountyChainId": 1,
            "isEnded": false,
            "start": 1695859200,
            "end": 1730332800,
            "startClaimDate": 1696464000,
            "endClaimDate": 1730937600,
            "closableAt": 1731542400,
            "apr": 0.15306479496307923,
            "tokenPerVoteValue": 0.00038768535514449137,
            "tokenPerVoteValueUSD": 0.0007676170031860929,
            "rewardsAvailable": 546.5905863418192,
            "rewardsAvailableUSD": 1082.2493609568019,
            "maxRewardPerVote": 0.00065,
            "maxRewardPerVoteUSD": 0.00123552,
            "totalVotes": 1353486.6765668239
        },
        {
            "id": 133,
            "manager": "0x68841bC858B18E10AfF6c2eC67Dbc484B3b47D91",
            "bountyChainId": 1,
            "isEnded": false,
            "start": 1697068800,
            "end": 1732752000,
            "startClaimDate": 1697673600,
            "endClaimDate": 1733356800,
            "closableAt": 1733961600,
            "apr": 0.07916191563354949,
            "tokenPerVoteValue": 0.0015708222299630464,
            "tokenPerVoteValueUSD": 0.00039699548455771923,
            "rewardsAvailable": 1890.256993999963,
            "rewardsAvailableUSD": 477.726554257694,
            "maxRewardPerVote": 0.02,
            "maxRewardPerVoteUSD": 0.004852435341259159,
            "totalVotes": 1155220.9280121112
        },
        {
            "id": 136,
            "manager": "0x2234a7c690AF5de948B3a1CcbEa43705E4583D2d",
            "bountyChainId": 1,
            "isEnded": false,
            "start": 1697068800,
            "end": 1730332800,
            "startClaimDate": 1697673600,
            "endClaimDate": 1730937600,
            "closableAt": 1731542400,
            "apr": 0.1483122417065791,
            "tokenPerVoteValue": 0.000375648,
            "tokenPerVoteValueUSD": 0.00074378304,
            "rewardsAvailable": 8.200526364670264,
            "rewardsAvailableUSD": 16.23704220204712,
            "maxRewardPerVote": 0.0003913,
            "maxRewardPerVoteUSD": 0.00074378304,
            "totalVotes": 5806.109253903854
        },
        {
            "id": 172,
            "manager": "0x2234a7c690AF5de948B3a1CcbEa43705E4583D2d",
            "bountyChainId": 1,
            "isEnded": false,
            "start": 1706745600,
            "end": 1730332800,
            "startClaimDate": 1707350400,
            "endClaimDate": 1730937600,
            "closableAt": 1731542400,
            "apr": 0.0862659499422883,
            "tokenPerVoteValue": 0.000218496,
            "tokenPerVoteValueUSD": 0.00043262207999999997,
            "rewardsAvailable": 97.08140551867905,
            "rewardsAvailableUSD": 192.2211829269845,
            "maxRewardPerVote": 0.0002276,
            "maxRewardPerVoteUSD": 0.00043262207999999997,
            "totalVotes": 63601.0891964621
        },
        {
            "id": 236,
            "manager": "0x1c572Bf5306c086b43f6F91F032296A25B49D920",
            "bountyChainId": 1,
            "isEnded": false,
            "start": 1718841600,
            "end": 1730332800,
            "startClaimDate": 1719446400,
            "endClaimDate": 1730937600,
            "closableAt": 1731542400,
            "apr": 0.20983134941116666,
            "tokenPerVoteValue": 0.033805072400883915,
            "tokenPerVoteValueUSD": 0.0010523001820787429,
            "rewardsAvailable": 10311.22563417441,
            "rewardsAvailableUSD": 320.9726778166291,
            "maxRewardPerVote": 0.045915862119317793,
            "maxRewardPerVoteUSD": 0.0013721189150451075,
            "totalVotes": 292819.2695883298
        },
        {
            "id": 244,
            "manager": "0xd3Ea7CF0a73D709029988Bf2cb65ACC568f79332",
            "bountyChainId": 1,
            "isEnded": false,
            "start": 1719446400,
            "end": 1730332800,
            "startClaimDate": 1720051200,
            "endClaimDate": 1730937600,
            "closableAt": 1731542400,
            "apr": 0.2736040232624007,
            "tokenPerVoteValue": 0.04407922763454508,
            "tokenPerVoteValueUSD": 0.0013721189150451075,
            "rewardsAvailable": 6370.045235756414,
            "rewardsAvailableUSD": 198.28976201988644,
            "maxRewardPerVote": 0.045915862119317793,
            "maxRewardPerVoteUSD": 0.0013721189150451075,
            "totalVotes": 0.0
        },
        {
            "id": 245,
            "manager": "0xf8AfC5e9AEdA712A05E32F27513cDAa2F67f457B",
            "bountyChainId": 1,
            "isEnded": false,
            "start": 1719446400,
            "end": 1730332800,
            "startClaimDate": 1720051200,
            "endClaimDate": 1730937600,
            "closableAt": 1731542400,
            "apr": 0.09417697789024343,
            "tokenPerVoteValue": 0.015172468580172497,
            "tokenPerVoteValueUSD": 0.0004722957330238421,
            "rewardsAvailable": 10095.681226577042,
            "rewardsAvailableUSD": 314.26311019106663,
            "maxRewardPerVote": 0.045915862119317793,
            "maxRewardPerVoteUSD": 0.0013721189150451075,
            "totalVotes": 638778.9782724844
        },
        {
            "id": 266,
            "manager": "0xFC08757c505eA28709dF66E54870fB6dE09f0C5E",
            "bountyChainId": 1,
            "isEnded": true,
            "start": 1728518400,
            "end": 1729123200,
            "startClaimDate": 1729123200,
            "endClaimDate": 1729728000,
            "closableAt": 1730332800,