{
    "0x0000000895cB182E6f983eb4D8b4E0Aa0B31Ae4c": [
        {
            "id": 92,
            "manager": "0xF98bb4943eb8a3eB6234a9f6B1Fa758714381753",
            "bountyChainId": 1,
            "isEnded": false,
            "start": 1689811200,
            "end": 1729123200,
            "startClaimDate": 1690416000,
            "endClaimDate": 1729728000,
            "closableAt": 1730332800,
            "apr": 0.0839545202685962,
            "tokenPerVoteValue": 0.00019973357409734213,
            "tokenPerVoteValueUSD": 0.000431424520050259,
            "rewardsAvailable": 192.85150065550707,
            "rewardsAvailableUSD": 416.5592414158953,
            "maxRewardPerVote": 0.0007842,
            "maxRewardPerVoteUSD": 0.00162611712,
            "totalVotes": 926921.9832768738
        },
        {
            "id": 93,
            "manager": "0xF98bb4943eb8a3eB6234a9f6B1Fa758714381753",
            "bountyChainId": 1,
            "isEnded": false,
            "start": 1689811200,
            "end": 1729123200,
            "startClaimDate": 1690416000,
            "endClaimDate": 1729728000,
            "closableAt": 1730332800,
            "apr": 0.17928241151091753,
            "tokenPerVoteValue": 0.0004265251794579135,
            "tokenPerVoteValueUSD": 0.0009212943876290932,
            "rewardsAvailable": 194.38093584434935,
            "rewardsAvailableUSD": 419.8628214237946,
            "maxRewardPerVote": 0.0007842,
            "maxRewardPerVoteUSD": 0.00162611712,
            "totalVotes": 437502.1860321105
        },
        {
            "id": 123,
            "manager": "0x12E9D6962CEc231E2b0F8b49cE80e5B6fBF1cEa9",
            "bountyChainId": 1,
            "isEnded": false,
            "start": 1695859200,
            "end": 1731542400,
            "startClaimDate": 1696464000,
            "endClaimDate": 1732147200,
            "closableAt": 1732752000,
            "apr": 0.09973251576396529,
            "tokenPerVoteValue": 0.001805754924534109,
            "tokenPerVoteValueUSD": 0.0005125043012480674,
            "rewardsAvailable": 25953.830439358273,
            "rewardsAvailableUSD": 7366.143408118327,
            "maxRewardPerVote": 0.02,
            "maxRewardPerVoteUSD": 0.005449290183440408,
            "totalVotes": 13797928.436059657
        },
        {
            "id": 127,
            "manager": "0x8306300ffd616049FD7e4b0354a64Da835c1A81C",
            "bountyChainId": 1,
            "isEnded": false,
            "start": 1695859200,
            "end": 1729123200,
            "startClaimDate": 1696464000,
            "endClaimDate": 1729728000,
            "closableAt": 1730332800,
            "apr": 0.12000693578286356,
            "tokenPerVoteValue": 0.0002855047485673918,
            "tokenPerVoteValueUSD": 0.0006166902569055663,
            "rewardsAvailable": 521.3460626146107,
            "rewardsAvailableUSD": 1126.1074952475592,
            "maxRewardPerVote": 0.00065,
            "maxRewardPerVoteUSD": 0.00134784,
            "totalVotes": 1753008.3917041677
        },
        {
            "id": 133,
            "manager": "0x68841bC858B18E10AfF6c2eC67Dbc484B3b47D91",
            "bountyChainId": 1,
            "isEnded": false,
            "start": 1697068800,
            "end": 1731542400,
            "startClaimDate": 1697673600,
            "endClaimDate": 1732147200,
            "closableAt": 1732752000,
            "apr": 0.10328723557923335,
            "tokenPerVoteValue": 0.0018701166100144081,
            "tokenPerVoteValueUSD": 0.0005307712544187691,
            "rewardsAvailable": 2306.390816292649,
            "rewardsAvailableUSD": 654.5933767917,
            "maxRewardPerVote": 0.02,
            "maxRewardPerVoteUSD": 0.005449290183440408,
            "totalVotes": 1183955.6805090804
        },
        {
            "id": 136,
            "manager": "0x2234a7c690AF5de948B3a1CcbEa43705E4583D2d",
            "bountyChainId": 1,
            "isEnded": false,
            "start": 1697068800,
            "end": 1729123200,
            "startClaimDate": 1697673600,
            "endClaimDate": 1729728000,
            "closableAt": 1730332800,
            "apr": 0.1578970775062964,
            "tokenPerVoteValue": 0.000375648,
            "tokenPerVoteValueUSD": 0.0008113996800000001,
            "rewardsAvailable": 6.054451965332893,
            "rewardsAvailableUSD": 13.07761624511905,
            "maxRewardPerVote": 0.0003913,
            "maxRewardPerVoteUSD": 0.0008113996800000001,
            "totalVotes": 10644.895703985821
        },
        {
            "id": 172,
            "manager": "0x2234a7c690AF5de948B3a1CcbEa43705E4583D2d",
            "bountyChainId": 1,
            "isEnded": false,
            "start": 1706745600,
            "end": 1729123200,
            "startClaimDate": 1707350400,
            "endClaimDate": 1729728000,
            "closableAt": 1730332800,
            "apr": 0.09184097838086651,
            "tokenPerVoteValue": 0.00021849600000000002,
            "tokenPerVoteValueUSD": 0.00047195136000000005,
            "rewardsAvailable": 109.24222901950053,
            "rewardsAvailableUSD": 235.96321468212116,
            "maxRewardPerVote": 0.0002276,
            "maxRewardPerVoteUSD": 0.00047195136000000005,
            "totalVotes": 407099.4684882824
        },
        {
            "id": 236,
            "manager": "0x1c572Bf5306c086b43f6F91F032296A25B49D920",
            "bountyChainId": 1,
            "isEnded": false,
            "start": 1718841600,
            "end": 1729123200,
            "startClaimDate": 1719446400,
            "endClaimDate": 1729728000,
            "closableAt": 1730332800,
            "apr": 0.08668362196032285,
            "tokenPerVoteValue": 0.007557152489380922,
            "tokenPerVoteValueUSD": 0.0004454487963340691,
            "rewardsAvailable": 10819.647417644768,
            "rewardsAvailableUSD": 637.7532973856532,
            "maxRewardPerVote": 0.015997419447616276,
            "maxRewardPerVoteUSD": 0.0009052338162434821,
            "totalVotes": 1374441.1715304507
        },
        {
            "id": 244,
            "manager": "0xd3Ea7CF0a73D709029988Bf2cb65ACC568f79332",
            "bountyChainId": 1,
            "isEnded": false,
            "start": 1719446400,
            "end": 1729123200,
            "startClaimDate": 1720051200,
            "endClaimDate": 1729728000,
            "closableAt": 1730332800,
            "apr": 0.09965851254161469,
            "tokenPerVoteValue": 0.00868831457557912,
            "tokenPerVoteValueUSD": 0.0005121240143429357,
            "rewardsAvailable": 7647.481776445315,
            "rewardsAvailableUSD": 450.77316583079266,
            "maxRewardPerVote": 0.015997419447616276,
            "maxRewardPerVoteUSD": 0.0009052338162434821,
            "totalVotes": 844995.0150312264
        },
        {
            "id": 245,
            "manager": "0xf8AfC5e9AEdA712A05E32F27513cDAa2F67f457B",
            "bountyChainId": 1,
            "isEnded": false,
            "start": 1719446400,
            "end": 1729123200,
            "startClaimDate": 1720051200,
            "endClaimDate": 1729728000,
            "closableAt": 1730332800,
            "apr": 0.11068625949244369,
            "tokenPerVoteValue": 0.009649723010495073,
            "tokenPerVoteValueUSD": 0.0005687932731306216,
            "rewardsAvailable": 11837.466552416854,
            "rewardsAvailableUSD": 697.7476284656591,
            "maxRewardPerVote": 0.015997419447616276,
            "maxRewardPerVoteUSD": 0.0009052338162434821,
            "totalVotes": 1177647.055564257
        },
        {
            "id": 265,
            "manager": "0xFC08757c505eA28709dF66E54870fB6dE09f0C5E",
            "bountyChainId": 1,
            "isEnded": true,
            "start": 1727308800,
            "end": 1727913600,
            "startClaimDate": 1727913600,
            "endClaimDate": 1728518400,