{
    "0x0000000895cB182E6f983eb4D8b4E0Aa0B31Ae4c": [
        {
            "id": 92,
            "manager": "0xF98bb4943eb8a3eB6234a9f6B1Fa758714381753",
            "bountyChainId": 1,
            "isEnded": false,
            "start": 1689811200,
            "end": 1729123200,
            "startClaimDate": 1690416000,
            "endClaimDate": 1729728000,
            "closableAt": 1730332800,
            "apr": 0.14701797953817602,
            "tokenPerVoteValue": 0.00038412393849425897,
            "tokenPerVoteValueUSD": 0.0007567241588336902,
            "rewardsAvailable": 368.68607253670535,
            "rewardsAvailableUSD": 726.3115628973095,
            "maxRewardPerVote": 0.0007842,
            "maxRewardPerVoteUSD": 0.0014830790399999998,
            "totalVotes": 921417.787765724
        },
        {
            "id": 93,
            "manager": "0xF98bb4943eb8a3eB6234a9f6B1Fa758714381753",
            "bountyChainId": 1,
            "isEnded": false,
            "start": 1689811200,
            "end": 1729123200,
            "startClaimDate": 1690416000,
            "endClaimDate": 1729728000,
            "closableAt": 1730332800,
            "apr": 0.06668706957222963,
            "tokenPerVoteValue": 0.00017423787138955878,
            "tokenPerVoteValueUSD": 0.0003432486066374308,
            "rewardsAvailable": 178.7699717737408,
            "rewardsAvailableUSD": 352.1768443942694,
            "maxRewardPerVote": 0.0007842,
            "maxRewardPerVoteUSD": 0.0014830790399999998,
            "totalVotes": 984970.5551044482
        },
        {
            "id": 123,
            "manager": "0x12E9D6962CEc231E2b0F8b49cE80e5B6fBF1cEa9",
            "bountyChainId": 1,
            "isEnded": false,
            "start": 1695859200,
            "end": 1731542400,
            "startClaimDate": 1696464000,
            "endClaimDate": 1732147200,
            "closableAt": 1732752000,
            "apr": 0.1139654029883474,
            "tokenPerVoteValue": 0.0022341343379881752,
            "tokenPerVoteValueUSD": 0.0005865974623199454,
            "rewardsAvailable": 25406.38148905856,
            "rewardsAvailableUSD": 6670.735351408875,
            "maxRewardPerVote": 0.02,
            "maxRewardPerVoteUSD": 0.005041179075509362,
            "totalVotes": 10917036.551821401
        },
        {
            "id": 127,
            "manager": "0x8306300ffd616049FD7e4b0354a64Da835c1A81C",
            "bountyChainId": 1,
            "isEnded": false,
            "start": 1695859200,
            "end": 1729123200,
            "startClaimDate": 1696464000,
            "endClaimDate": 1729728000,
            "closableAt": 1730332800,
            "apr": 0.10622408661751204,
            "tokenPerVoteValue": 0.00027753894212563773,
            "tokenPerVoteValueUSD": 0.0005467517159875063,
            "rewardsAvailable": 521.3460626146107,
            "rewardsAvailableUSD": 1027.051743350783,
            "maxRewardPerVote": 0.00065,
            "maxRewardPerVoteUSD": 0.00122928,
            "totalVotes": 1803322.5041387558
        },
        {
            "id": 133,
            "manager": "0x68841bC858B18E10AfF6c2eC67Dbc484B3b47D91",
            "bountyChainId": 1,
            "isEnded": false,
            "start": 1697068800,
            "end": 1731542400,
            "startClaimDate": 1697673600,
            "endClaimDate": 1732147200,
            "closableAt": 1732752000,
            "apr": 0.08212422017130998,
            "tokenPerVoteValue": 0.0016099319219183095,
            "tokenPerVoteValueUSD": 0.00042270599571714345,
            "rewardsAvailable": 1966.9457448831577,
            "rewardsAvailableUSD": 516.4440485295391,
            "maxRewardPerVote": 0.02,
            "maxRewardPerVoteUSD": 0.005041179075509362,
            "totalVotes": 1172886.8092992848
        },
        {
            "id": 136,
            "manager": "0x2234a7c690AF5de948B3a1CcbEa43705E4583D2d",
            "bountyChainId": 1,
            "isEnded": false,
            "start": 1697068800,
            "end": 1729123200,
            "startClaimDate": 1697673600,
            "endClaimDate": 1729728000,
            "closableAt": 1730332800,
            "apr": 0.14377393451197826,
            "tokenPerVoteValue": 0.000375648,
            "tokenPerVoteValueUSD": 0.00074002656,
            "rewardsAvailable": 6.054451965332893,
            "rewardsAvailableUSD": 11.927270371705799,
            "maxRewardPerVote": 0.0003913,
            "maxRewardPerVoteUSD": 0.00074002656,
            "totalVotes": 10587.678854578257
        },
        {
            "id": 172,
            "manager": "0x2234a7c690AF5de948B3a1CcbEa43705E4583D2d",
            "bountyChainId": 1,
            "isEnded": false,
            "start": 1706745600,
            "end": 1729123200,
            "startClaimDate": 1707350400,
            "endClaimDate": 1729728000,
            "closableAt": 1730332800,
            "apr": 0.08362623944524979,
            "tokenPerVoteValue": 0.000218496,
            "tokenPerVoteValueUSD": 0.00043043712,
            "rewardsAvailable": 109.24222901950053,
            "rewardsAvailableUSD": 215.20719116841605,
            "maxRewardPerVote": 0.0002276,
            "maxRewardPerVoteUSD": 0.00043043712,
            "totalVotes": 278020.2172123281
        },
        {
            "id": 236,
            "manager": "0x1c572Bf5306c086b43f6F91F032296A25B49D920",
            "bountyChainId": 1,
            "isEnded": false,
            "start": 1718841600,
            "end": 1729123200,
            "startClaimDate": 1719446400,
            "endClaimDate": 1729728000,
            "closableAt": 1730332800,
            "apr": 0.07547387341726282,
            "tokenPerVoteValue": 0.009871784235354866,
            "tokenPerVoteValueUSD": 0.00038847563784379286,
            "rewardsAvailable": 10819.647417644768,
            "rewardsAvailableUSD": 425.776063536847,
            "maxRewardPerVote": 0.015997419447616276,
            "maxRewardPerVoteUSD": 0.0006043510750012122,
            "totalVotes": 1052176.7163163282
        },
        {
            "id": 244,
            "manager": "0xd3Ea7CF0a73D709029988Bf2cb65ACC568f79332",
            "bountyChainId": 1,
            "isEnded": false,
            "start": 1719446400,
            "end": 1729123200,
            "startClaimDate": 1720051200,
            "endClaimDate": 1729728000,
            "closableAt": 1730332800,
            "apr": 0.08603002592308195,
            "tokenPerVoteValue": 0.011252501232835905,
            "tokenPerVoteValueUSD": 0.0004428097788147064,
            "rewardsAvailable": 7647.4817764453155,
            "rewardsAvailableUSD": 300.9446205644892,
            "maxRewardPerVote": 0.015997419447616276,
            "maxRewardPerVoteUSD": 0.0006043510750012122,
            "totalVotes": 652440.0534135507
        },
        {
            "id": 245,
            "manager": "0xf8AfC5e9AEdA712A05E32F27513cDAa2F67f457B",
            "bountyChainId": 1,
            "isEnded": false,
            "start": 1719446400,
            "end": 1729123200,
            "startClaimDate": 1720051200,
            "endClaimDate": 1729728000,
            "closableAt": 1730332800,
            "apr": 0.06178745525213013,
            "tokenPerVoteValue": 0.008081636718556974,
            "tokenPerVoteValueUSD": 0.00031802953794506024,
            "rewardsAvailable": 11447.312567654273,
            "rewardsAvailableUSD": 450.4760178398391,
            "maxRewardPerVote": 0.015997419447616276,
            "maxRewardPerVoteUSD": 0.0006043510750012122,
            "totalVotes": 1359801.293680314
        },
        {
            "id": 266,
            "manager": "0xFC08757c505eA28709dF66E54870fB6dE09f0C5E",
            "bountyChainId": 1,
            "isEnded": false,
            "start": 1728518400,
            "end": 1729123200,
            "startClaimDate": 1729123200,
            "endClaimDate": 1729728000,