{
    "0x0000000895cB182E6f983eb4D8b4E0Aa0B31Ae4c": [
        {
            "id": 92,
            "manager": "0xF98bb4943eb8a3eB6234a9f6B1Fa758714381753",
            "bountyChainId": 1,
            "isEnded": false,
            "start": 1689811200,
            "end": 1725494400,
            "startClaimDate": 1690416000,
            "endClaimDate": 1726099200,
            "closableAt": 1726704000,
            "apr": 0.13270624463202013,
            "tokenPerVoteValue": 0.0003809816268297459,
            "tokenPerVoteValueUSD": 0.0007086258259033274,
            "rewardsAvailable": 267.5655146871162,
            "rewardsAvailableUSD": 497.6718573180362,
            "maxRewardPerVote": 0.0007842,
            "maxRewardPerVoteUSD": 0.0014002675199999998,
            "totalVotes": 674213.337365004
        },
        {
            "id": 93,
            "manager": "0xF98bb4943eb8a3eB6234a9f6B1Fa758714381753",
            "bountyChainId": 1,
            "isEnded": false,
            "start": 1689811200,
            "end": 1725494400,
            "startClaimDate": 1690416000,
            "endClaimDate": 1726099200,
            "closableAt": 1726704000,
            "apr": 0.18015286299665,
            "tokenPerVoteValue": 0.000517194432054175,
            "tokenPerVoteValueUSD": 0.0009619816436207655,
            "rewardsAvailable": 193.873014475867,
            "rewardsAvailableUSD": 360.6038069251126,
            "maxRewardPerVote": 0.0007842,
            "maxRewardPerVoteUSD": 0.0014002675199999998,
            "totalVotes": 359860.97753917205
        },
        {
            "id": 123,
            "manager": "0x12E9D6962CEc231E2b0F8b49cE80e5B6fBF1cEa9",
            "bountyChainId": 1,
            "isEnded": false,
            "start": 1695859200,
            "end": 1727913600,
            "startClaimDate": 1696464000,
            "endClaimDate": 1728518400,
            "closableAt": 1729123200,
            "apr": 0.1247409700590363,
            "tokenPerVoteValue": 0.0025573593397402792,
            "tokenPerVoteValueUSD": 0.0006660927914671654,
            "rewardsAvailable": 33472.1522089383,
            "rewardsAvailableUSD": 8718.19573995802,
            "maxRewardPerVote": 0.02,
            "maxRewardPerVoteUSD": 0.005000854356849359,
            "totalVotes": 12565017.993851487
        },
        {
            "id": 124,
            "manager": "0xfCBa6dC55c4b36943cF6C69f2c23b345350d520E",
            "bountyChainId": 1,
            "isEnded": false,
            "start": 1695859200,
            "end": 1726704000,
            "startClaimDate": 1696464000,
            "endClaimDate": 1727308800,
            "closableAt": 1727913600,
            "apr": 0.13957019562038267,
            "tokenPerVoteValue": 0.0028613786084093966,
            "tokenPerVoteValueUSD": 0.0007452780041906087,
            "rewardsAvailable": 5678.32150872631,
            "rewardsAvailableUSD": 1478.9822321096558,
            "maxRewardPerVote": 0.02,
            "maxRewardPerVoteUSD": 0.005000854356849359,
            "totalVotes": 1905091.7038229704
        },
        {
            "id": 125,
            "manager": "0xF78f606db249B27cb835Bec41f9957fCe2308f5e",
            "bountyChainId": 1,
            "isEnded": false,
            "start": 1695859200,
            "end": 1726704000,
            "startClaimDate": 1696464000,
            "endClaimDate": 1727308800,
            "closableAt": 1727913600,
            "apr": 0.17733518003251386,
            "tokenPerVoteValue": 0.003635612090446629,
            "tokenPerVoteValueUSD": 0.000946935758454387,
            "rewardsAvailable": 1191.2180152225608,
            "rewardsAvailableUSD": 310.2660313220411,
            "maxRewardPerVote": 0.02,
            "maxRewardPerVoteUSD": 0.005000854356849359,
            "totalVotes": 314546.56497007434
        },
        {
            "id": 127,
            "manager": "0x8306300ffd616049FD7e4b0354a64Da835c1A81C",
            "bountyChainId": 1,
            "isEnded": false,
            "start": 1695859200,
            "end": 1725494400,
            "startClaimDate": 1696464000,
            "endClaimDate": 1726099200,
            "closableAt": 1726704000,
            "apr": 0.1327386651805874,
            "tokenPerVoteValue": 0.000381074701826858,
            "tokenPerVoteValueUSD": 0.0007087989453979558,
            "rewardsAvailable": 519.1946284591232,
            "rewardsAvailableUSD": 965.7020089339693,
            "maxRewardPerVote": 0.00065,
            "maxRewardPerVoteUSD": 0.00116064,
            "totalVotes": 1307950.4908914668
        },
        {
            "id": 133,
            "manager": "0x68841bC858B18E10AfF6c2eC67Dbc484B3b47D91",
            "bountyChainId": 1,
            "isEnded": false,
            "start": 1697068800,
            "end": 1727913600,
            "startClaimDate": 1697673600,
            "endClaimDate": 1728518400,
            "closableAt": 1729123200,
            "apr": 0.09982160544307878,
            "tokenPerVoteValue": 0.002046478513570242,
            "tokenPerVoteValueUSD": 0.0005330281766034554,
            "rewardsAvailable": 2249.408665070802,
            "rewardsAvailableUSD": 585.8836001590636,
            "maxRewardPerVote": 0.02,
            "maxRewardPerVoteUSD": 0.005000854356849359,
            "totalVotes": 1055194.2295747201
        },
        {
            "id": 136,
            "manager": "0x2234a7c690AF5de948B3a1CcbEa43705E4583D2d",
            "bountyChainId": 1,
            "isEnded": false,
            "start": 1697068800,
            "end": 1725494400,
            "startClaimDate": 1697673600,
            "endClaimDate": 1726099200,
            "closableAt": 1726704000,
            "apr": 0.13084839759426659,
            "tokenPerVoteValue": 0.000375648,
            "tokenPerVoteValueUSD": 0.0006987052800000001,
            "rewardsAvailable": 15.915050711498825,
            "rewardsAvailableUSD": 29.601994323387817,
            "maxRewardPerVote": 0.0003913,
            "maxRewardPerVoteUSD": 0.0006987052800000001,
            "totalVotes": 34720.74525188354
        },
        {
            "id": 172,
            "manager": "0x2234a7c690AF5de948B3a1CcbEa43705E4583D2d",
            "bountyChainId": 1,
            "isEnded": false,
            "start": 1706745600,
            "end": 1725494400,
            "startClaimDate": 1707350400,
            "endClaimDate": 1726099200,
            "closableAt": 1726704000,
            "apr": 0.07610808917059819,
            "tokenPerVoteValue": 0.00021849599999999996,
            "tokenPerVoteValueUSD": 0.00040640256,
            "rewardsAvailable": 464.9316092396159,
            "rewardsAvailableUSD": 864.7727931856856,
            "maxRewardPerVote": 0.0002276,
            "maxRewardPerVoteUSD": 0.00040640256,
            "totalVotes": 168272.82003053933
        },
        {
            "id": 192,
            "manager": "0x2927D7D70943290529Adc517E8E2Dc1eEE7818b6",
            "bountyChainId": 1,
            "isEnded": false,
            "start": 1710979200,
            "end": 1725494400,
            "startClaimDate": 1711584000,
            "endClaimDate": 1726099200,
            "closableAt": 1726704000,
            "apr": 0.004485275207848337,
            "tokenPerVoteValue": 0.0144,
            "tokenPerVoteValueUSD": 2.395050705698553e-05,
            "rewardsAvailable": 51187.41774293002,
            "rewardsAvailableUSD": 85.13643124173,
            "maxRewardPerVote": 0.015,
            "maxRewardPerVoteUSD": 2.395050705698553e-05,
            "totalVotes": 255245.30285203882
        },
        {
            "id": 236,
            "manager": "0x1c572Bf5306c086b43f6F91F032296A25B49D920",
            "bountyChainId": 1,
            "isEnded": false,
            "start": 1718841600,
            "end": 1726099200,
            "startClaimDate": 1719446400,
            "endClaimDate": 1726704000,
            "closableAt": 1727308800,
            "apr": 0.11415059773252757,