{
    "0x0000000895cB182E6f983eb4D8b4E0Aa0B31Ae4c": [
        {
            "id": 92,
            "manager": "0xF98bb4943eb8a3eB6234a9f6B1Fa758714381753",
            "bountyChainId": 1,
            "isEnded": false,
            "start": 1689811200,
            "end": 1730332800,
            "startClaimDate": 1690416000,
            "endClaimDate": 1730937600,
            "closableAt": 1731542400,
            "apr": 0.20118574688330962,
            "tokenPerVoteValue": 0.0005179994519203406,
            "tokenPerVoteValueUSD": 0.0010049189367254607,
            "rewardsAvailable": 175.29004751777015,
            "rewardsAvailableUSD": 340.0626921844741,
            "maxRewardPerVote": 0.0007842,
            "maxRewardPerVoteUSD": 0.0014604940799999998,
            "totalVotes": 324862.2078521768
        },
        {
            "id": 93,
            "manager": "0xF98bb4943eb8a3eB6234a9f6B1Fa758714381753",
            "bountyChainId": 1,
            "isEnded": false,
            "start": 1689811200,
            "end": 1730332800,
            "startClaimDate": 1690416000,
            "endClaimDate": 1730937600,
            "closableAt": 1731542400,
            "apr": 0.13441327801788172,
            "tokenPerVoteValue": 0.0003460782158910247,
            "tokenPerVoteValueUSD": 0.000671391738828588,
            "rewardsAvailable": 231.50570220623172,
            "rewardsAvailableUSD": 449.1210622800895,
            "maxRewardPerVote": 0.0007842,
            "maxRewardPerVoteUSD": 0.0014604940799999998,
            "totalVotes": 642182.7896499689
        },
        {
            "id": 123,
            "manager": "0x12E9D6962CEc231E2b0F8b49cE80e5B6fBF1cEa9",
            "bountyChainId": 1,
            "isEnded": false,
            "start": 1695859200,
            "end": 1732752000,
            "startClaimDate": 1696464000,
            "endClaimDate": 1733356800,
            "closableAt": 1733961600,
            "apr": 0.14231235626572644,
            "tokenPerVoteValue": 0.0027633925955952376,
            "tokenPerVoteValueUSD": 0.0007108474827712216,
            "rewardsAvailable": 24731.193117585804,
            "rewardsAvailableUSD": 6361.783845548032,
            "maxRewardPerVote": 0.02,
            "maxRewardPerVoteUSD": 0.004938954997188013,
            "totalVotes": 8591593.330142919
        },
        {
            "id": 127,
            "manager": "0x8306300ffd616049FD7e4b0354a64Da835c1A81C",
            "bountyChainId": 1,
            "isEnded": false,
            "start": 1695859200,
            "end": 1730332800,
            "startClaimDate": 1696464000,
            "endClaimDate": 1730937600,
            "closableAt": 1731542400,
            "apr": 0.13324966997889992,
            "tokenPerVoteValue": 0.00034308223662420193,
            "tokenPerVoteValueUSD": 0.0006655795390509517,
            "rewardsAvailable": 546.5905863418192,
            "rewardsAvailableUSD": 1060.3857375031291,
            "maxRewardPerVote": 0.00065,
            "maxRewardPerVoteUSD": 0.0012105599999999998,
            "totalVotes": 1529449.5222231823
        },
        {
            "id": 133,
            "manager": "0x68841bC858B18E10AfF6c2eC67Dbc484B3b47D91",
            "bountyChainId": 1,
            "isEnded": false,
            "start": 1697068800,
            "end": 1732752000,
            "startClaimDate": 1697673600,
            "endClaimDate": 1733356800,
            "closableAt": 1733961600,
            "apr": 0.08089600195678008,
            "tokenPerVoteValue": 0.0015708222299630464,
            "tokenPerVoteValueUSD": 0.0004040739740817712,
            "rewardsAvailable": 1890.256993999963,
            "rewardsAvailableUSD": 486.24449096279744,
            "maxRewardPerVote": 0.02,
            "maxRewardPerVoteUSD": 0.004938954997188013,
            "totalVotes": 1155220.9280121112
        },
        {
            "id": 136,
            "manager": "0x2234a7c690AF5de948B3a1CcbEa43705E4583D2d",
            "bountyChainId": 1,
            "isEnded": false,
            "start": 1697068800,
            "end": 1730332800,
            "startClaimDate": 1697673600,
            "endClaimDate": 1730937600,
            "closableAt": 1731542400,
            "apr": 0.1458978830287327,
            "tokenPerVoteValue": 0.000375648,
            "tokenPerVoteValueUSD": 0.00072875712,
            "rewardsAvailable": 8.200526364670264,
            "rewardsAvailableUSD": 15.909021147460312,
            "maxRewardPerVote": 0.0003913,
            "maxRewardPerVoteUSD": 0.00072875712,
            "totalVotes": 5806.109253903854
        },
        {
            "id": 172,
            "manager": "0x2234a7c690AF5de948B3a1CcbEa43705E4583D2d",
            "bountyChainId": 1,
            "isEnded": false,
            "start": 1706745600,
            "end": 1730332800,
            "startClaimDate": 1707350400,
            "endClaimDate": 1730937600,
            "closableAt": 1731542400,
            "apr": 0.08486163602693474,
            "tokenPerVoteValue": 0.000218496,
            "tokenPerVoteValueUSD": 0.00042388223999999995,
            "rewardsAvailable": 97.08140551867905,
            "rewardsAvailableUSD": 188.33792670623734,
            "maxRewardPerVote": 0.0002276,
            "maxRewardPerVoteUSD": 0.00042388223999999995,
            "totalVotes": 63601.0891964621
        },
        {
            "id": 236,
            "manager": "0x1c572Bf5306c086b43f6F91F032296A25B49D920",
            "bountyChainId": 1,
            "isEnded": false,
            "start": 1718841600,
            "end": 1730332800,
            "startClaimDate": 1719446400,
            "endClaimDate": 1730937600,
            "closableAt": 1731542400,
            "apr": 0.20840145994282722,
            "tokenPerVoteValue": 0.033805072400883915,
            "tokenPerVoteValueUSD": 0.0010409612846940385,
            "rewardsAvailable": 10311.22563417441,
            "rewardsAvailableUSD": 317.5140865144143,
            "maxRewardPerVote": 0.045915862119317793,
            "maxRewardPerVoteUSD": 0.0013573338605119283,
            "totalVotes": 292819.2695883298
        },
        {
            "id": 244,
            "manager": "0xd3Ea7CF0a73D709029988Bf2cb65ACC568f79332",
            "bountyChainId": 1,
            "isEnded": false,
            "start": 1719446400,
            "end": 1730332800,
            "startClaimDate": 1720051200,
            "endClaimDate": 1730937600,
            "closableAt": 1731542400,
            "apr": 0.2717395568113386,
            "tokenPerVoteValue": 0.044079227634545075,
            "tokenPerVoteValueUSD": 0.0013573338605119283,
            "rewardsAvailable": 6370.045235756414,
            "rewardsAvailableUSD": 196.153121446909,
            "maxRewardPerVote": 0.045915862119317793,
            "maxRewardPerVoteUSD": 0.0013573338605119283,
            "totalVotes": 71802.73972602733
        },
        {
            "id": 245,
            "manager": "0xf8AfC5e9AEdA712A05E32F27513cDAa2F67f457B",
            "bountyChainId": 1,
            "isEnded": false,
            "start": 1719446400,
            "end": 1730332800,
            "startClaimDate": 1720051200,
            "endClaimDate": 1730937600,
            "closableAt": 1731542400,
            "apr": 0.09353521168503534,
            "tokenPerVoteValue": 0.015172468580172497,
            "tokenPerVoteValueUSD": 0.00046720658361268066,
            "rewardsAvailable": 10095.681226577042,
            "rewardsAvailableUSD": 310.8768167940482,
            "maxRewardPerVote": 0.045915862119317793,
            "maxRewardPerVoteUSD": 0.0013573338605119283,
            "totalVotes": 638778.9782724844
        },
        {
            "id": 266,
            "manager": "0xFC08757c505eA28709dF66E54870fB6dE09f0C5E",
            "bountyChainId": 1,
            "isEnded": true,
            "start": 1728518400,
            "end": 1729123200,
            "startClaimDate": 1729123200,
            "endClaimDate": 1729728000,