{
    "0x0000000895cB182E6f983eb4D8b4E0Aa0B31Ae4c": [
        {
            "id": 92,
            "manager": "0xF98bb4943eb8a3eB6234a9f6B1Fa758714381753",
            "bountyChainId": 1,
            "isEnded": false,
            "start": 1689811200,
            "end": 1725494400,
            "startClaimDate": 1690416000,
            "endClaimDate": 1726099200,
            "closableAt": 1726704000,
            "apr": 0.12462181269777023,
            "tokenPerVoteValue": 0.0003809816268297459,
            "tokenPerVoteValueUSD": 0.0006705276632203527,
            "rewardsAvailable": 267.5655146871162,
            "rewardsAvailableUSD": 470.9153058493245,
            "maxRewardPerVote": 0.0007842,
            "maxRewardPerVoteUSD": 0.0013249843199999998,
            "totalVotes": 674213.337365004
        },
        {
            "id": 93,
            "manager": "0xF98bb4943eb8a3eB6234a9f6B1Fa758714381753",
            "bountyChainId": 1,
            "isEnded": false,
            "start": 1689811200,
            "end": 1725494400,
            "startClaimDate": 1690416000,
            "endClaimDate": 1726099200,
            "closableAt": 1726704000,
            "apr": 0.1691779946873614,
            "tokenPerVoteValue": 0.000517194432054175,
            "tokenPerVoteValueUSD": 0.000910262200415348,
            "rewardsAvailable": 193.873014475867,
            "rewardsAvailableUSD": 341.2165054775259,
            "maxRewardPerVote": 0.0007842,
            "maxRewardPerVoteUSD": 0.0013249843199999998,
            "totalVotes": 359860.97753917205
        },
        {
            "id": 123,
            "manager": "0x12E9D6962CEc231E2b0F8b49cE80e5B6fBF1cEa9",
            "bountyChainId": 1,
            "isEnded": false,
            "start": 1695859200,
            "end": 1727913600,
            "startClaimDate": 1696464000,
            "endClaimDate": 1728518400,
            "closableAt": 1729123200,
            "apr": 0.12547874186064473,
            "tokenPerVoteValue": 0.002555589038013843,
            "tokenPerVoteValueUSD": 0.0006751383705811989,
            "rewardsAvailable": 33472.1522089383,
            "rewardsAvailableUSD": 8842.7106103693,
            "maxRewardPerVote": 0.02,
            "maxRewardPerVoteUSD": 0.005072277475893916,
            "totalVotes": 12573722.00404888
        },
        {
            "id": 124,
            "manager": "0xfCBa6dC55c4b36943cF6C69f2c23b345350d520E",
            "bountyChainId": 1,
            "isEnded": false,
            "start": 1695859200,
            "end": 1726704000,
            "startClaimDate": 1696464000,
            "endClaimDate": 1727308800,
            "closableAt": 1727913600,
            "apr": 0.14049292841278366,
            "tokenPerVoteValue": 0.0028613786084093966,
            "tokenPerVoteValueUSD": 0.0007559222013249824,
            "rewardsAvailable": 5678.32150872631,
            "rewardsAvailableUSD": 1500.105327583147,
            "maxRewardPerVote": 0.02,
            "maxRewardPerVoteUSD": 0.005072277475893916,
            "totalVotes": 1905091.7038229704
        },
        {
            "id": 125,
            "manager": "0xF78f606db249B27cb835Bec41f9957fCe2308f5e",
            "bountyChainId": 1,
            "isEnded": false,
            "start": 1695859200,
            "end": 1726704000,
            "startClaimDate": 1696464000,
            "endClaimDate": 1727308800,
            "closableAt": 1727913600,
            "apr": 0.17850758639860798,
            "tokenPerVoteValue": 0.003635612090446629,
            "tokenPerVoteValueUSD": 0.00096046006861771,
            "rewardsAvailable": 1191.2180152225608,
            "rewardsAvailableUSD": 314.69730768189856,
            "maxRewardPerVote": 0.02,
            "maxRewardPerVoteUSD": 0.005072277475893916,
            "totalVotes": 314546.56497007434
        },
        {
            "id": 127,
            "manager": "0x8306300ffd616049FD7e4b0354a64Da835c1A81C",
            "bountyChainId": 1,
            "isEnded": false,
            "start": 1695859200,
            "end": 1725494400,
            "startClaimDate": 1696464000,
            "endClaimDate": 1726099200,
            "closableAt": 1726704000,
            "apr": 0.12465225819445593,
            "tokenPerVoteValue": 0.000381074701826858,
            "tokenPerVoteValueUSD": 0.0006706914752152701,
            "rewardsAvailable": 519.1946284591232,
            "rewardsAvailableUSD": 913.7825460880568,
            "maxRewardPerVote": 0.00065,
            "maxRewardPerVoteUSD": 0.0010982400000000001,
            "totalVotes": 1307950.4908914668
        },
        {
            "id": 133,
            "manager": "0x68841bC858B18E10AfF6c2eC67Dbc484B3b47D91",
            "bountyChainId": 1,
            "isEnded": false,
            "start": 1697068800,
            "end": 1727913600,
            "startClaimDate": 1697673600,
            "endClaimDate": 1728518400,
            "closableAt": 1729123200,
            "apr": 0.10048155055760002,
            "tokenPerVoteValue": 0.002046478513570242,
            "tokenPerVoteValueUSD": 0.0005406409827751668,
            "rewardsAvailable": 2249.408665070802,
            "rewardsAvailableUSD": 594.2512971832933,
            "maxRewardPerVote": 0.02,
            "maxRewardPerVoteUSD": 0.005072277475893916,
            "totalVotes": 1055194.2295747201
        },
        {
            "id": 136,
            "manager": "0x2234a7c690AF5de948B3a1CcbEa43705E4583D2d",
            "bountyChainId": 1,
            "isEnded": false,
            "start": 1697068800,
            "end": 1725494400,
            "startClaimDate": 1697673600,
            "endClaimDate": 1726099200,
            "closableAt": 1726704000,
            "apr": 0.12287714524672429,
            "tokenPerVoteValue": 0.00037564799999999997,
            "tokenPerVoteValueUSD": 0.00066114048,
            "rewardsAvailable": 31.83010142299765,
            "rewardsAvailableUSD": 56.02097850447586,
            "maxRewardPerVote": 0.0003913,
            "maxRewardPerVoteUSD": 0.00066114048,
            "totalVotes": 47471.1385033219
        },
        {
            "id": 172,
            "manager": "0x2234a7c690AF5de948B3a1CcbEa43705E4583D2d",
            "bountyChainId": 1,
            "isEnded": false,
            "start": 1706745600,
            "end": 1725494400,
            "startClaimDate": 1707350400,
            "endClaimDate": 1726099200,
            "closableAt": 1726704000,
            "apr": 0.07147160301087259,
            "tokenPerVoteValue": 0.000218496,
            "tokenPerVoteValueUSD": 0.00038455296,
            "rewardsAvailable": 464.9316092396159,
            "rewardsAvailableUSD": 818.279632261724,
            "maxRewardPerVote": 0.0002276,
            "maxRewardPerVoteUSD": 0.00038455296,
            "totalVotes": 168272.82003053933
        },
        {
            "id": 192,
            "manager": "0x2927D7D70943290529Adc517E8E2Dc1eEE7818b6",
            "bountyChainId": 1,
            "isEnded": false,
            "start": 1710979200,
            "end": 1725494400,
            "startClaimDate": 1711584000,
            "endClaimDate": 1726099200,
            "closableAt": 1726704000,
            "apr": 0.004821287188813692,
            "tokenPerVoteValue": 0.0144,
            "tokenPerVoteValueUSD": 2.594093571941207e-05,
            "rewardsAvailable": 51187.41774293002,
            "rewardsAvailableUSD": 92.21177175778058,
            "maxRewardPerVote": 0.015,
            "maxRewardPerVoteUSD": 2.594093571941207e-05,
            "totalVotes": 202633.46432594667
        },
        {
            "id": 236,
            "manager": "0x1c572Bf5306c086b43f6F91F032296A25B49D920",
            "bountyChainId": 1,
            "isEnded": false,
            "start": 1718841600,
            "end": 1725494400,
            "startClaimDate": 1719446400,
            "endClaimDate": 1726099200,
            "closableAt": 1726704000,
            "apr": 0.12458140055810957,