{
    "0x0000000895cB182E6f983eb4D8b4E0Aa0B31Ae4c": [
        {
            "id": 92,
            "manager": "0xF98bb4943eb8a3eB6234a9f6B1Fa758714381753",
            "bountyChainId": 1,
            "isEnded": false,
            "start": 1689811200,
            "end": 1731542400,
            "startClaimDate": 1690416000,
            "endClaimDate": 1732147200,
            "closableAt": 1732752000,
            "apr": 0.16753469802147955,
            "tokenPerVoteValue": 0.0004345785318967799,
            "tokenPerVoteValueUSD": 0.0008995775610263344,
            "rewardsAvailable": 133.43660579923687,
            "rewardsAvailableUSD": 276.2137740044203,
            "maxRewardPerVote": 0.0007842,
            "maxRewardPerVoteUSD": 0.0015583622399999997,
            "totalVotes": 294766.38205794577
        },
        {
            "id": 93,
            "manager": "0xF98bb4943eb8a3eB6234a9f6B1Fa758714381753",
            "bountyChainId": 1,
            "isEnded": false,
            "start": 1689811200,
            "end": 1731542400,
            "startClaimDate": 1690416000,
            "endClaimDate": 1732147200,
            "closableAt": 1732752000,
            "apr": 0.22644482918508013,
            "tokenPerVoteValue": 0.000587389135415115,
            "tokenPerVoteValueUSD": 0.001215895510309288,
            "rewardsAvailable": 345.2408099995636,
            "rewardsAvailableUSD": 714.6484766990966,
            "maxRewardPerVote": 0.0007842,
            "maxRewardPerVoteUSD": 0.0015583622399999997,
            "totalVotes": 564244.6508060702
        },
        {
            "id": 123,
            "manager": "0x12E9D6962CEc231E2b0F8b49cE80e5B6fBF1cEa9",
            "bountyChainId": 1,
            "isEnded": false,
            "start": 1695859200,
            "end": 1732752000,
            "startClaimDate": 1696464000,
            "endClaimDate": 1733356800,
            "closableAt": 1733961600,
            "apr": 0.14214823409900645,
            "tokenPerVoteValue": 0.0027217438004032432,
            "tokenPerVoteValueUSD": 0.0007632649429946151,
            "rewardsAvailable": 25317.90124245289,
            "rewardsAvailableUSD": 7099.957918780265,
            "maxRewardPerVote": 0.02,
            "maxRewardPerVoteUSD": 0.0053843006470063156,
            "totalVotes": 8930004.796613777
        },
        {
            "id": 127,
            "manager": "0x8306300ffd616049FD7e4b0354a64Da835c1A81C",
            "bountyChainId": 1,
            "isEnded": false,
            "start": 1695859200,
            "end": 1731542400,
            "startClaimDate": 1696464000,
            "endClaimDate": 1732147200,
            "closableAt": 1732752000,
            "apr": 0.13197360189253363,
            "tokenPerVoteValue": 0.00034233442288017366,
            "tokenPerVoteValueUSD": 0.0007086322553619594,
            "rewardsAvailable": 458.5247477512812,
            "rewardsAvailableUSD": 949.146227845152,
            "maxRewardPerVote": 0.0006,
            "maxRewardPerVoteUSD": 0.0011923199999999998,
            "totalVotes": 1285829.6695313815
        },
        {
            "id": 133,
            "manager": "0x68841bC858B18E10AfF6c2eC67Dbc484B3b47D91",
            "bountyChainId": 1,
            "isEnded": false,
            "start": 1697068800,
            "end": 1732752000,
            "startClaimDate": 1697673600,
            "endClaimDate": 1733356800,
            "closableAt": 1733961600,
            "apr": 0.1153389234047593,
            "tokenPerVoteValue": 0.0022084199758924923,
            "tokenPerVoteValueUSD": 0.0006193123492218551,
            "rewardsAvailable": 2207.8092183615263,
            "rewardsAvailableUSD": 619.1410730672121,
            "maxRewardPerVote": 0.02,
            "maxRewardPerVoteUSD": 0.0053843006470063156,
            "totalVotes": 959734.5037465121
        },
        {
            "id": 136,
            "manager": "0x2234a7c690AF5de948B3a1CcbEa43705E4583D2d",
            "bountyChainId": 1,
            "isEnded": false,
            "start": 1697068800,
            "end": 1731542400,
            "startClaimDate": 1697673600,
            "endClaimDate": 1732147200,
            "closableAt": 1732752000,
            "apr": 0.14481634416612343,
            "tokenPerVoteValue": 0.000375648,
            "tokenPerVoteValueUSD": 0.00077759136,
            "rewardsAvailable": 9.250434851017861,
            "rewardsAvailableUSD": 19.14840014160697,
            "maxRewardPerVote": 0.0003913,
            "maxRewardPerVoteUSD": 0.00077759136,
            "totalVotes": 7167.428983351267
        },
        {
            "id": 172,
            "manager": "0x2234a7c690AF5de948B3a1CcbEa43705E4583D2d",
            "bountyChainId": 1,
            "isEnded": false,
            "start": 1706745600,
            "end": 1731542400,
            "startClaimDate": 1707350400,
            "endClaimDate": 1732147200,
            "closableAt": 1732752000,
            "apr": 0.08423255796629109,
            "tokenPerVoteValue": 0.00021849600000000002,
            "tokenPerVoteValueUSD": 0.00045228672,
            "rewardsAvailable": 125.57302841666643,
            "rewardsAvailableUSD": 259.9361688224995,
            "maxRewardPerVote": 0.0002276,
            "maxRewardPerVoteUSD": 0.00045228672,
            "totalVotes": 56000.959040910086
        },
        {
            "id": 236,
            "manager": "0x1c572Bf5306c086b43f6F91F032296A25B49D920",
            "bountyChainId": 1,
            "isEnded": false,
            "start": 1718841600,
            "end": 1731542400,
            "startClaimDate": 1719446400,
            "endClaimDate": 1732147200,
            "closableAt": 1732752000,
            "apr": 0.14090260820912948,
            "tokenPerVoteValue": 0.0219177163493942,
            "tokenPerVoteValueUSD": 0.000756576554778921,
            "rewardsAvailable": 10603.43939955195,
            "rewardsAvailableUSD": 366.01959446116376,
            "maxRewardPerVote": 0.024290595073686343,
            "maxRewardPerVoteUSD": 0.0008049464033460722,
            "totalVotes": 464432.59239693667
        },
        {
            "id": 244,
            "manager": "0xd3Ea7CF0a73D709029988Bf2cb65ACC568f79332",
            "bountyChainId": 1,
            "isEnded": false,
            "start": 1719446400,
            "end": 1731542400,
            "startClaimDate": 1720051200,
            "endClaimDate": 1732147200,
            "closableAt": 1732752000,
            "apr": 0.1499108675567692,
            "tokenPerVoteValue": 0.02331897127073889,
            "tokenPerVoteValueUSD": 0.0008049464033460722,
            "rewardsAvailable": 6092.56505312868,
            "rewardsAvailableUSD": 210.30894844069624,
            "maxRewardPerVote": 0.024290595073686343,
            "maxRewardPerVoteUSD": 0.0008049464033460722,
            "totalVotes": 186325.27017238326
        },
        {
            "id": 245,
            "manager": "0xf8AfC5e9AEdA712A05E32F27513cDAa2F67f457B",
            "bountyChainId": 1,
            "isEnded": false,
            "start": 1719446400,
            "end": 1731542400,
            "startClaimDate": 1720051200,
            "endClaimDate": 1732147200,
            "closableAt": 1732752000,
            "apr": 0.11647576534340226,
            "tokenPerVoteValue": 0.018118066221927333,
            "tokenPerVoteValueUSD": 0.0006254166220113985,
            "rewardsAvailable": 9793.15301264001,
            "rewardsAvailableUSD": 338.04935918566986,
            "maxRewardPerVote": 0.024290595073686343,
            "maxRewardPerVoteUSD": 0.0008049464033460722,
            "totalVotes": 518897.9208364059
        },
        {
            "id": 267,
            "manager": "0xFC08757c505eA28709dF66E54870fB6dE09f0C5E",
            "bountyChainId": 1,
            "isEnded": true,
            "start": 1729728000,
            "end": 1730332800,
            "startClaimDate": 1730332800,
            "endClaimDate": 1730937600,