{
    "0x0000000895cB182E6f983eb4D8b4E0Aa0B31Ae4c": [
        {
            "id": 92,
            "manager": "0xF98bb4943eb8a3eB6234a9f6B1Fa758714381753",
            "bountyChainId": 1,
            "isEnded": false,
            "start": 1689811200,
            "end": 1730332800,
            "startClaimDate": 1690416000,
            "endClaimDate": 1730937600,
            "closableAt": 1731542400,
            "apr": 0.292753006371931,
            "tokenPerVoteValue": 0.0007528319999999999,
            "tokenPerVoteValueUSD": 0.0014604940799999998,
            "rewardsAvailable": 350.5800950355403,
            "rewardsAvailableUSD": 680.1253843689482,
            "maxRewardPerVote": 0.0007842,
            "maxRewardPerVoteUSD": 0.0014604940799999998,
            "totalVotes": 324862.2078521768
        },
        {
            "id": 93,
            "manager": "0xF98bb4943eb8a3eB6234a9f6B1Fa758714381753",
            "bountyChainId": 1,
            "isEnded": false,
            "start": 1689811200,
            "end": 1730332800,
            "startClaimDate": 1690416000,
            "endClaimDate": 1730937600,
            "closableAt": 1731542400,
            "apr": 0.2691581604977783,
            "tokenPerVoteValue": 0.0006921564317820494,
            "tokenPerVoteValueUSD": 0.001342783477657176,
            "rewardsAvailable": 463.01140441246343,
            "rewardsAvailableUSD": 898.242124560179,
            "maxRewardPerVote": 0.0007842,
            "maxRewardPerVoteUSD": 0.0014604940799999998,
            "totalVotes": 642182.7896499689
        },
        {
            "id": 123,
            "manager": "0x12E9D6962CEc231E2b0F8b49cE80e5B6fBF1cEa9",
            "bountyChainId": 1,
            "isEnded": false,
            "start": 1695859200,
            "end": 1732752000,
            "startClaimDate": 1696464000,
            "endClaimDate": 1733356800,
            "closableAt": 1733961600,
            "apr": 0.17037334961470502,
            "tokenPerVoteValue": 0.003304199482910456,
            "tokenPerVoteValueUSD": 0.0008499631535326378,
            "rewardsAvailable": 29661.358061234958,
            "rewardsAvailableUSD": 7630.0058656208,
            "maxRewardPerVote": 0.02,
            "maxRewardPerVoteUSD": 0.004938954997188013,
            "totalVotes": 8617791.960219016
        },
        {
            "id": 127,
            "manager": "0x8306300ffd616049FD7e4b0354a64Da835c1A81C",
            "bountyChainId": 1,
            "isEnded": false,
            "start": 1695859200,
            "end": 1730332800,
            "startClaimDate": 1696464000,
            "endClaimDate": 1730937600,
            "closableAt": 1731542400,
            "apr": 0.2426542388953777,
            "tokenPerVoteValue": 0.000624,
            "tokenPerVoteValueUSD": 0.0012105599999999998,
            "rewardsAvailable": 1093.1811726836384,
            "rewardsAvailableUSD": 2120.7714750062582,
            "maxRewardPerVote": 0.00065,
            "maxRewardPerVoteUSD": 0.0012105599999999998,
            "totalVotes": 1545199.621859321
        },
        {
            "id": 133,
            "manager": "0x68841bC858B18E10AfF6c2eC67Dbc484B3b47D91",
            "bountyChainId": 1,
            "isEnded": false,
            "start": 1697068800,
            "end": 1732752000,
            "startClaimDate": 1697673600,
            "endClaimDate": 1733356800,
            "closableAt": 1733961600,
            "apr": 0.09719494710372993,
            "tokenPerVoteValue": 0.0018849866759556556,
            "tokenPerVoteValueUSD": 0.0004848887688981254,
            "rewardsAvailable": 2268.3083927999555,
            "rewardsAvailableUSD": 583.4933891553569,
            "maxRewardPerVote": 0.02,
            "maxRewardPerVoteUSD": 0.004938954997188013,
            "totalVotes": 1155220.9280121112
        },
        {
            "id": 136,
            "manager": "0x2234a7c690AF5de948B3a1CcbEa43705E4583D2d",
            "bountyChainId": 1,
            "isEnded": false,
            "start": 1697068800,
            "end": 1730332800,
            "startClaimDate": 1697673600,
            "endClaimDate": 1730937600,
            "closableAt": 1731542400,
            "apr": 0.1460778518150174,
            "tokenPerVoteValue": 0.000375648,
            "tokenPerVoteValueUSD": 0.00072875712,
            "rewardsAvailable": 16.401052729340527,
            "rewardsAvailableUSD": 31.818042294920623,
            "maxRewardPerVote": 0.0003913,
            "maxRewardPerVoteUSD": 0.00072875712,
            "totalVotes": 5806.109253903854
        },
        {
            "id": 172,
            "manager": "0x2234a7c690AF5de948B3a1CcbEa43705E4583D2d",
            "bountyChainId": 1,
            "isEnded": false,
            "start": 1706745600,
            "end": 1730332800,
            "startClaimDate": 1707350400,
            "endClaimDate": 1730937600,
            "closableAt": 1731542400,
            "apr": 0.08496631503475072,
            "tokenPerVoteValue": 0.000218496,
            "tokenPerVoteValueUSD": 0.00042388223999999995,
            "rewardsAvailable": 194.1628110373581,
            "rewardsAvailableUSD": 376.6758534124747,
            "maxRewardPerVote": 0.0002276,
            "maxRewardPerVoteUSD": 0.00042388223999999995,
            "totalVotes": 63601.0891964621
        },
        {
            "id": 236,
            "manager": "0x1c572Bf5306c086b43f6F91F032296A25B49D920",
            "bountyChainId": 1,
            "isEnded": false,
            "start": 1718841600,
            "end": 1730332800,
            "startClaimDate": 1719446400,
            "endClaimDate": 1730937600,
            "closableAt": 1731542400,
            "apr": 0.2758515273397259,
            "tokenPerVoteValue": 0.044079227634545075,
            "tokenPerVoteValueUSD": 0.0013761755263643146,
            "rewardsAvailable": 20622.45126834882,
            "rewardsAvailableUSD": 643.8432398234844,
            "maxRewardPerVote": 0.045915862119317793,
            "maxRewardPerVoteUSD": 0.0013761755263643146,
            "totalVotes": 292819.2695883298
        },
        {
            "id": 244,
            "manager": "0xd3Ea7CF0a73D709029988Bf2cb65ACC568f79332",
            "bountyChainId": 1,
            "isEnded": false,
            "start": 1719446400,
            "end": 1730332800,
            "startClaimDate": 1720051200,
            "endClaimDate": 1730937600,
            "closableAt": 1731542400,
            "apr": 0.2758515273397259,
            "tokenPerVoteValue": 0.044079227634545075,
            "tokenPerVoteValueUSD": 0.0013761755263643146,
            "rewardsAvailable": 12740.090471512827,
            "rewardsAvailableUSD": 397.75199456586626,
            "maxRewardPerVote": 0.045915862119317793,
            "maxRewardPerVoteUSD": 0.0013761755263643146,
            "totalVotes": 119502.54960750457
        },
        {
            "id": 245,
            "manager": "0xf8AfC5e9AEdA712A05E32F27513cDAa2F67f457B",
            "bountyChainId": 1,
            "isEnded": false,
            "start": 1719446400,
            "end": 1730332800,
            "startClaimDate": 1720051200,
            "endClaimDate": 1730937600,
            "closableAt": 1731542400,
            "apr": 0.19103496652714394,
            "tokenPerVoteValue": 0.0305261089431532,
            "tokenPerVoteValueUSD": 0.0009530403842597146,
            "rewardsAvailable": 20191.362453154085,
            "rewardsAvailableUSD": 630.3844314686971,
            "maxRewardPerVote": 0.045915862119317793,
            "maxRewardPerVoteUSD": 0.0013761755263643146,
            "totalVotes": 634987.8391355069
        },
        {
            "id": 267,
            "manager": "0xFC08757c505eA28709dF66E54870fB6dE09f0C5E",
            "bountyChainId": 1,
            "isEnded": false,
            "start": 1729728000,
            "end": 1730332800,
            "startClaimDate": 1730332800,
            "endClaimDate": 1730937600,