{
    "0x0000000895cB182E6f983eb4D8b4E0Aa0B31Ae4c": [
        {
            "id": 92,
            "manager": "0xF98bb4943eb8a3eB6234a9f6B1Fa758714381753",
            "bountyChainId": 1,
            "isEnded": false,
            "start": 1689811200,
            "end": 1729123200,
            "startClaimDate": 1690416000,
            "endClaimDate": 1729728000,
            "closableAt": 1730332800,
            "apr": 0.14614205363554877,
            "tokenPerVoteValue": 0.0003818429555246774,
            "tokenPerVoteValueUSD": 0.0007216831859416403,
            "rewardsAvailable": 368.68607253670535,
            "rewardsAvailableUSD": 696.8166770943731,
            "maxRewardPerVote": 0.0007842,
            "maxRewardPerVoteUSD": 0.0014228524799999999,
            "totalVotes": 926921.9832768738
        },
        {
            "id": 93,
            "manager": "0xF98bb4943eb8a3eB6234a9f6B1Fa758714381753",
            "bountyChainId": 1,
            "isEnded": false,
            "start": 1689811200,
            "end": 1729123200,
            "startClaimDate": 1690416000,
            "endClaimDate": 1729728000,
            "closableAt": 1730332800,
            "apr": 0.0666857407673483,
            "tokenPerVoteValue": 0.00017423787138955878,
            "tokenPerVoteValueUSD": 0.0003293095769262661,
            "rewardsAvailable": 178.7699717737408,
            "rewardsAvailableUSD": 337.8752466523701,
            "maxRewardPerVote": 0.0007842,
            "maxRewardPerVoteUSD": 0.0014228524799999999,
            "totalVotes": 984970.5551044482
        },
        {
            "id": 123,
            "manager": "0x12E9D6962CEc231E2b0F8b49cE80e5B6fBF1cEa9",
            "bountyChainId": 1,
            "isEnded": false,
            "start": 1695859200,
            "end": 1731542400,
            "startClaimDate": 1696464000,
            "endClaimDate": 1732147200,
            "closableAt": 1732752000,
            "apr": 0.125707203305513,
            "tokenPerVoteValue": 0.0022341343379881752,
            "tokenPerVoteValueUSD": 0.0006207711792772322,
            "rewardsAvailable": 25406.38148905856,
            "rewardsAvailableUSD": 7059.355890090436,
            "maxRewardPerVote": 0.02,
            "maxRewardPerVoteUSD": 0.005334865696955212,
            "totalVotes": 10917036.551821401
        },
        {
            "id": 127,
            "manager": "0x8306300ffd616049FD7e4b0354a64Da835c1A81C",
            "bountyChainId": 1,
            "isEnded": false,
            "start": 1695859200,
            "end": 1729123200,
            "startClaimDate": 1696464000,
            "endClaimDate": 1729728000,
            "closableAt": 1730332800,
            "apr": 0.1062219699990174,
            "tokenPerVoteValue": 0.00027753894212563773,
            "tokenPerVoteValueUSD": 0.0005245486006174553,
            "rewardsAvailable": 521.3460626146107,
            "rewardsAvailableUSD": 985.3440583416141,
            "maxRewardPerVote": 0.00065,
            "maxRewardPerVoteUSD": 0.0011793599999999997,
            "totalVotes": 1803322.5041387558
        },
        {
            "id": 133,
            "manager": "0x68841bC858B18E10AfF6c2eC67Dbc484B3b47D91",
            "bountyChainId": 1,
            "isEnded": false,
            "start": 1697068800,
            "end": 1731542400,
            "startClaimDate": 1697673600,
            "endClaimDate": 1732147200,
            "closableAt": 1732752000,
            "apr": 0.1076862602915589,
            "tokenPerVoteValue": 0.0019138566885637904,
            "tokenPerVoteValueUSD": 0.0005317796039951698,
            "rewardsAvailable": 2360.334893859789,
            "rewardsAvailableUSD": 655.8369613843234,
            "maxRewardPerVote": 0.02,
            "maxRewardPerVoteUSD": 0.005334865696955212,
            "totalVotes": 1183955.6805090804
        },
        {
            "id": 136,
            "manager": "0x2234a7c690AF5de948B3a1CcbEa43705E4583D2d",
            "bountyChainId": 1,
            "isEnded": false,
            "start": 1697068800,
            "end": 1729123200,
            "startClaimDate": 1697673600,
            "endClaimDate": 1729728000,
            "closableAt": 1730332800,
            "apr": 0.14377106967615305,
            "tokenPerVoteValue": 0.000375648,
            "tokenPerVoteValueUSD": 0.00070997472,
            "rewardsAvailable": 12.108903930665786,
            "rewardsAvailableUSD": 22.885828428958334,
            "maxRewardPerVote": 0.0003913,
            "maxRewardPerVoteUSD": 0.00070997472,
            "totalVotes": 10644.895703985821
        },
        {
            "id": 172,
            "manager": "0x2234a7c690AF5de948B3a1CcbEa43705E4583D2d",
            "bountyChainId": 1,
            "isEnded": false,
            "start": 1706745600,
            "end": 1729123200,
            "startClaimDate": 1707350400,
            "endClaimDate": 1729728000,
            "closableAt": 1730332800,
            "apr": 0.08362457311089301,
            "tokenPerVoteValue": 0.000218496,
            "tokenPerVoteValueUSD": 0.00041295743999999996,
            "rewardsAvailable": 109.24222901950053,
            "rewardsAvailableUSD": 206.467812846856,
            "maxRewardPerVote": 0.0002276,
            "maxRewardPerVoteUSD": 0.00041295743999999996,
            "totalVotes": 278020.2172123281
        },
        {
            "id": 236,
            "manager": "0x1c572Bf5306c086b43f6F91F032296A25B49D920",
            "bountyChainId": 1,
            "isEnded": false,
            "start": 1718841600,
            "end": 1729123200,
            "startClaimDate": 1719446400,
            "endClaimDate": 1729728000,
            "closableAt": 1730332800,
            "apr": 0.08633021629108262,
            "tokenPerVoteValue": 0.009871784235354866,
            "tokenPerVoteValueUSD": 0.00042631853040297167,
            "rewardsAvailable": 10819.647417644768,
            "rewardsAvailableUSD": 467.25253273354315,
            "maxRewardPerVote": 0.015997419447616276,
            "maxRewardPerVoteUSD": 0.0006632232167041915,
            "totalVotes": 1052176.7163163282
        },
        {
            "id": 244,
            "manager": "0xd3Ea7CF0a73D709029988Bf2cb65ACC568f79332",
            "bountyChainId": 1,
            "isEnded": false,
            "start": 1719446400,
            "end": 1729123200,
            "startClaimDate": 1720051200,
            "endClaimDate": 1729728000,
            "closableAt": 1730332800,
            "apr": 0.09840479107791976,
            "tokenPerVoteValue": 0.011252501232835905,
            "tokenPerVoteValueUSD": 0.0004859455671407089,
            "rewardsAvailable": 7647.4817764453155,
            "rewardsAvailableUSD": 330.26078310558574,
            "maxRewardPerVote": 0.015997419447616276,
            "maxRewardPerVoteUSD": 0.0006632232167041915,
            "totalVotes": 652440.0534135507
        },
        {
            "id": 245,
            "manager": "0xf8AfC5e9AEdA712A05E32F27513cDAa2F67f457B",
            "bountyChainId": 1,
            "isEnded": false,
            "start": 1719446400,
            "end": 1729123200,
            "startClaimDate": 1720051200,
            "endClaimDate": 1729728000,
            "closableAt": 1730332800,
            "apr": 0.07067511092880958,
            "tokenPerVoteValue": 0.008081636718556974,
            "tokenPerVoteValueUSD": 0.0003490100074074453,
            "rewardsAvailable": 11447.312567654273,
            "rewardsAvailableUSD": 494.3586037291876,
            "maxRewardPerVote": 0.015997419447616276,
            "maxRewardPerVoteUSD": 0.0006632232167041915,
            "totalVotes": 1359801.293680314
        },
        {
            "id": 266,
            "manager": "0xFC08757c505eA28709dF66E54870fB6dE09f0C5E",
            "bountyChainId": 1,
            "isEnded": false,
            "start": 1728518400,
            "end": 1729123200,
            "startClaimDate": 1729123200,
            "endClaimDate": 1729728000,