{
    "0x0000000895cB182E6f983eb4D8b4E0Aa0B31Ae4c": [
        {
            "id": 92,
            "manager": "0xF98bb4943eb8a3eB6234a9f6B1Fa758714381753",
            "bountyChainId": 1,
            "isEnded": true,
            "start": 1689811200,
            "end": 1730332800,
            "startClaimDate": 1690416000,
            "endClaimDate": 1730937600,
            "closableAt": 1731542400,
            "apr": 0,
            "tokenPerVoteValue": 0.0,
            "tokenPerVoteValueUSD": 0.0,
            "rewardsAvailable": 0,
            "rewardsAvailableUSD": 0,
            "maxRewardPerVote": 0.0007842,
            "maxRewardPerVoteUSD": 0.0015884755199999999,
            "totalVotes": 294766.38205794577
        },
        {
            "id": 93,
            "manager": "0xF98bb4943eb8a3eB6234a9f6B1Fa758714381753",
            "bountyChainId": 1,
            "isEnded": true,
            "start": 1689811200,
            "end": 1730332800,
            "startClaimDate": 1690416000,
            "endClaimDate": 1730937600,
            "closableAt": 1731542400,
            "apr": 0,
            "tokenPerVoteValue": 0.0,
            "tokenPerVoteValueUSD": 0.0,
            "rewardsAvailable": 0,
            "rewardsAvailableUSD": 0,
            "maxRewardPerVote": 0.0007842,
            "maxRewardPerVoteUSD": 0.0015884755199999999,
            "totalVotes": 564244.6508060702
        },
        {
            "id": 123,
            "manager": "0x12E9D6962CEc231E2b0F8b49cE80e5B6fBF1cEa9",
            "bountyChainId": 1,
            "isEnded": false,
            "start": 1695859200,
            "end": 1732752000,
            "startClaimDate": 1696464000,
            "endClaimDate": 1733356800,
            "closableAt": 1733961600,
            "apr": 0.14746763513225847,
            "tokenPerVoteValue": 0.0028335159038975033,
            "tokenPerVoteValueUSD": 0.0007486081060846692,
            "rewardsAvailable": 25317.90124245289,
            "rewardsAvailableUSD": 6688.928787405508,
            "maxRewardPerVote": 0.02,
            "maxRewardPerVoteUSD": 0.005072593951936248,
            "totalVotes": 8577747.934755888
        },
        {
            "id": 127,
            "manager": "0x8306300ffd616049FD7e4b0354a64Da835c1A81C",
            "bountyChainId": 1,
            "isEnded": true,
            "start": 1695859200,
            "end": 1730332800,
            "startClaimDate": 1696464000,
            "endClaimDate": 1730937600,
            "closableAt": 1731542400,
            "apr": 0,
            "tokenPerVoteValue": 0.0,
            "tokenPerVoteValueUSD": 0.0,
            "rewardsAvailable": 0,
            "rewardsAvailableUSD": 0,
            "maxRewardPerVote": 0.00065,
            "maxRewardPerVoteUSD": 0.0013166399999999998,
            "totalVotes": 1507663.7220235516
        },
        {
            "id": 133,
            "manager": "0x68841bC858B18E10AfF6c2eC67Dbc484B3b47D91",
            "bountyChainId": 1,
            "isEnded": false,
            "start": 1697068800,
            "end": 1732752000,
            "startClaimDate": 1697673600,
            "endClaimDate": 1733356800,
            "closableAt": 1733961600,
            "apr": 0.11493511321949708,
            "tokenPerVoteValue": 0.0022084199758924923,
            "tokenPerVoteValueUSD": 0.0005834592610962215,
            "rewardsAvailable": 2207.8092183615263,
            "rewardsAvailableUSD": 583.2979004213424,
            "maxRewardPerVote": 0.02,
            "maxRewardPerVoteUSD": 0.005072593951936248,
            "totalVotes": 959734.5037465121
        },
        {
            "id": 136,
            "manager": "0x2234a7c690AF5de948B3a1CcbEa43705E4583D2d",
            "bountyChainId": 1,
            "isEnded": true,
            "start": 1697068800,
            "end": 1730332800,
            "startClaimDate": 1697673600,
            "endClaimDate": 1730937600,
            "closableAt": 1731542400,
            "apr": 0,
            "tokenPerVoteValue": 0.0,
            "tokenPerVoteValueUSD": 0.0,
            "rewardsAvailable": 0,
            "rewardsAvailableUSD": 0,
            "maxRewardPerVote": 0.0003913,
            "maxRewardPerVoteUSD": 0.00079261728,
            "totalVotes": 7167.428983351267
        },
        {
            "id": 172,
            "manager": "0x2234a7c690AF5de948B3a1CcbEa43705E4583D2d",
            "bountyChainId": 1,
            "isEnded": true,
            "start": 1706745600,
            "end": 1730332800,
            "startClaimDate": 1707350400,
            "endClaimDate": 1730937600,
            "closableAt": 1731542400,
            "apr": 0,
            "tokenPerVoteValue": 0.0,
            "tokenPerVoteValueUSD": 0.0,
            "rewardsAvailable": 0,
            "rewardsAvailableUSD": 0,
            "maxRewardPerVote": 0.0002276,
            "maxRewardPerVoteUSD": 0.00046102655999999994,
            "totalVotes": 56000.959040910086
        },
        {
            "id": 236,
            "manager": "0x1c572Bf5306c086b43f6F91F032296A25B49D920",
            "bountyChainId": 1,
            "isEnded": false,
            "start": 1718841600,
            "end": 1731542400,
            "startClaimDate": 1719446400,
            "endClaimDate": 1732147200,
            "closableAt": 1732752000,
            "apr": 0.16655753540653975,
            "tokenPerVoteValue": 0.023318971270738887,
            "tokenPerVoteValueUSD": 0.0008455165163731909,
            "rewardsAvailable": 10603.43939955195,
            "rewardsAvailableUSD": 384.46735229411024,
            "maxRewardPerVote": 0.024290595073686343,
            "maxRewardPerVoteUSD": 0.0008455165163731909,
            "totalVotes": 379275.1985963543
        },
        {
            "id": 244,
            "manager": "0xd3Ea7CF0a73D709029988Bf2cb65ACC568f79332",
            "bountyChainId": 1,
            "isEnded": false,
            "start": 1719446400,
            "end": 1731542400,
            "startClaimDate": 1720051200,
            "endClaimDate": 1732147200,
            "closableAt": 1732752000,
            "apr": 0.16655753540653975,
            "tokenPerVoteValue": 0.023318971270738887,
            "tokenPerVoteValueUSD": 0.0008455165163731909,
            "rewardsAvailable": 6092.56505312868,
            "rewardsAvailableUSD": 220.90873219447897,
            "maxRewardPerVote": 0.024290595073686343,
            "maxRewardPerVoteUSD": 0.0008455165163731909,
            "totalVotes": 186325.27017238326
        },
        {
            "id": 245,
            "manager": "0xf8AfC5e9AEdA712A05E32F27513cDAa2F67f457B",
            "bountyChainId": 1,
            "isEnded": false,
            "start": 1719446400,
            "end": 1731542400,
            "startClaimDate": 1720051200,
            "endClaimDate": 1732147200,
            "closableAt": 1732752000,
            "apr": 0.12521433097401022,
            "tokenPerVoteValue": 0.017530695201155626,
            "tokenPerVoteValueUSD": 0.0006356409193179495,
            "rewardsAvailable": 10922.36095896837,
            "rewardsAvailableUSD": 396.03104619738474,
            "maxRewardPerVote": 0.024290595073686343,
            "maxRewardPerVoteUSD": 0.0008455165163731909,
            "totalVotes": 598120.4053971819
        },
        {
            "id": 267,
            "manager": "0xFC08757c505eA28709dF66E54870fB6dE09f0C5E",
            "bountyChainId": 1,
            "isEnded": true,
            "start": 1729728000,
            "end": 1730332800,
            "startClaimDate": 1730332800,
            "endClaimDate": 1730937600,
            "closableAt": 1731542400,
            "apr": 0,
            "tokenPerVoteValue": 0.0,
            "tokenPerVoteValueUSD": 0.0,
            "rewardsAvailable": 0,
            "rewardsAvailableUSD": 0,
            "maxRewardPerVote": 0.00052,
            "maxRewardPerVoteUSD": 0.000913536,
            "totalVotes": 912960.0924483682
        }
    ],
    "0x00000004E4FB0C3017b543EF66cC8A89F5dE74Ff": [],