{
    "0x0000000895cB182E6f983eb4D8b4E0Aa0B31Ae4c": [
        {
            "id": 92,
            "manager": "0xF98bb4943eb8a3eB6234a9f6B1Fa758714381753",
            "bountyChainId": 1,
            "isEnded": false,
            "start": 1689811200,
            "end": 1726704000,
            "startClaimDate": 1690416000,
            "endClaimDate": 1727308800,
            "closableAt": 1727913600,
            "apr": 0.0986354695633711,
            "tokenPerVoteValue": 0.00027960958296398703,
            "tokenPerVoteValueUSD": 0.0005648113575872538,
            "rewardsAvailable": 204.0235181121326,
            "rewardsAvailableUSD": 412.1275065865078,
            "maxRewardPerVote": 0.0007842,
            "maxRewardPerVoteUSD": 0.00152072064,
            "totalVotes": 700485.9250938973
        },
        {
            "id": 93,
            "manager": "0xF98bb4943eb8a3eB6234a9f6B1Fa758714381753",
            "bountyChainId": 1,
            "isEnded": false,
            "start": 1689811200,
            "end": 1726704000,
            "startClaimDate": 1690416000,
            "endClaimDate": 1727308800,
            "closableAt": 1727913600,
            "apr": 0.10956661282478454,
            "tokenPerVoteValue": 0.0003105969389544171,
            "tokenPerVoteValueUSD": 0.0006274058166879225,
            "rewardsAvailable": 178.15853111158944,
            "rewardsAvailableUSD": 359.88023284541066,
            "maxRewardPerVote": 0.0007842,
            "maxRewardPerVoteUSD": 0.00152072064,
            "totalVotes": 550656.3923098623
        },
        {
            "id": 123,
            "manager": "0x12E9D6962CEc231E2b0F8b49cE80e5B6fBF1cEa9",
            "bountyChainId": 1,
            "isEnded": false,
            "start": 1695859200,
            "end": 1729123200,
            "startClaimDate": 1696464000,
            "endClaimDate": 1729728000,
            "closableAt": 1730332800,
            "apr": 0.10114931102893085,
            "tokenPerVoteValue": 0.0021623777017350907,
            "tokenPerVoteValueUSD": 0.0005792062422794153,
            "rewardsAvailable": 28347.7842979043,
            "rewardsAvailableUSD": 7593.129362627905,
            "maxRewardPerVote": 0.02,
            "maxRewardPerVoteUSD": 0.0051428387570041445,
            "totalVotes": 12585161.650599584
        },
        {
            "id": 124,
            "manager": "0xfCBa6dC55c4b36943cF6C69f2c23b345350d520E",
            "bountyChainId": 1,
            "isEnded": false,
            "start": 1695859200,
            "end": 1726704000,
            "startClaimDate": 1696464000,
            "endClaimDate": 1727308800,
            "closableAt": 1727913600,
            "apr": 0.11691423570660643,
            "tokenPerVoteValue": 0.002499401466363488,
            "tokenPerVoteValueUSD": 0.0006694801422149551,
            "rewardsAvailable": 7696.447024531503,
            "rewardsAvailableUSD": 2061.5409400515546,
            "maxRewardPerVote": 0.02,
            "maxRewardPerVoteUSD": 0.0051428387570041445,
            "totalVotes": 2956143.3979233014
        },
        {
            "id": 125,
            "manager": "0xF78f606db249B27cb835Bec41f9957fCe2308f5e",
            "bountyChainId": 1,
            "isEnded": false,
            "start": 1695859200,
            "end": 1726704000,
            "startClaimDate": 1696464000,
            "endClaimDate": 1727308800,
            "closableAt": 1727913600,
            "apr": 0.10365389032444414,
            "tokenPerVoteValue": 0.0022159207893325565,
            "tokenPerVoteValueUSD": 0.0005935480894703483,
            "rewardsAvailable": 1412.6910903231253,
            "rewardsAvailableUSD": 378.398046405636,
            "maxRewardPerVote": 0.02,
            "maxRewardPerVoteUSD": 0.0051428387570041445,
            "totalVotes": 612018.0167264408
        },
        {
            "id": 127,
            "manager": "0x8306300ffd616049FD7e4b0354a64Da835c1A81C",
            "bountyChainId": 1,
            "isEnded": false,
            "start": 1695859200,
            "end": 1726704000,
            "startClaimDate": 1696464000,
            "endClaimDate": 1727308800,
            "closableAt": 1727913600,
            "apr": 0.07773762242981051,
            "tokenPerVoteValue": 0.00022036884180133787,
            "tokenPerVoteValueUSD": 0.00044514506043870247,
            "rewardsAvailable": 524.6371657077012,
            "rewardsAvailableUSD": 1059.7670747295565,
            "maxRewardPerVote": 0.00065,
            "maxRewardPerVoteUSD": 0.0012604799999999998,
            "totalVotes": 2285494.060605148
        },
        {
            "id": 133,
            "manager": "0x68841bC858B18E10AfF6c2eC67Dbc484B3b47D91",
            "bountyChainId": 1,
            "isEnded": false,
            "start": 1697068800,
            "end": 1729123200,
            "startClaimDate": 1697673600,
            "endClaimDate": 1729728000,
            "closableAt": 1730332800,
            "apr": 0.09859803592415832,
            "tokenPerVoteValue": 0.0021078363475584513,
            "tokenPerVoteValueUSD": 0.0005645970032107116,
            "rewardsAvailable": 2272.159528150558,
            "rewardsAvailableUSD": 608.6119835140073,
            "maxRewardPerVote": 0.02,
            "maxRewardPerVoteUSD": 0.0051428387570041445,
            "totalVotes": 1034839.8961575682
        },
        {
            "id": 136,
            "manager": "0x2234a7c690AF5de948B3a1CcbEa43705E4583D2d",
            "bountyChainId": 1,
            "isEnded": false,
            "start": 1697068800,
            "end": 1726704000,
            "startClaimDate": 1697673600,
            "endClaimDate": 1727308800,
            "closableAt": 1727913600,
            "apr": 0.03557784351257697,
            "tokenPerVoteValue": 0.00010085526060093757,
            "tokenPerVoteValueUSD": 0.00020372762641389388,
            "rewardsAvailable": 19.274941210951702,
            "rewardsAvailableUSD": 38.93538124612244,
            "maxRewardPerVote": 0.0003913,
            "maxRewardPerVoteUSD": 0.0007588089600000001,
            "totalVotes": 183470.2865498482
        },
        {
            "id": 172,
            "manager": "0x2234a7c690AF5de948B3a1CcbEa43705E4583D2d",
            "bountyChainId": 1,
            "isEnded": false,
            "start": 1706745600,
            "end": 1726704000,
            "startClaimDate": 1707350400,
            "endClaimDate": 1727308800,
            "closableAt": 1727913600,
            "apr": 0.0754637285915517,
            "tokenPerVoteValue": 0.0002139228593303826,
            "tokenPerVoteValueUSD": 0.0004321241758473729,
            "rewardsAvailable": 470.5426290673875,
            "rewardsAvailableUSD": 950.4961107161228,
            "maxRewardPerVote": 0.0002276,
            "maxRewardPerVoteUSD": 0.00044136192,
            "totalVotes": 2111606.610526152
        },
        {
            "id": 236,
            "manager": "0x1c572Bf5306c086b43f6F91F032296A25B49D920",
            "bountyChainId": 1,
            "isEnded": false,
            "start": 1718841600,
            "end": 1727308800,
            "startClaimDate": 1719446400,
            "endClaimDate": 1727913600,
            "closableAt": 1728518400,
            "apr": 0.0876649015260512,
            "tokenPerVoteValue": 0.006258070714499168,
            "tokenPerVoteValueUSD": 0.0005019911423635508,
            "rewardsAvailable": 17421.612144675128,
            "rewardsAvailableUSD": 1397.4746181851153,
            "maxRewardPerVote": 0.012014824762243368,
            "maxRewardPerVoteUSD": 0.0009252184015712176,
            "totalVotes": 2672508.5768268756
        },
        {
            "id": 244,
            "manager": "0xd3Ea7CF0a73D709029988Bf2cb65ACC568f79332",
            "bountyChainId": 1,
            "isEnded": false,
            "start": 1719446400,
            "end": 1727308800,
            "startClaimDate": 1720051200,
            "endClaimDate": 1727913600,