{
    "0x0000000895cB182E6f983eb4D8b4E0Aa0B31Ae4c": [
        {
            "id": 92,
            "manager": "0xF98bb4943eb8a3eB6234a9f6B1Fa758714381753",
            "bountyChainId": 1,
            "isEnded": false,
            "start": 1689811200,
            "end": 1730332800,
            "startClaimDate": 1690416000,
            "endClaimDate": 1730937600,
            "closableAt": 1731542400,
            "apr": 0.19772866482278847,
            "tokenPerVoteValue": 0.0005216994771862803,
            "tokenPerVoteValueUSD": 0.0008608041373573625,
            "rewardsAvailable": 175.29004751777018,
            "rewardsAvailableUSD": 289.2285784043208,
            "maxRewardPerVote": 0.0007842,
            "maxRewardPerVoteUSD": 0.0012421728,
            "totalVotes": 322558.202520439
        },
        {
            "id": 93,
            "manager": "0xF98bb4943eb8a3eB6234a9f6B1Fa758714381753",
            "bountyChainId": 1,
            "isEnded": false,
            "start": 1689811200,
            "end": 1730332800,
            "startClaimDate": 1690416000,
            "endClaimDate": 1730937600,
            "closableAt": 1731542400,
            "apr": 0.13217378678585115,
            "tokenPerVoteValue": 0.0003487354528272842,
            "tokenPerVoteValueUSD": 0.0005754134971650189,
            "rewardsAvailable": 231.50570220623172,
            "rewardsAvailableUSD": 381.9844086402823,
            "maxRewardPerVote": 0.0007842,
            "maxRewardPerVoteUSD": 0.0012421728,
            "totalVotes": 637289.5910529993
        },
        {
            "id": 123,
            "manager": "0x12E9D6962CEc231E2b0F8b49cE80e5B6fBF1cEa9",
            "bountyChainId": 1,
            "isEnded": false,
            "start": 1695859200,
            "end": 1732752000,
            "startClaimDate": 1696464000,
            "endClaimDate": 1733356800,
            "closableAt": 1733961600,
            "apr": 0.14524369238188253,
            "tokenPerVoteValue": 0.0027557260472345657,
            "tokenPerVoteValueUSD": 0.0006323128284886647,
            "rewardsAvailable": 24717.798384362464,
            "rewardsAvailableUSD": 5671.601872803437,
            "maxRewardPerVote": 0.02,
            "maxRewardPerVoteUSD": 0.004405520033156249,
            "totalVotes": 8610829.248720368
        },
        {
            "id": 127,
            "manager": "0x8306300ffd616049FD7e4b0354a64Da835c1A81C",
            "bountyChainId": 1,
            "isEnded": false,
            "start": 1695859200,
            "end": 1730332800,
            "startClaimDate": 1696464000,
            "endClaimDate": 1730937600,
            "closableAt": 1731542400,
            "apr": 0.13069117538747588,
            "tokenPerVoteValue": 0.00034482363967618644,
            "tokenPerVoteValueUSD": 0.0005689590054657076,
            "rewardsAvailable": 546.5905863418192,
            "rewardsAvailableUSD": 901.8744674640016,
            "maxRewardPerVote": 0.00065,
            "maxRewardPerVoteUSD": 0.0010295999999999999,
            "totalVotes": 1521725.608432478
        },
        {
            "id": 133,
            "manager": "0x68841bC858B18E10AfF6c2eC67Dbc484B3b47D91",
            "bountyChainId": 1,
            "isEnded": false,
            "start": 1697068800,
            "end": 1732752000,
            "startClaimDate": 1697673600,
            "endClaimDate": 1733356800,
            "closableAt": 1733961600,
            "apr": 0.08502792383561081,
            "tokenPerVoteValue": 0.0016132450271231016,
            "tokenPerVoteValueUSD": 0.0003701657961135688,
            "rewardsAvailable": 1890.256993999963,
            "rewardsAvailableUSD": 433.72734660836187,
            "maxRewardPerVote": 0.02,
            "maxRewardPerVoteUSD": 0.004405520033156249,
            "totalVotes": 1124842.5897682896
        },
        {
            "id": 136,
            "manager": "0x2234a7c690AF5de948B3a1CcbEa43705E4583D2d",
            "bountyChainId": 1,
            "isEnded": false,
            "start": 1697068800,
            "end": 1730332800,
            "startClaimDate": 1697673600,
            "endClaimDate": 1730937600,
            "closableAt": 1731542400,
            "apr": 0.1423738775510204,
            "tokenPerVoteValue": 0.000375648,
            "tokenPerVoteValueUSD": 0.0006198192,
            "rewardsAvailable": 8.200526364670264,
            "rewardsAvailableUSD": 13.530868501705934,
            "maxRewardPerVote": 0.0003913,
            "maxRewardPerVoteUSD": 0.0006198192,
            "totalVotes": 5772.193774416224
        },
        {
            "id": 172,
            "manager": "0x2234a7c690AF5de948B3a1CcbEa43705E4583D2d",
            "bountyChainId": 1,
            "isEnded": false,
            "start": 1706745600,
            "end": 1730332800,
            "startClaimDate": 1707350400,
            "endClaimDate": 1730937600,
            "closableAt": 1731542400,
            "apr": 0.08281189504373175,
            "tokenPerVoteValue": 0.000218496,
            "tokenPerVoteValueUSD": 0.00036051839999999997,
            "rewardsAvailable": 97.08140551867903,
            "rewardsAvailableUSD": 160.1843191058204,
            "maxRewardPerVote": 0.0002276,
            "maxRewardPerVoteUSD": 0.00036051839999999997,
            "totalVotes": 63292.346045022954
        },
        {
            "id": 236,
            "manager": "0x1c572Bf5306c086b43f6F91F032296A25B49D920",
            "bountyChainId": 1,
            "isEnded": false,
            "start": 1718841600,
            "end": 1730937600,
            "startClaimDate": 1719446400,
            "endClaimDate": 1731542400,
            "closableAt": 1732147200,
            "apr": 0.17678392846077645,
            "tokenPerVoteValue": 0.027329347675105628,
            "tokenPerVoteValueUSD": 0.0007696220331721264,
            "rewardsAvailable": 10479.339874019459,
            "rewardsAvailableUSD": 295.1087949856607,
            "maxRewardPerVote": 0.028468070494901698,
            "maxRewardPerVoteUSD": 0.0007696220331721264,
            "totalVotes": 290146.4480213104
        },
        {
            "id": 244,
            "manager": "0xd3Ea7CF0a73D709029988Bf2cb65ACC568f79332",
            "bountyChainId": 1,
            "isEnded": false,
            "start": 1719446400,
            "end": 1730937600,
            "startClaimDate": 1720051200,
            "endClaimDate": 1731542400,
            "closableAt": 1732147200,
            "apr": 0.17678392846077645,
            "tokenPerVoteValue": 0.027329347675105628,
            "tokenPerVoteValueUSD": 0.0007696220331721264,
            "rewardsAvailable": 6185.425248115623,
            "rewardsAvailableUSD": 174.18782226643654,
            "maxRewardPerVote": 0.028468070494901698,
            "maxRewardPerVoteUSD": 0.0007696220331721264,
            "totalVotes": 119502.54960750457
        },
        {
            "id": 245,
            "manager": "0xf8AfC5e9AEdA712A05E32F27513cDAa2F67f457B",
            "bountyChainId": 1,
            "isEnded": false,
            "start": 1719446400,
            "end": 1730937600,
            "startClaimDate": 1720051200,
            "endClaimDate": 1731542400,
            "closableAt": 1732147200,
            "apr": 0.1026473954112992,
            "tokenPerVoteValue": 0.015868446761900388,
            "tokenPerVoteValueUSD": 0.00044687148794634446,
            "rewardsAvailable": 10496.115333099959,
            "rewardsAvailableUSD": 295.58120885658127,
            "maxRewardPerVote": 0.028468070494901698,
            "maxRewardPerVoteUSD": 0.0007696220331721264,
            "totalVotes": 634987.8391355069
        },
        {
            "id": 267,
            "manager": "0xFC08757c505eA28709dF66E54870fB6dE09f0C5E",
            "bountyChainId": 1,
            "isEnded": false,
            "start": 1729728000,
            "end": 1730332800,
            "startClaimDate": 1730332800,
            "endClaimDate": 1730937600,