{
    "0x0000000895cB182E6f983eb4D8b4E0Aa0B31Ae4c": [
        {
            "id": 92,
            "manager": "0xF98bb4943eb8a3eB6234a9f6B1Fa758714381753",
            "bountyChainId": 1,
            "isEnded": true,
            "start": 1689811200,
            "end": 1731542400,
            "startClaimDate": 1690416000,
            "endClaimDate": 1732147200,
            "closableAt": 1732752000,
            "apr": 0,
            "tokenPerVoteValue": 0.0,
            "tokenPerVoteValueUSD": 0.0,
            "rewardsAvailable": 0,
            "rewardsAvailableUSD": 0,
            "maxRewardPerVote": 0.0007842,
            "maxRewardPerVoteUSD": 0.00173904192,
            "totalVotes": 245617.88517341888
        },
        {
            "id": 93,
            "manager": "0xF98bb4943eb8a3eB6234a9f6B1Fa758714381753",
            "bountyChainId": 1,
            "isEnded": true,
            "start": 1689811200,
            "end": 1731542400,
            "startClaimDate": 1690416000,
            "endClaimDate": 1732147200,
            "closableAt": 1732752000,
            "apr": 0,
            "tokenPerVoteValue": 0.0,
            "tokenPerVoteValueUSD": 0.0,
            "rewardsAvailable": 0,
            "rewardsAvailableUSD": 0,
            "maxRewardPerVote": 0.0007842,
            "maxRewardPerVoteUSD": 0.00173904192,
            "totalVotes": 710985.529533966
        },
        {
            "id": 123,
            "manager": "0x12E9D6962CEc231E2b0F8b49cE80e5B6fBF1cEa9",
            "bountyChainId": 1,
            "isEnded": false,
            "start": 1695859200,
            "end": 1732752000,
            "startClaimDate": 1696464000,
            "endClaimDate": 1733356800,
            "closableAt": 1733961600,
            "apr": 0.12239034852137222,
            "tokenPerVoteValue": 0.002982671464337776,
            "tokenPerVoteValueUSD": 0.0008948499722323675,
            "rewardsAvailable": 27298.294164171042,
            "rewardsAvailableUSD": 8189.932437035277,
            "maxRewardPerVote": 0.02,
            "maxRewardPerVoteUSD": 0.0057603124153253246,
            "totalVotes": 8786204.820389977
        },
        {
            "id": 127,
            "manager": "0x8306300ffd616049FD7e4b0354a64Da835c1A81C",
            "bountyChainId": 1,
            "isEnded": true,
            "start": 1695859200,
            "end": 1731542400,
            "startClaimDate": 1696464000,
            "endClaimDate": 1732147200,
            "closableAt": 1732752000,
            "apr": 0,
            "tokenPerVoteValue": 0.0,
            "tokenPerVoteValueUSD": 0.0,
            "rewardsAvailable": 0,
            "rewardsAvailableUSD": 0,
            "maxRewardPerVote": 0.0006,
            "maxRewardPerVoteUSD": 0.0013305599999999997,
            "totalVotes": 1162657.844413078
        },
        {
            "id": 133,
            "manager": "0x68841bC858B18E10AfF6c2eC67Dbc484B3b47D91",
            "bountyChainId": 1,
            "isEnded": false,
            "start": 1697068800,
            "end": 1732752000,
            "startClaimDate": 1697673600,
            "endClaimDate": 1733356800,
            "closableAt": 1733961600,
            "apr": 0.11239558997103595,
            "tokenPerVoteValue": 0.00273909767374735,
            "tokenPerVoteValueUSD": 0.0008217738717122696,
            "rewardsAvailable": 2710.680934089078,
            "rewardsAvailableUSD": 813.248387428071,
            "maxRewardPerVote": 0.02,
            "maxRewardPerVoteUSD": 0.0057603124153253246,
            "totalVotes": 950040.490219314
        },
        {
            "id": 136,
            "manager": "0x2234a7c690AF5de948B3a1CcbEa43705E4583D2d",
            "bountyChainId": 1,
            "isEnded": true,
            "start": 1697068800,
            "end": 1731542400,
            "startClaimDate": 1697673600,
            "endClaimDate": 1732147200,
            "closableAt": 1732752000,
            "apr": 0,
            "tokenPerVoteValue": 0.0,
            "tokenPerVoteValueUSD": 0.0,
            "rewardsAvailable": 0,
            "rewardsAvailableUSD": 0,
            "maxRewardPerVote": 0.0003913,
            "maxRewardPerVoteUSD": 0.00086774688,
            "totalVotes": 8576.256658072938
        },
        {
            "id": 172,
            "manager": "0x2234a7c690AF5de948B3a1CcbEa43705E4583D2d",
            "bountyChainId": 1,
            "isEnded": true,
            "start": 1706745600,
            "end": 1731542400,
            "startClaimDate": 1707350400,
            "endClaimDate": 1732147200,
            "closableAt": 1732752000,
            "apr": 0,
            "tokenPerVoteValue": 0.0,
            "tokenPerVoteValueUSD": 0.0,
            "rewardsAvailable": 0,
            "rewardsAvailableUSD": 0,
            "maxRewardPerVote": 0.0002276,
            "maxRewardPerVoteUSD": 0.00050472576,
            "totalVotes": 76772.18854370534
        },
        {
            "id": 236,
            "manager": "0x1c572Bf5306c086b43f6F91F032296A25B49D920",
            "bountyChainId": 1,
            "isEnded": false,
            "start": 1718841600,
            "end": 1732147200,
            "startClaimDate": 1719446400,
            "endClaimDate": 1732752000,
            "closableAt": 1733356800,
            "apr": 0.1455045972344209,
            "tokenPerVoteValue": 0.025177819256757418,
            "tokenPerVoteValueUSD": 0.001063848468183474,
            "rewardsAvailable": 10513.945220890384,
            "rewardsAvailableUSD": 444.2499329963698,
            "maxRewardPerVote": 0.03152779520755358,
            "maxRewardPerVoteUSD": 0.001278870280341931,
            "totalVotes": 400884.09997406055
        },
        {
            "id": 244,
            "manager": "0xd3Ea7CF0a73D709029988Bf2cb65ACC568f79332",
            "bountyChainId": 1,
            "isEnded": false,
            "start": 1719446400,
            "end": 1732147200,
            "startClaimDate": 1720051200,
            "endClaimDate": 1732752000,
            "closableAt": 1733356800,
            "apr": 0.13263074712795853,
            "tokenPerVoteValue": 0.02295015444561138,
            "tokenPerVoteValueUSD": 0.000969722055852196,
            "rewardsAvailable": 6401.780157176218,
            "rewardsAvailableUSD": 270.49697769322967,
            "maxRewardPerVote": 0.03152779520755358,
            "maxRewardPerVoteUSD": 0.001278870280341931,
            "totalVotes": 267785.0802901405
        },
        {
            "id": 245,
            "manager": "0xf8AfC5e9AEdA712A05E32F27513cDAa2F67f457B",
            "bountyChainId": 1,
            "isEnded": false,
            "start": 1719446400,
            "end": 1732147200,
            "startClaimDate": 1720051200,
            "endClaimDate": 1732752000,
            "closableAt": 1733356800,
            "apr": 0.09906324846170449,
            "tokenPerVoteValue": 0.017141702820136155,
            "tokenPerVoteValueUSD": 0.0007242952259403411,
            "rewardsAvailable": 8650.647915238644,
            "rewardsAvailableUSD": 365.5192866217445,
            "maxRewardPerVote": 0.03152779520755358,
            "maxRewardPerVoteUSD": 0.001278870280341931,
            "totalVotes": 484468.9052054826
        },
        {
            "id": 268,
            "manager": "0xFC08757c505eA28709dF66E54870fB6dE09f0C5E",
            "bountyChainId": 1,
            "isEnded": true,
            "start": 1730937600,
            "end": 1731542400,
            "startClaimDate": 1731542400,
            "endClaimDate": 1732147200,
            "closableAt": 1732752000,
            "apr": 0,
            "tokenPerVoteValue": 0.0,
            "tokenPerVoteValueUSD": 0.0,
            "rewardsAvailable": 0,
            "rewardsAvailableUSD": 0,
            "maxRewardPerVote": 0.0004664,
            "maxRewardPerVoteUSD": 0.0010924953599999998,
            "totalVotes": 973204.2904642475
        }
    ],
    "0x00000004E4FB0C3017b543EF66cC8A89F5dE74Ff": [],