{
    "0x0000000895cB182E6f983eb4D8b4E0Aa0B31Ae4c": [
        {
            "id": 92,
            "manager": "0xF98bb4943eb8a3eB6234a9f6B1Fa758714381753",
            "bountyChainId": 1,
            "isEnded": false,
            "start": 1689811200,
            "end": 1730332800,
            "startClaimDate": 1690416000,
            "endClaimDate": 1730937600,
            "closableAt": 1731542400,
            "apr": 0.29854072382992186,
            "tokenPerVoteValue": 0.000752832,
            "tokenPerVoteValueUSD": 0.00141532416,
            "rewardsAvailable": 350.5800950355403,
            "rewardsAvailableUSD": 659.0905786668158,
            "maxRewardPerVote": 0.0007842,
            "maxRewardPerVoteUSD": 0.00141532416,
            "totalVotes": 324862.2078521768
        },
        {
            "id": 93,
            "manager": "0xF98bb4943eb8a3eB6234a9f6B1Fa758714381753",
            "bountyChainId": 1,
            "isEnded": false,
            "start": 1689811200,
            "end": 1730332800,
            "startClaimDate": 1690416000,
            "endClaimDate": 1730937600,
            "closableAt": 1731542400,
            "apr": 0.2744794086167286,
            "tokenPerVoteValue": 0.0006921564317820494,
            "tokenPerVoteValueUSD": 0.001301254091750253,
            "rewardsAvailable": 463.01140441246343,
            "rewardsAvailableUSD": 870.4614402954312,
            "maxRewardPerVote": 0.0007842,
            "maxRewardPerVoteUSD": 0.00141532416,
            "totalVotes": 642182.7896499689
        },
        {
            "id": 123,
            "manager": "0x12E9D6962CEc231E2b0F8b49cE80e5B6fBF1cEa9",
            "bountyChainId": 1,
            "isEnded": false,
            "start": 1695859200,
            "end": 1732752000,
            "startClaimDate": 1696464000,
            "endClaimDate": 1733356800,
            "closableAt": 1733961600,
            "apr": 0.1482834736676215,
            "tokenPerVoteValue": 0.0027557260472345657,
            "tokenPerVoteValueUSD": 0.0007029834326055651,
            "rewardsAvailable": 24717.798384362464,
            "rewardsAvailableUSD": 6305.489898797754,
            "maxRewardPerVote": 0.02,
            "maxRewardPerVoteUSD": 0.00489790410029026,
            "totalVotes": 8610829.248720368
        },
        {
            "id": 127,
            "manager": "0x8306300ffd616049FD7e4b0354a64Da835c1A81C",
            "bountyChainId": 1,
            "isEnded": false,
            "start": 1695859200,
            "end": 1730332800,
            "startClaimDate": 1696464000,
            "endClaimDate": 1730937600,
            "closableAt": 1731542400,
            "apr": 0.13674219345431232,
            "tokenPerVoteValue": 0.00034482363967618644,
            "tokenPerVoteValueUSD": 0.0006482684425912305,
            "rewardsAvailable": 546.5905863418192,
            "rewardsAvailableUSD": 1027.59030232262,
            "maxRewardPerVote": 0.00065,
            "maxRewardPerVoteUSD": 0.0011731199999999997,
            "totalVotes": 1521725.608432478
        },
        {
            "id": 133,
            "manager": "0x68841bC858B18E10AfF6c2eC67Dbc484B3b47D91",
            "bountyChainId": 1,
            "isEnded": false,
            "start": 1697068800,
            "end": 1732752000,
            "startClaimDate": 1697673600,
            "endClaimDate": 1733356800,
            "closableAt": 1733961600,
            "apr": 0.10142966584373832,
            "tokenPerVoteValue": 0.0018849866759556556,
            "tokenPerVoteValueUSD": 0.0004808585400601934,
            "rewardsAvailable": 2268.3083927999555,
            "rewardsAvailableUSD": 578.6435925946726,
            "maxRewardPerVote": 0.02,
            "maxRewardPerVoteUSD": 0.00489790410029026,
            "totalVotes": 1155220.9280121112
        },
        {
            "id": 136,
            "manager": "0x2234a7c690AF5de948B3a1CcbEa43705E4583D2d",
            "bountyChainId": 1,
            "isEnded": false,
            "start": 1697068800,
            "end": 1730332800,
            "startClaimDate": 1697673600,
            "endClaimDate": 1730937600,
            "closableAt": 1731542400,
            "apr": 0.14896580621607808,
            "tokenPerVoteValue": 0.000375648,
            "tokenPerVoteValueUSD": 0.00070621824,
            "rewardsAvailable": 16.401052729340527,
            "rewardsAvailableUSD": 30.83397913116019,
            "maxRewardPerVote": 0.0003913,
            "maxRewardPerVoteUSD": 0.00070621824,
            "totalVotes": 5806.109253903854
        },
        {
            "id": 172,
            "manager": "0x2234a7c690AF5de948B3a1CcbEa43705E4583D2d",
            "bountyChainId": 1,
            "isEnded": false,
            "start": 1706745600,
            "end": 1730332800,
            "startClaimDate": 1707350400,
            "endClaimDate": 1730937600,
            "closableAt": 1731542400,
            "apr": 0.08664609633217317,
            "tokenPerVoteValue": 0.00021849599999999996,
            "tokenPerVoteValueUSD": 0.00041077247999999993,
            "rewardsAvailable": 194.1628110373581,
            "rewardsAvailableUSD": 365.0260847502332,
            "maxRewardPerVote": 0.0002276,
            "maxRewardPerVoteUSD": 0.00041077247999999993,
            "totalVotes": 63292.346045022954
        },
        {
            "id": 236,
            "manager": "0x1c572Bf5306c086b43f6F91F032296A25B49D920",
            "bountyChainId": 1,
            "isEnded": false,
            "start": 1718841600,
            "end": 1730332800,
            "startClaimDate": 1719446400,
            "endClaimDate": 1730937600,
            "closableAt": 1731542400,
            "apr": 0.22705027207776926,
            "tokenPerVoteValue": 0.03411648385259708,
            "tokenPerVoteValueUSD": 0.001076401676406843,
            "rewardsAvailable": 10311.22563417441,
            "rewardsAvailableUSD": 325.3272115141973,
            "maxRewardPerVote": 0.045915862119317793,
            "maxRewardPerVoteUSD": 0.0013907340136674522,
            "totalVotes": 290146.4480213104
        },
        {
            "id": 244,
            "manager": "0xd3Ea7CF0a73D709029988Bf2cb65ACC568f79332",
            "bountyChainId": 1,
            "isEnded": false,
            "start": 1719446400,
            "end": 1730332800,
            "startClaimDate": 1720051200,
            "endClaimDate": 1730937600,
            "closableAt": 1731542400,
            "apr": 0.2933538130905458,
            "tokenPerVoteValue": 0.044079227634545075,
            "tokenPerVoteValueUSD": 0.0013907340136674522,
            "rewardsAvailable": 6370.045235756414,
            "rewardsAvailableUSD": 200.97989582339875,
            "maxRewardPerVote": 0.045915862119317793,
            "maxRewardPerVoteUSD": 0.0013907340136674522,
            "totalVotes": 119502.54960750457
        },
        {
            "id": 245,
            "manager": "0xf8AfC5e9AEdA712A05E32F27513cDAa2F67f457B",
            "bountyChainId": 1,
            "isEnded": false,
            "start": 1719446400,
            "end": 1730332800,
            "startClaimDate": 1720051200,
            "endClaimDate": 1730937600,
            "closableAt": 1731542400,
            "apr": 0.10157789664029146,
            "tokenPerVoteValue": 0.015263054471576597,
            "tokenPerVoteValueUSD": 0.00048156127376072945,
            "rewardsAvailable": 10095.68122657704,
            "rewardsAvailableUSD": 318.52661732986235,
            "maxRewardPerVote": 0.045915862119317793,
            "maxRewardPerVoteUSD": 0.0013907340136674522,
            "totalVotes": 634987.8391355069
        },
        {
            "id": 267,
            "manager": "0xFC08757c505eA28709dF66E54870fB6dE09f0C5E",
            "bountyChainId": 1,
            "isEnded": false,
            "start": 1729728000,
            "end": 1730332800,
            "startClaimDate": 1730332800,
            "endClaimDate": 1730937600,
            "closableAt": 1731542400,