{
    "0x0000000895cB182E6f983eb4D8b4E0Aa0B31Ae4c": [
        {
            "id": 92,
            "manager": "0xF98bb4943eb8a3eB6234a9f6B1Fa758714381753",
            "bountyChainId": 1,
            "isEnded": false,
            "start": 1689811200,
            "end": 1729123200,
            "startClaimDate": 1690416000,
            "endClaimDate": 1729728000,
            "closableAt": 1730332800,
            "apr": 0.07364016833133612,
            "tokenPerVoteValue": 0.00019206196924712949,
            "tokenPerVoteValueUSD": 0.0003764414597243738,
            "rewardsAvailable": 184.34303626835268,
            "rewardsAvailableUSD": 361.3123510859712,
            "maxRewardPerVote": 0.0007842,
            "maxRewardPerVoteUSD": 0.00147555072,
            "totalVotes": 921417.787765724
        },
        {
            "id": 93,
            "manager": "0xF98bb4943eb8a3eB6234a9f6B1Fa758714381753",
            "bountyChainId": 1,
            "isEnded": false,
            "start": 1689811200,
            "end": 1729123200,
            "startClaimDate": 1690416000,
            "endClaimDate": 1729728000,
            "closableAt": 1730332800,
            "apr": 0.06680607425362306,
            "tokenPerVoteValue": 0.00017423787138955878,
            "tokenPerVoteValueUSD": 0.0003415062279235352,
            "rewardsAvailable": 178.7699717737408,
            "rewardsAvailableUSD": 350.38914467653194,
            "maxRewardPerVote": 0.0007842,
            "maxRewardPerVoteUSD": 0.00147555072,
            "totalVotes": 984970.5551044482
        },
        {
            "id": 123,
            "manager": "0x12E9D6962CEc231E2b0F8b49cE80e5B6fBF1cEa9",
            "bountyChainId": 1,
            "isEnded": false,
            "start": 1695859200,
            "end": 1731542400,
            "startClaimDate": 1696464000,
            "endClaimDate": 1732147200,
            "closableAt": 1732752000,
            "apr": 0.11520278080388029,
            "tokenPerVoteValue": 0.0022341343379881752,
            "tokenPerVoteValueUSD": 0.0005889055382789742,
            "rewardsAvailable": 25406.38148905856,
            "rewardsAvailableUSD": 6696.982590585018,
            "maxRewardPerVote": 0.02,
            "maxRewardPerVoteUSD": 0.005061014524819567,
            "totalVotes": 10917036.551821401
        },
        {
            "id": 127,
            "manager": "0x8306300ffd616049FD7e4b0354a64Da835c1A81C",
            "bountyChainId": 1,
            "isEnded": false,
            "start": 1695859200,
            "end": 1729123200,
            "startClaimDate": 1696464000,
            "endClaimDate": 1729728000,
            "closableAt": 1730332800,
            "apr": 0.10641364605782502,
            "tokenPerVoteValue": 0.00027753894212563773,
            "tokenPerVoteValueUSD": 0.0005439763265662499,
            "rewardsAvailable": 521.3460626146107,
            "rewardsAvailableUSD": 1021.8382827246369,
            "maxRewardPerVote": 0.00065,
            "maxRewardPerVoteUSD": 0.0012230399999999999,
            "totalVotes": 1803322.5041387558
        },
        {
            "id": 133,
            "manager": "0x68841bC858B18E10AfF6c2eC67Dbc484B3b47D91",
            "bountyChainId": 1,
            "isEnded": false,
            "start": 1697068800,
            "end": 1731542400,
            "startClaimDate": 1697673600,
            "endClaimDate": 1732147200,
            "closableAt": 1732752000,
            "apr": 0.0830158827767439,
            "tokenPerVoteValue": 0.0016099319219183095,
            "tokenPerVoteValueUSD": 0.00042436921045829404,
            "rewardsAvailable": 1966.9457448831577,
            "rewardsAvailableUSD": 518.4760929367554,
            "maxRewardPerVote": 0.02,
            "maxRewardPerVoteUSD": 0.005061014524819567,
            "totalVotes": 1172886.8092992848
        },
        {
            "id": 136,
            "manager": "0x2234a7c690AF5de948B3a1CcbEa43705E4583D2d",
            "bountyChainId": 1,
            "isEnded": false,
            "start": 1697068800,
            "end": 1729123200,
            "startClaimDate": 1697673600,
            "endClaimDate": 1729728000,
            "closableAt": 1730332800,
            "apr": 0.14403050256001262,
            "tokenPerVoteValue": 0.000375648,
            "tokenPerVoteValueUSD": 0.00073627008,
            "rewardsAvailable": 6.054451965332893,
            "rewardsAvailableUSD": 11.86672585205247,
            "maxRewardPerVote": 0.0003913,
            "maxRewardPerVoteUSD": 0.00073627008,
            "totalVotes": 10587.678854578257
        },
        {
            "id": 172,
            "manager": "0x2234a7c690AF5de948B3a1CcbEa43705E4583D2d",
            "bountyChainId": 1,
            "isEnded": false,
            "start": 1706745600,
            "end": 1729123200,
            "startClaimDate": 1707350400,
            "endClaimDate": 1729728000,
            "closableAt": 1730332800,
            "apr": 0.08377547248315582,
            "tokenPerVoteValue": 0.000218496,
            "tokenPerVoteValueUSD": 0.00042825215999999996,
            "rewardsAvailable": 109.24222901950053,
            "rewardsAvailableUSD": 214.11476887822104,
            "maxRewardPerVote": 0.0002276,
            "maxRewardPerVoteUSD": 0.00042825215999999996,
            "totalVotes": 278020.2172123281
        },
        {
            "id": 236,
            "manager": "0x1c572Bf5306c086b43f6F91F032296A25B49D920",
            "bountyChainId": 1,
            "isEnded": false,
            "start": 1718841600,
            "end": 1729728000,
            "startClaimDate": 1719446400,
            "endClaimDate": 1730332800,
            "closableAt": 1730937600,
            "apr": 0.06580741771627796,
            "tokenPerVoteValue": 0.009967454531184453,
            "tokenPerVoteValueUSD": 0.00033640119172929407,
            "rewardsAvailable": 10924.503727764546,
            "rewardsAvailableUSD": 368.70156383190437,
            "maxRewardPerVote": 0.02355728805080312,
            "maxRewardPerVoteUSD": 0.0007632552282461599,
            "totalVotes": 1052176.7163163282
        },
        {
            "id": 244,
            "manager": "0xd3Ea7CF0a73D709029988Bf2cb65ACC568f79332",
            "bountyChainId": 1,
            "isEnded": false,
            "start": 1719446400,
            "end": 1729728000,
            "startClaimDate": 1720051200,
            "endClaimDate": 1730332800,
            "closableAt": 1730937600,
            "apr": 0.07378863871262684,
            "tokenPerVoteValue": 0.011176322165642084,
            "tokenPerVoteValueUSD": 0.00037720042603753376,
            "rewardsAvailable": 7595.708573665181,
            "rewardsAvailableUSD": 256.35486053285695,
            "maxRewardPerVote": 0.02355728805080312,
            "maxRewardPerVoteUSD": 0.0007632552282461599,
            "totalVotes": 652440.0534135507
        },
        {
            "id": 245,
            "manager": "0xf8AfC5e9AEdA712A05E32F27513cDAa2F67f457B",
            "bountyChainId": 1,
            "isEnded": false,
            "start": 1719446400,
            "end": 1729728000,
            "startClaimDate": 1720051200,
            "endClaimDate": 1730332800,
            "closableAt": 1730937600,
            "apr": 0.05769066887566084,
            "tokenPerVoteValue": 0.008738059307705213,
            "tokenPerVoteValueUSD": 0.00029490915211267867,
            "rewardsAvailable": 12377.108698825894,
            "rewardsAvailableUSD": 417.726923501026,
            "maxRewardPerVote": 0.02355728805080312,
            "maxRewardPerVoteUSD": 0.0007632552282461599,
            "totalVotes": 1359801.293680314
        },
        {
            "id": 266,
            "manager": "0xFC08757c505eA28709dF66E54870fB6dE09f0C5E",
            "bountyChainId": 1,
            "isEnded": false,
            "start": 1728518400,
            "end": 1729123200,
            "startClaimDate": 1729123200,
            "endClaimDate": 1729728000,