{
    "0x0000000895cB182E6f983eb4D8b4E0Aa0B31Ae4c": [
        {
            "id": 92,
            "manager": "0xF98bb4943eb8a3eB6234a9f6B1Fa758714381753",
            "bountyChainId": 1,
            "isEnded": false,
            "start": 1689811200,
            "end": 1729123200,
            "startClaimDate": 1690416000,
            "endClaimDate": 1729728000,
            "closableAt": 1730332800,
            "apr": 0.15114008339053794,
            "tokenPerVoteValue": 0.0003818429555246774,
            "tokenPerVoteValueUSD": 0.0007407753337178741,
            "rewardsAvailable": 368.68607253670535,
            "rewardsAvailableUSD": 715.2509807212084,
            "maxRewardPerVote": 0.0007842,
            "maxRewardPerVoteUSD": 0.0014604940799999998,
            "totalVotes": 926921.9832768738
        },
        {
            "id": 93,
            "manager": "0xF98bb4943eb8a3eB6234a9f6B1Fa758714381753",
            "bountyChainId": 1,
            "isEnded": false,
            "start": 1689811200,
            "end": 1729123200,
            "startClaimDate": 1690416000,
            "endClaimDate": 1729728000,
            "closableAt": 1730332800,
            "apr": 0.06896638010624719,
            "tokenPerVoteValue": 0.00017423787138955878,
            "tokenPerVoteValueUSD": 0.000338021470495744,
            "rewardsAvailable": 178.7699717737408,
            "rewardsAvailableUSD": 346.8137452410571,
            "maxRewardPerVote": 0.0007842,
            "maxRewardPerVoteUSD": 0.0014604940799999998,
            "totalVotes": 984970.5551044482
        },
        {
            "id": 123,
            "manager": "0x12E9D6962CEc231E2b0F8b49cE80e5B6fBF1cEa9",
            "bountyChainId": 1,
            "isEnded": false,
            "start": 1695859200,
            "end": 1731542400,
            "startClaimDate": 1696464000,
            "endClaimDate": 1732147200,
            "closableAt": 1732752000,
            "apr": 0.12755348266290528,
            "tokenPerVoteValue": 0.0022341343379881752,
            "tokenPerVoteValueUSD": 0.0006251715069015646,
            "rewardsAvailable": 25406.38148905856,
            "rewardsAvailableUSD": 7109.396033335048,
            "maxRewardPerVote": 0.02,
            "maxRewardPerVoteUSD": 0.005372681816134178,
            "totalVotes": 10917036.551821401
        },
        {
            "id": 127,
            "manager": "0x8306300ffd616049FD7e4b0354a64Da835c1A81C",
            "bountyChainId": 1,
            "isEnded": false,
            "start": 1695859200,
            "end": 1729123200,
            "startClaimDate": 1696464000,
            "endClaimDate": 1729728000,
            "closableAt": 1730332800,
            "apr": 0.10985474067303995,
            "tokenPerVoteValue": 0.00027753894212563773,
            "tokenPerVoteValueUSD": 0.0005384255477237372,
            "rewardsAvailable": 521.3460626146107,
            "rewardsAvailableUSD": 1011.4113614723447,
            "maxRewardPerVote": 0.00065,
            "maxRewardPerVoteUSD": 0.0012105599999999998,
            "totalVotes": 1803322.5041387558
        },
        {
            "id": 133,
            "manager": "0x68841bC858B18E10AfF6c2eC67Dbc484B3b47D91",
            "bountyChainId": 1,
            "isEnded": false,
            "start": 1697068800,
            "end": 1731542400,
            "startClaimDate": 1697673600,
            "endClaimDate": 1732147200,
            "closableAt": 1732752000,
            "apr": 0.1092678635268793,
            "tokenPerVoteValue": 0.0019138566885637904,
            "tokenPerVoteValueUSD": 0.0005355491161111172,
            "rewardsAvailable": 2360.334893859789,
            "rewardsAvailableUSD": 660.4858523035149,
            "maxRewardPerVote": 0.02,
            "maxRewardPerVoteUSD": 0.005372681816134178,
            "totalVotes": 1183955.6805090804
        },
        {
            "id": 136,
            "manager": "0x2234a7c690AF5de948B3a1CcbEa43705E4583D2d",
            "bountyChainId": 1,
            "isEnded": false,
            "start": 1697068800,
            "end": 1729123200,
            "startClaimDate": 1697673600,
            "endClaimDate": 1729728000,
            "closableAt": 1730332800,
            "apr": 0.14868801224177505,
            "tokenPerVoteValue": 0.000375648,
            "tokenPerVoteValueUSD": 0.00072875712,
            "rewardsAvailable": 12.108903930665786,
            "rewardsAvailableUSD": 23.491273625491623,
            "maxRewardPerVote": 0.0003913,
            "maxRewardPerVoteUSD": 0.00072875712,
            "totalVotes": 10644.895703985821
        },
        {
            "id": 172,
            "manager": "0x2234a7c690AF5de948B3a1CcbEa43705E4583D2d",
            "bountyChainId": 1,
            "isEnded": false,
            "start": 1706745600,
            "end": 1729123200,
            "startClaimDate": 1707350400,
            "endClaimDate": 1729728000,
            "closableAt": 1730332800,
            "apr": 0.08648451721499617,
            "tokenPerVoteValue": 0.000218496,
            "tokenPerVoteValueUSD": 0.00042388223999999995,
            "rewardsAvailable": 109.24222901950053,
            "rewardsAvailableUSD": 211.929924297831,
            "maxRewardPerVote": 0.0002276,
            "maxRewardPerVoteUSD": 0.00042388223999999995,
            "totalVotes": 278020.2172123281
        },
        {
            "id": 236,
            "manager": "0x1c572Bf5306c086b43f6F91F032296A25B49D920",
            "bountyChainId": 1,
            "isEnded": false,
            "start": 1718841600,
            "end": 1729123200,
            "startClaimDate": 1719446400,
            "endClaimDate": 1729728000,
            "closableAt": 1730332800,
            "apr": 0.09313689295902634,
            "tokenPerVoteValue": 0.009871784235354866,
            "tokenPerVoteValueUSD": 0.0004564871966154279,
            "rewardsAvailable": 10819.647417644768,
            "rewardsAvailableUSD": 500.3179162242365,
            "maxRewardPerVote": 0.015997419447616276,
            "maxRewardPerVoteUSD": 0.0007101565738589638,
            "totalVotes": 1052176.7163163282
        },
        {
            "id": 244,
            "manager": "0xd3Ea7CF0a73D709029988Bf2cb65ACC568f79332",
            "bountyChainId": 1,
            "isEnded": false,
            "start": 1719446400,
            "end": 1729123200,
            "startClaimDate": 1720051200,
            "endClaimDate": 1729728000,
            "closableAt": 1730332800,
            "apr": 0.10616348350590504,
            "tokenPerVoteValue": 0.011252501232835905,
            "tokenPerVoteValueUSD": 0.0005203337735333171,
            "rewardsAvailable": 7647.4817764453155,
            "rewardsAvailableUSD": 353.6318697884915,
            "maxRewardPerVote": 0.015997419447616276,
            "maxRewardPerVoteUSD": 0.0007101565738589638,
            "totalVotes": 652440.0534135507
        },
        {
            "id": 245,
            "manager": "0xf8AfC5e9AEdA712A05E32F27513cDAa2F67f457B",
            "bountyChainId": 1,
            "isEnded": false,
            "start": 1719446400,
            "end": 1729123200,
            "startClaimDate": 1720051200,
            "endClaimDate": 1729728000,
            "closableAt": 1730332800,
            "apr": 0.07624746611602985,
            "tokenPerVoteValue": 0.008081636718556974,
            "tokenPerVoteValueUSD": 0.00037370789330119135,
            "rewardsAvailable": 11447.312567654273,
            "rewardsAvailableUSD": 529.3421633015676,
            "maxRewardPerVote": 0.015997419447616276,
            "maxRewardPerVoteUSD": 0.0007101565738589638,
            "totalVotes": 1359801.293680314
        },
        {
            "id": 266,
            "manager": "0xFC08757c505eA28709dF66E54870fB6dE09f0C5E",
            "bountyChainId": 1,
            "isEnded": false,
            "start": 1728518400,
            "end": 1729123200,
            "startClaimDate": 1729123200,
            "endClaimDate": 1729728000,