{
    "0x0000000895cB182E6f983eb4D8b4E0Aa0B31Ae4c": [
        {
            "id": 92,
            "manager": "0xF98bb4943eb8a3eB6234a9f6B1Fa758714381753",
            "bountyChainId": 1,
            "isEnded": false,
            "start": 1689811200,
            "end": 1729123200,
            "startClaimDate": 1690416000,
            "endClaimDate": 1729728000,
            "closableAt": 1730332800,
            "apr": 0.15364724667092178,
            "tokenPerVoteValue": 0.0003818429555246774,
            "tokenPerVoteValueUSD": 0.0007636859110493548,
            "rewardsAvailable": 368.68607253670535,
            "rewardsAvailableUSD": 737.3721450734107,
            "maxRewardPerVote": 0.0007842,
            "maxRewardPerVoteUSD": 0.0015056639999999999,
            "totalVotes": 926921.9832768738
        },
        {
            "id": 93,
            "manager": "0xF98bb4943eb8a3eB6234a9f6B1Fa758714381753",
            "bountyChainId": 1,
            "isEnded": false,
            "start": 1689811200,
            "end": 1729123200,
            "startClaimDate": 1690416000,
            "endClaimDate": 1729728000,
            "closableAt": 1730332800,
            "apr": 0.13928956506029194,
            "tokenPerVoteValue": 0.00034616135562964476,
            "tokenPerVoteValueUSD": 0.0006923227112592895,
            "rewardsAvailable": 357.53994354748164,
            "rewardsAvailableUSD": 715.0798870949633,
            "maxRewardPerVote": 0.0007842,
            "maxRewardPerVoteUSD": 0.0015056639999999999,
            "totalVotes": 991555.9325830995
        },
        {
            "id": 123,
            "manager": "0x12E9D6962CEc231E2b0F8b49cE80e5B6fBF1cEa9",
            "bountyChainId": 1,
            "isEnded": false,
            "start": 1695859200,
            "end": 1731542400,
            "startClaimDate": 1696464000,
            "endClaimDate": 1732147200,
            "closableAt": 1732752000,
            "apr": 0.1257793018605639,
            "tokenPerVoteValue": 0.0022341343379881752,
            "tokenPerVoteValueUSD": 0.0006251715069015646,
            "rewardsAvailable": 25406.38148905856,
            "rewardsAvailableUSD": 7109.396033335048,
            "maxRewardPerVote": 0.02,
            "maxRewardPerVoteUSD": 0.005372681816134178,
            "totalVotes": 10917036.551821401
        },
        {
            "id": 127,
            "manager": "0x8306300ffd616049FD7e4b0354a64Da835c1A81C",
            "bountyChainId": 1,
            "isEnded": false,
            "start": 1695859200,
            "end": 1729123200,
            "startClaimDate": 1696464000,
            "endClaimDate": 1729728000,
            "closableAt": 1730332800,
            "apr": 0.22087259313523677,
            "tokenPerVoteValue": 0.0005489108694397433,
            "tokenPerVoteValueUSD": 0.0010978217388794866,
            "rewardsAvailable": 1042.6921252292213,
            "rewardsAvailableUSD": 2085.3842504584427,
            "maxRewardPerVote": 0.00065,
            "maxRewardPerVoteUSD": 0.001248,
            "totalVotes": 1823582.8363933237
        },
        {
            "id": 133,
            "manager": "0x68841bC858B18E10AfF6c2eC67Dbc484B3b47D91",
            "bountyChainId": 1,
            "isEnded": false,
            "start": 1697068800,
            "end": 1731542400,
            "startClaimDate": 1697673600,
            "endClaimDate": 1732147200,
            "closableAt": 1732752000,
            "apr": 0.10774802305106436,
            "tokenPerVoteValue": 0.0019138566885637904,
            "tokenPerVoteValueUSD": 0.0005355491161111172,
            "rewardsAvailable": 2360.334893859789,
            "rewardsAvailableUSD": 660.4858523035149,
            "maxRewardPerVote": 0.02,
            "maxRewardPerVoteUSD": 0.005372681816134178,
            "totalVotes": 1183955.6805090804
        },
        {
            "id": 136,
            "manager": "0x2234a7c690AF5de948B3a1CcbEa43705E4583D2d",
            "bountyChainId": 1,
            "isEnded": false,
            "start": 1697068800,
            "end": 1729123200,
            "startClaimDate": 1697673600,
            "endClaimDate": 1729728000,
            "closableAt": 1730332800,
            "apr": 0.15115449972916506,
            "tokenPerVoteValue": 0.000375648,
            "tokenPerVoteValueUSD": 0.000751296,
            "rewardsAvailable": 12.108903930665786,
            "rewardsAvailableUSD": 24.217807861331572,
            "maxRewardPerVote": 0.0003913,
            "maxRewardPerVoteUSD": 0.000751296,
            "totalVotes": 10644.895703985821
        },
        {
            "id": 172,
            "manager": "0x2234a7c690AF5de948B3a1CcbEa43705E4583D2d",
            "bountyChainId": 1,
            "isEnded": false,
            "start": 1706745600,
            "end": 1729123200,
            "startClaimDate": 1707350400,
            "endClaimDate": 1729728000,
            "closableAt": 1730332800,
            "apr": 0.08791915189971368,
            "tokenPerVoteValue": 0.000218496,
            "tokenPerVoteValueUSD": 0.000436992,
            "rewardsAvailable": 218.48445803900105,
            "rewardsAvailableUSD": 436.9689160780021,
            "maxRewardPerVote": 0.0002276,
            "maxRewardPerVoteUSD": 0.000436992,
            "totalVotes": 279376.41339385166
        },
        {
            "id": 236,
            "manager": "0x1c572Bf5306c086b43f6F91F032296A25B49D920",
            "bountyChainId": 1,
            "isEnded": false,
            "start": 1718841600,
            "end": 1729123200,
            "startClaimDate": 1719446400,
            "endClaimDate": 1729728000,
            "closableAt": 1730332800,
            "apr": 0.16971375717449902,
            "tokenPerVoteValue": 0.015357522669711623,
            "tokenPerVoteValueUSD": 0.0008435426476792503,
            "rewardsAvailable": 21639.294835289536,
            "rewardsAvailableUSD": 1188.5815474179483,
            "maxRewardPerVote": 0.015997419447616276,
            "maxRewardPerVoteUSD": 0.0008435426476792503,
            "totalVotes": 1058612.7082204034
        },
        {
            "id": 244,
            "manager": "0xd3Ea7CF0a73D709029988Bf2cb65ACC568f79332",
            "bountyChainId": 1,
            "isEnded": false,
            "start": 1719446400,
            "end": 1729123200,
            "startClaimDate": 1720051200,
            "endClaimDate": 1729728000,
            "closableAt": 1730332800,
            "apr": 0.16971375717449902,
            "tokenPerVoteValue": 0.015357522669711623,
            "tokenPerVoteValueUSD": 0.0008435426476792503,
            "rewardsAvailable": 15294.96355289063,
            "rewardsAvailableUSD": 840.1064630696235,
            "maxRewardPerVote": 0.015997419447616276,
            "maxRewardPerVoteUSD": 0.0008435426476792503,
            "totalVotes": 652440.0534135507
        },
        {
            "id": 245,
            "manager": "0xf8AfC5e9AEdA712A05E32F27513cDAa2F67f457B",
            "bountyChainId": 1,
            "isEnded": false,
            "start": 1719446400,
            "end": 1729123200,
            "startClaimDate": 1720051200,
            "endClaimDate": 1729728000,
            "closableAt": 1730332800,
            "apr": 0.16971375717449902,
            "tokenPerVoteValue": 0.015357522669711623,
            "tokenPerVoteValueUSD": 0.0008435426476792503,
            "rewardsAvailable": 22894.625135308546,
            "rewardsAvailableUSD": 1257.5330748070924,
            "maxRewardPerVote": 0.015997419447616276,
            "maxRewardPerVoteUSD": 0.0008435426476792503,
            "totalVotes": 1359801.293680314
        },
        {
            "id": 266,
            "manager": "0xFC08757c505eA28709dF66E54870fB6dE09f0C5E",
            "bountyChainId": 1,
            "isEnded": false,
            "start": 1728518400,
            "end": 1729123200,
            "startClaimDate": 1729123200,
            "endClaimDate": 1729728000,
            "closableAt": 1730332800,