{
    "0x0000000895cB182E6f983eb4D8b4E0Aa0B31Ae4c": [
        {
            "id": 92,
            "manager": "0xF98bb4943eb8a3eB6234a9f6B1Fa758714381753",
            "bountyChainId": 1,
            "isEnded": false,
            "start": 1689811200,
            "end": 1725494400,
            "startClaimDate": 1690416000,
            "endClaimDate": 1726099200,
            "closableAt": 1726704000,
            "apr": 0.13336127414872517,
            "tokenPerVoteValue": 0.0003809816268297459,
            "tokenPerVoteValueUSD": 0.0006705276632203527,
            "rewardsAvailable": 267.5655146871162,
            "rewardsAvailableUSD": 470.9153058493245,
            "maxRewardPerVote": 0.0007842,
            "maxRewardPerVoteUSD": 0.0013249843199999998,
            "totalVotes": 674213.337365004
        },
        {
            "id": 93,
            "manager": "0xF98bb4943eb8a3eB6234a9f6B1Fa758714381753",
            "bountyChainId": 1,
            "isEnded": false,
            "start": 1689811200,
            "end": 1725494400,
            "startClaimDate": 1690416000,
            "endClaimDate": 1726099200,
            "closableAt": 1726704000,
            "apr": 0.18104208598015728,
            "tokenPerVoteValue": 0.000517194432054175,
            "tokenPerVoteValueUSD": 0.000910262200415348,
            "rewardsAvailable": 193.873014475867,
            "rewardsAvailableUSD": 341.2165054775259,
            "maxRewardPerVote": 0.0007842,
            "maxRewardPerVoteUSD": 0.0013249843199999998,
            "totalVotes": 359860.97753917205
        },
        {
            "id": 123,
            "manager": "0x12E9D6962CEc231E2b0F8b49cE80e5B6fBF1cEa9",
            "bountyChainId": 1,
            "isEnded": false,
            "start": 1695859200,
            "end": 1727913600,
            "startClaimDate": 1696464000,
            "endClaimDate": 1728518400,
            "closableAt": 1729123200,
            "apr": 0.1274084225225863,
            "tokenPerVoteValue": 0.0025573593397402792,
            "tokenPerVoteValueUSD": 0.0006405972976337058,
            "rewardsAvailable": 33472.1522089383,
            "rewardsAvailableUSD": 8384.496428729324,
            "maxRewardPerVote": 0.02,
            "maxRewardPerVoteUSD": 0.004809440708405203,
            "totalVotes": 12565017.993851487
        },
        {
            "id": 124,
            "manager": "0xfCBa6dC55c4b36943cF6C69f2c23b345350d520E",
            "bountyChainId": 1,
            "isEnded": false,
            "start": 1695859200,
            "end": 1726704000,
            "startClaimDate": 1696464000,
            "endClaimDate": 1727308800,
            "closableAt": 1727913600,
            "apr": 0.1425547552399651,
            "tokenPerVoteValue": 0.0028613786084093966,
            "tokenPerVoteValueUSD": 0.0007167516021585408,
            "rewardsAvailable": 5678.32150872631,
            "rewardsAvailableUSD": 1422.3724280979775,
            "maxRewardPerVote": 0.02,
            "maxRewardPerVoteUSD": 0.004809440708405203,
            "totalVotes": 1905091.7038229704
        },
        {
            "id": 125,
            "manager": "0xF78f606db249B27cb835Bec41f9957fCe2308f5e",
            "bountyChainId": 1,
            "isEnded": false,
            "start": 1695859200,
            "end": 1726704000,
            "startClaimDate": 1696464000,
            "endClaimDate": 1727308800,
            "closableAt": 1727913600,
            "apr": 0.18112730352352038,
            "tokenPerVoteValue": 0.003635612090446629,
            "tokenPerVoteValueUSD": 0.0009106906660293831,
            "rewardsAvailable": 1191.2180152225608,
            "rewardsAvailableUSD": 298.3902299477621,
            "maxRewardPerVote": 0.02,
            "maxRewardPerVoteUSD": 0.004809440708405203,
            "totalVotes": 314546.56497007434
        },
        {
            "id": 127,
            "manager": "0x8306300ffd616049FD7e4b0354a64Da835c1A81C",
            "bountyChainId": 1,
            "isEnded": false,
            "start": 1695859200,
            "end": 1725494400,
            "startClaimDate": 1696464000,
            "endClaimDate": 1726099200,
            "closableAt": 1726704000,
            "apr": 0.13339385472304197,
            "tokenPerVoteValue": 0.000381074701826858,
            "tokenPerVoteValueUSD": 0.0006706914752152701,
            "rewardsAvailable": 519.1946284591232,
            "rewardsAvailableUSD": 913.7825460880568,
            "maxRewardPerVote": 0.00065,
            "maxRewardPerVoteUSD": 0.0010982400000000001,
            "totalVotes": 1307950.4908914668
        },
        {
            "id": 133,
            "manager": "0x68841bC858B18E10AfF6c2eC67Dbc484B3b47D91",
            "bountyChainId": 1,
            "isEnded": false,
            "start": 1697068800,
            "end": 1727913600,
            "startClaimDate": 1697673600,
            "endClaimDate": 1728518400,
            "closableAt": 1729123200,
            "apr": 0.10195618389976896,
            "tokenPerVoteValue": 0.002046478513570242,
            "tokenPerVoteValueUSD": 0.0005126258891688173,
            "rewardsAvailable": 2249.408665070802,
            "rewardsAvailableUSD": 563.4582085224438,
            "maxRewardPerVote": 0.02,
            "maxRewardPerVoteUSD": 0.004809440708405203,
            "totalVotes": 1055194.2295747201
        },
        {
            "id": 136,
            "manager": "0x2234a7c690AF5de948B3a1CcbEa43705E4583D2d",
            "bountyChainId": 1,
            "isEnded": false,
            "start": 1697068800,
            "end": 1725494400,
            "startClaimDate": 1697673600,
            "endClaimDate": 1726099200,
            "closableAt": 1726704000,
            "apr": 0.13149425689708588,
            "tokenPerVoteValue": 0.00037564799999999997,
            "tokenPerVoteValueUSD": 0.00066114048,
            "rewardsAvailable": 15.915050711498825,
            "rewardsAvailableUSD": 28.01048925223793,
            "maxRewardPerVote": 0.0003913,
            "maxRewardPerVoteUSD": 0.00066114048,
            "totalVotes": 34720.74525188354
        },
        {
            "id": 172,
            "manager": "0x2234a7c690AF5de948B3a1CcbEa43705E4583D2d",
            "bountyChainId": 1,
            "isEnded": false,
            "start": 1706745600,
            "end": 1725494400,
            "startClaimDate": 1707350400,
            "endClaimDate": 1726099200,
            "closableAt": 1726704000,
            "apr": 0.07648375382002746,
            "tokenPerVoteValue": 0.000218496,
            "tokenPerVoteValueUSD": 0.00038455296,
            "rewardsAvailable": 464.9316092396159,
            "rewardsAvailableUSD": 818.279632261724,
            "maxRewardPerVote": 0.0002276,
            "maxRewardPerVoteUSD": 0.00038455296,
            "totalVotes": 168272.82003053933
        },
        {
            "id": 192,
            "manager": "0x2927D7D70943290529Adc517E8E2Dc1eEE7818b6",
            "bountyChainId": 1,
            "isEnded": false,
            "start": 1710979200,
            "end": 1725494400,
            "startClaimDate": 1711584000,
            "endClaimDate": 1726099200,
            "closableAt": 1726704000,
            "apr": 0.004821909557425712,
            "tokenPerVoteValue": 0.0144,
            "tokenPerVoteValueUSD": 2.4244097609586724e-05,
            "rewardsAvailable": 51187.41774293002,
            "rewardsAvailableUSD": 86.18005223210325,
            "maxRewardPerVote": 0.015,
            "maxRewardPerVoteUSD": 2.4244097609586724e-05,
            "totalVotes": 255110.27963259185
        },
        {
            "id": 236,
            "manager": "0x1c572Bf5306c086b43f6F91F032296A25B49D920",
            "bountyChainId": 1,
            "isEnded": false,
            "start": 1718841600,
            "end": 1726099200,
            "startClaimDate": 1719446400,
            "endClaimDate": 1726704000,
            "closableAt": 1727308800,
            "apr": 0.11406932132641573,