{
    "0x0000000895cB182E6f983eb4D8b4E0Aa0B31Ae4c": [
        {
            "id": 92,
            "manager": "0xF98bb4943eb8a3eB6234a9f6B1Fa758714381753",
            "bountyChainId": 1,
            "isEnded": false,
            "start": 1689811200,
            "end": 1725494400,
            "startClaimDate": 1690416000,
            "endClaimDate": 1726099200,
            "closableAt": 1726704000,
            "apr": 0.12363786490373208,
            "tokenPerVoteValue": 0.0003809816268297459,
            "tokenPerVoteValueUSD": 0.0006857669282935426,
            "rewardsAvailable": 267.5655146871162,
            "rewardsAvailableUSD": 481.61792643680917,
            "maxRewardPerVote": 0.0007842,
            "maxRewardPerVoteUSD": 0.0013550976,
            "totalVotes": 674213.337365004
        },
        {
            "id": 93,
            "manager": "0xF98bb4943eb8a3eB6234a9f6B1Fa758714381753",
            "bountyChainId": 1,
            "isEnded": false,
            "start": 1689811200,
            "end": 1725494400,
            "startClaimDate": 1690416000,
            "endClaimDate": 1726099200,
            "closableAt": 1726704000,
            "apr": 0.2443124144482737,
            "tokenPerVoteValue": 0.0007528319999999999,
            "tokenPerVoteValueUSD": 0.0013550976,
            "rewardsAvailable": 387.746028951734,
            "rewardsAvailableUSD": 697.9428521131211,
            "maxRewardPerVote": 0.0007842,
            "maxRewardPerVoteUSD": 0.0013550976,
            "totalVotes": 361784.0678773405
        },
        {
            "id": 123,
            "manager": "0x12E9D6962CEc231E2b0F8b49cE80e5B6fBF1cEa9",
            "bountyChainId": 1,
            "isEnded": false,
            "start": 1695859200,
            "end": 1727913600,
            "startClaimDate": 1696464000,
            "endClaimDate": 1728518400,
            "closableAt": 1729123200,
            "apr": 0.1233181083171055,
            "tokenPerVoteValue": 0.002550186060733723,
            "tokenPerVoteValueUSD": 0.0006839933737891578,
            "rewardsAvailable": 33472.1522089383,
            "rewardsAvailableUSD": 8977.67055898219,
            "maxRewardPerVote": 0.02,
            "maxRewardPerVoteUSD": 0.0051496920083444345,
            "totalVotes": 12600361.4463078
        },
        {
            "id": 124,
            "manager": "0xfCBa6dC55c4b36943cF6C69f2c23b345350d520E",
            "bountyChainId": 1,
            "isEnded": false,
            "start": 1695859200,
            "end": 1726704000,
            "startClaimDate": 1696464000,
            "endClaimDate": 1727308800,
            "closableAt": 1727913600,
            "apr": 0.13836629515046284,
            "tokenPerVoteValue": 0.0028613786084093966,
            "tokenPerVoteValueUSD": 0.0007674592996132077,
            "rewardsAvailable": 5678.32150872631,
            "rewardsAvailableUSD": 1523.0003590780307,
            "maxRewardPerVote": 0.02,
            "maxRewardPerVoteUSD": 0.0051496920083444345,
            "totalVotes": 1905091.7038229704
        },
        {
            "id": 125,
            "manager": "0xF78f606db249B27cb835Bec41f9957fCe2308f5e",
            "bountyChainId": 1,
            "isEnded": false,
            "start": 1695859200,
            "end": 1726704000,
            "startClaimDate": 1696464000,
            "endClaimDate": 1727308800,
            "closableAt": 1727913600,
            "apr": 0.16449292110252853,
            "tokenPerVoteValue": 0.003401670364634138,
            "tokenPerVoteValueUSD": 0.0009123726401967978,
            "rewardsAvailable": 1122.0970001281396,
            "rewardsAvailableUSD": 300.96114344516377,
            "maxRewardPerVote": 0.02,
            "maxRewardPerVoteUSD": 0.0051496920083444345,
            "totalVotes": 316671.8125666689
        },
        {
            "id": 127,
            "manager": "0x8306300ffd616049FD7e4b0354a64Da835c1A81C",
            "bountyChainId": 1,
            "isEnded": false,
            "start": 1695859200,
            "end": 1725494400,
            "startClaimDate": 1696464000,
            "endClaimDate": 1726099200,
            "closableAt": 1726704000,
            "apr": 0.12366807001890946,
            "tokenPerVoteValue": 0.00038107470182685793,
            "tokenPerVoteValueUSD": 0.0006859344632883443,
            "rewardsAvailable": 519.1946284591232,
            "rewardsAvailableUSD": 934.5503312264218,
            "maxRewardPerVote": 0.00065,
            "maxRewardPerVoteUSD": 0.0011232,
            "totalVotes": 1307950.4908914668
        },
        {
            "id": 133,
            "manager": "0x68841bC858B18E10AfF6c2eC67Dbc484B3b47D91",
            "bountyChainId": 1,
            "isEnded": false,
            "start": 1697068800,
            "end": 1727913600,
            "startClaimDate": 1697673600,
            "endClaimDate": 1728518400,
            "closableAt": 1729123200,
            "apr": 0.11761827263223605,
            "tokenPerVoteValue": 0.0024323149572081228,
            "tokenPerVoteValueUSD": 0.0006523787967141304,
            "rewardsAvailable": 2699.290398084962,
            "rewardsAvailableUSD": 723.9851141259893,
            "maxRewardPerVote": 0.02,
            "maxRewardPerVoteUSD": 0.0051496920083444345,
            "totalVotes": 1065371.3962832962
        },
        {
            "id": 136,
            "manager": "0x2234a7c690AF5de948B3a1CcbEa43705E4583D2d",
            "bountyChainId": 1,
            "isEnded": false,
            "start": 1697068800,
            "end": 1725494400,
            "startClaimDate": 1697673600,
            "endClaimDate": 1726099200,
            "closableAt": 1726704000,
            "apr": 0.12190697242235336,
            "tokenPerVoteValue": 0.00037564799999999997,
            "tokenPerVoteValueUSD": 0.0006761664,
            "rewardsAvailable": 31.83010142299765,
            "rewardsAvailableUSD": 57.29418256139577,
            "maxRewardPerVote": 0.0003913,
            "maxRewardPerVoteUSD": 0.0006761664,
            "totalVotes": 47471.1385033219
        },
        {
            "id": 172,
            "manager": "0x2234a7c690AF5de948B3a1CcbEa43705E4583D2d",
            "bountyChainId": 1,
            "isEnded": false,
            "start": 1706745600,
            "end": 1725494400,
            "startClaimDate": 1707350400,
            "endClaimDate": 1726099200,
            "closableAt": 1726704000,
            "apr": 0.07090730110740512,
            "tokenPerVoteValue": 0.000218496,
            "tokenPerVoteValueUSD": 0.0003932928,
            "rewardsAvailable": 929.8632184792318,
            "rewardsAvailableUSD": 1673.7537932626174,
            "maxRewardPerVote": 0.0002276,
            "maxRewardPerVoteUSD": 0.0003932928,
            "totalVotes": 169641.0008689725
        },
        {
            "id": 192,
            "manager": "0x2927D7D70943290529Adc517E8E2Dc1eEE7818b6",
            "bountyChainId": 1,
            "isEnded": false,
            "start": 1710979200,
            "end": 1725494400,
            "startClaimDate": 1711584000,
            "endClaimDate": 1726099200,
            "closableAt": 1726704000,
            "apr": 0.00280643805112247,
            "tokenPerVoteValue": 0.0144,
            "tokenPerVoteValueUSD": 1.5566124530400867e-05,
            "rewardsAvailable": 16690.035897516733,
            "rewardsAvailableUSD": 18.04160952761155,
            "maxRewardPerVote": 0.015,
            "maxRewardPerVoteUSD": 1.5566124530400867e-05,
            "totalVotes": 185451.45154869114
        },
        {
            "id": 236,
            "manager": "0x1c572Bf5306c086b43f6F91F032296A25B49D920",
            "bountyChainId": 1,
            "isEnded": false,
            "start": 1718841600,
            "end": 1725494400,
            "startClaimDate": 1719446400,
            "endClaimDate": 1726099200,
            "closableAt": 1726704000,
            "apr": 0.1132077905249622,