{
    "0x0000000895cB182E6f983eb4D8b4E0Aa0B31Ae4c": [
        {
            "id": 92,
            "manager": "0xF98bb4943eb8a3eB6234a9f6B1Fa758714381753",
            "bountyChainId": 1,
            "isEnded": false,
            "start": 1689811200,
            "end": 1731542400,
            "startClaimDate": 1690416000,
            "endClaimDate": 1732147200,
            "closableAt": 1732752000,
            "apr": 0.13938432509208054,
            "tokenPerVoteValue": 0.0003703110297451327,
            "tokenPerVoteValueUSD": 0.0007887624933571326,
            "rewardsAvailable": 112.86369010870274,
            "rewardsAvailableUSD": 240.39965993153683,
            "maxRewardPerVote": 0.0007842,
            "maxRewardPerVoteUSD": 0.0016035321599999998,
            "totalVotes": 292589.56337035424
        },
        {
            "id": 93,
            "manager": "0xF98bb4943eb8a3eB6234a9f6B1Fa758714381753",
            "bountyChainId": 1,
            "isEnded": false,
            "start": 1689811200,
            "end": 1731542400,
            "startClaimDate": 1690416000,
            "endClaimDate": 1732147200,
            "closableAt": 1732752000,
            "apr": 0.14858947714410964,
            "tokenPerVoteValue": 0.00039476693131868125,
            "tokenPerVoteValueUSD": 0.000840853563708791,
            "rewardsAvailable": 230.16053999970907,
            "rewardsAvailableUSD": 490.2419501993803,
            "maxRewardPerVote": 0.0007842,
            "maxRewardPerVoteUSD": 0.0016035321599999998,
            "totalVotes": 559707.768990793
        },
        {
            "id": 123,
            "manager": "0x12E9D6962CEc231E2b0F8b49cE80e5B6fBF1cEa9",
            "bountyChainId": 1,
            "isEnded": false,
            "start": 1695859200,
            "end": 1732752000,
            "startClaimDate": 1696464000,
            "endClaimDate": 1733356800,
            "closableAt": 1733961600,
            "apr": 0.14064137568203214,
            "tokenPerVoteValue": 0.002849422782155851,
            "tokenPerVoteValueUSD": 0.0007958760217754197,
            "rewardsAvailable": 26240.996437764443,
            "rewardsAvailableUSD": 7329.407198923922,
            "maxRewardPerVote": 0.02,
            "maxRewardPerVoteUSD": 0.005362777231157923,
            "totalVotes": 8840863.047074497
        },
        {
            "id": 127,
            "manager": "0x8306300ffd616049FD7e4b0354a64Da835c1A81C",
            "bountyChainId": 1,
            "isEnded": false,
            "start": 1695859200,
            "end": 1731542400,
            "startClaimDate": 1696464000,
            "endClaimDate": 1732147200,
            "closableAt": 1732752000,
            "apr": 0.14502880153644976,
            "tokenPerVoteValue": 0.00038530706235572696,
            "tokenPerVoteValueUSD": 0.0008207040428176984,
            "rewardsAvailable": 458.5247477512812,
            "rewardsAvailableUSD": 976.6577127102289,
            "maxRewardPerVote": 0.0006,
            "maxRewardPerVoteUSD": 0.0012268799999999999,
            "totalVotes": 1142423.2796305176
        },
        {
            "id": 133,
            "manager": "0x68841bC858B18E10AfF6c2eC67Dbc484B3b47D91",
            "bountyChainId": 1,
            "isEnded": false,
            "start": 1697068800,
            "end": 1732752000,
            "startClaimDate": 1697673600,
            "endClaimDate": 1733356800,
            "closableAt": 1733961600,
            "apr": 0.10900285680252984,
            "tokenPerVoteValue": 0.0022084199758924923,
            "tokenPerVoteValueUSD": 0.000616836685601593,
            "rewardsAvailable": 2207.8092183615263,
            "rewardsAvailableUSD": 616.6660941130085,
            "maxRewardPerVote": 0.02,
            "maxRewardPerVoteUSD": 0.005362777231157923,
            "totalVotes": 959734.5037465121
        },
        {
            "id": 136,
            "manager": "0x2234a7c690AF5de948B3a1CcbEa43705E4583D2d",
            "bountyChainId": 1,
            "isEnded": false,
            "start": 1697068800,
            "end": 1731542400,
            "startClaimDate": 1697673600,
            "endClaimDate": 1732147200,
            "closableAt": 1732752000,
            "apr": 0.14139314993730095,
            "tokenPerVoteValue": 0.00037564799999999997,
            "tokenPerVoteValueUSD": 0.0008001302399999999,
            "rewardsAvailable": 9.250434851017861,
            "rewardsAvailableUSD": 19.703426232668043,
            "maxRewardPerVote": 0.0003913,
            "maxRewardPerVoteUSD": 0.0008001302399999999,
            "totalVotes": 7126.717270970323
        },
        {
            "id": 172,
            "manager": "0x2234a7c690AF5de948B3a1CcbEa43705E4583D2d",
            "bountyChainId": 1,
            "isEnded": false,
            "start": 1706745600,
            "end": 1731542400,
            "startClaimDate": 1707350400,
            "endClaimDate": 1732147200,
            "closableAt": 1732752000,
            "apr": 0.0822414539374641,
            "tokenPerVoteValue": 0.000218496,
            "tokenPerVoteValueUSD": 0.00046539647999999995,
            "rewardsAvailable": 125.57302841666643,
            "rewardsAvailableUSD": 267.4705505274995,
            "maxRewardPerVote": 0.0002276,
            "maxRewardPerVoteUSD": 0.00046539647999999995,
            "totalVotes": 55729.109725177506
        },
        {
            "id": 236,
            "manager": "0x1c572Bf5306c086b43f6F91F032296A25B49D920",
            "bountyChainId": 1,
            "isEnded": false,
            "start": 1718841600,
            "end": 1731542400,
            "startClaimDate": 1719446400,
            "endClaimDate": 1732147200,
            "closableAt": 1732752000,
            "apr": 0.12741426663611713,
            "tokenPerVoteValue": 0.022085073384277166,
            "tokenPerVoteValueUSD": 0.0007210250835219949,
            "rewardsAvailable": 10603.439399551951,
            "rewardsAvailableUSD": 346.1770602096003,
            "maxRewardPerVote": 0.024290595073686343,
            "maxRewardPerVoteUSD": 0.0007613089128380004,
            "totalVotes": 460913.19899424625
        },
        {
            "id": 244,
            "manager": "0xd3Ea7CF0a73D709029988Bf2cb65ACC568f79332",
            "bountyChainId": 1,
            "isEnded": false,
            "start": 1719446400,
            "end": 1731542400,
            "startClaimDate": 1720051200,
            "endClaimDate": 1732147200,
            "closableAt": 1732752000,
            "apr": 0.1345329296159423,
            "tokenPerVoteValue": 0.02331897127073889,
            "tokenPerVoteValueUSD": 0.0007613089128380004,
            "rewardsAvailable": 6092.56505312868,
            "rewardsAvailableUSD": 198.90774867982498,
            "maxRewardPerVote": 0.024290595073686343,
            "maxRewardPerVoteUSD": 0.0007613089128380004,
            "totalVotes": 185419.64639373135
        },
        {
            "id": 245,
            "manager": "0xf8AfC5e9AEdA712A05E32F27513cDAa2F67f457B",
            "bountyChainId": 1,
            "isEnded": false,
            "start": 1719446400,
            "end": 1731542400,
            "startClaimDate": 1720051200,
            "endClaimDate": 1732147200,
            "closableAt": 1732752000,
            "apr": 0.10250828425594306,
            "tokenPerVoteValue": 0.017768049372008984,
            "tokenPerVoteValueUSD": 0.0005800845240385879,
            "rewardsAvailable": 9544.143716864837,
            "rewardsAvailableUSD": 311.59357729359084,
            "maxRewardPerVote": 0.024290595073686343,
            "maxRewardPerVoteUSD": 0.0007613089128380004,
            "totalVotes": 515665.9448855571
        },
        {
            "id": 268,
            "manager": "0xFC08757c505eA28709dF66E54870fB6dE09f0C5E",
            "bountyChainId": 1,
            "isEnded": false,
            "start": 1730937600,
            "end": 1731542400,
            "startClaimDate": 1731542400,