{
    "0x0000000895cB182E6f983eb4D8b4E0Aa0B31Ae4c": [
        {
            "id": 92,
            "manager": "0xF98bb4943eb8a3eB6234a9f6B1Fa758714381753",
            "bountyChainId": 1,
            "isEnded": false,
            "start": 1689811200,
            "end": 1727913600,
            "startClaimDate": 1690416000,
            "endClaimDate": 1728518400,
            "closableAt": 1729123200,
            "apr": 0.12232379105393808,
            "tokenPerVoteValue": 0.0003024271990647545,
            "tokenPerVoteValueUSD": 0.0006078786701201565,
            "rewardsAvailable": 299.4791838731029,
            "rewardsAvailableUSD": 601.9531595849368,
            "maxRewardPerVote": 0.0007842,
            "maxRewardPerVoteUSD": 0.0015131923199999998,
            "totalVotes": 950642.0633040364
        },
        {
            "id": 93,
            "manager": "0xF98bb4943eb8a3eB6234a9f6B1Fa758714381753",
            "bountyChainId": 1,
            "isEnded": false,
            "start": 1689811200,
            "end": 1727913600,
            "startClaimDate": 1690416000,
            "endClaimDate": 1728518400,
            "closableAt": 1729123200,
            "apr": 0.23895608487997705,
            "tokenPerVoteValue": 0.0005907830261560933,
            "tokenPerVoteValueUSD": 0.0011874738825737475,
            "rewardsAvailable": 264.78536782299875,
            "rewardsAvailableUSD": 532.2185893242274,
            "maxRewardPerVote": 0.0007842,
            "maxRewardPerVoteUSD": 0.0015131923199999998,
            "totalVotes": 430266.17532325163
        },
        {
            "id": 123,
            "manager": "0x12E9D6962CEc231E2b0F8b49cE80e5B6fBF1cEa9",
            "bountyChainId": 1,
            "isEnded": false,
            "start": 1695859200,
            "end": 1730332800,
            "startClaimDate": 1696464000,
            "endClaimDate": 1730937600,
            "closableAt": 1731542400,
            "apr": 0.09377518184907929,
            "tokenPerVoteValue": 0.00184912459453147,
            "tokenPerVoteValueUSD": 0.0004660085527234727,
            "rewardsAvailable": 26983.18353335421,
            "rewardsAvailableUSD": 6800.187690671179,
            "maxRewardPerVote": 0.02,
            "maxRewardPerVoteUSD": 0.0048387027238463364,
            "totalVotes": 14008713.24118835
        },
        {
            "id": 127,
            "manager": "0x8306300ffd616049FD7e4b0354a64Da835c1A81C",
            "bountyChainId": 1,
            "isEnded": false,
            "start": 1695859200,
            "end": 1727913600,
            "startClaimDate": 1696464000,
            "endClaimDate": 1728518400,
            "closableAt": 1729123200,
            "apr": 0.17797359500780227,
            "tokenPerVoteValue": 0.00044001298015658425,
            "tokenPerVoteValueUSD": 0.0008844260901147343,
            "rewardsAvailable": 884.8591773799192,
            "rewardsAvailableUSD": 1778.5669465336373,
            "maxRewardPerVote": 0.00065,
            "maxRewardPerVoteUSD": 0.0012542399999999998,
            "totalVotes": 1930544.889794909
        },
        {
            "id": 133,
            "manager": "0x68841bC858B18E10AfF6c2eC67Dbc484B3b47D91",
            "bountyChainId": 1,
            "isEnded": false,
            "start": 1697068800,
            "end": 1730332800,
            "startClaimDate": 1697673600,
            "endClaimDate": 1730937600,
            "closableAt": 1731542400,
            "apr": 0.09343104899622372,
            "tokenPerVoteValue": 0.001842338742353378,
            "tokenPerVoteValueUSD": 0.00046429841098296476,
            "rewardsAvailable": 2289.792023170648,
            "rewardsAvailableUSD": 577.0636926852827,
            "maxRewardPerVote": 0.02,
            "maxRewardPerVoteUSD": 0.0048387027238463364,
            "totalVotes": 1193157.5294540413
        },
        {
            "id": 136,
            "manager": "0x2234a7c690AF5de948B3a1CcbEa43705E4583D2d",
            "bountyChainId": 1,
            "isEnded": false,
            "start": 1697068800,
            "end": 1727913600,
            "startClaimDate": 1697673600,
            "endClaimDate": 1728518400,
            "closableAt": 1729123200,
            "apr": 0.15193966549282148,
            "tokenPerVoteValue": 0.000375648,
            "tokenPerVoteValueUSD": 0.0007550524799999999,
            "rewardsAvailable": 8.99011106384924,
            "rewardsAvailableUSD": 18.07012323833697,
            "maxRewardPerVote": 0.0003913,
            "maxRewardPerVoteUSD": 0.0007550524799999999,
            "totalVotes": 15595.155374726004
        },
        {
            "id": 172,
            "manager": "0x2234a7c690AF5de948B3a1CcbEa43705E4583D2d",
            "bountyChainId": 1,
            "isEnded": false,
            "start": 1706745600,
            "end": 1727913600,
            "startClaimDate": 1707350400,
            "endClaimDate": 1728518400,
            "closableAt": 1729123200,
            "apr": 0.08837584427847218,
            "tokenPerVoteValue": 0.000218496,
            "tokenPerVoteValueUSD": 0.00043917695999999996,
            "rewardsAvailable": 243.16388691402287,
            "rewardsAvailableUSD": 488.7594126971859,
            "maxRewardPerVote": 0.0002276,
            "maxRewardPerVoteUSD": 0.00043917695999999996,
            "totalVotes": 342188.57527572644
        },
        {
            "id": 236,
            "manager": "0x1c572Bf5306c086b43f6F91F032296A25B49D920",
            "bountyChainId": 1,
            "isEnded": false,
            "start": 1718841600,
            "end": 1727913600,
            "startClaimDate": 1719446400,
            "endClaimDate": 1728518400,
            "closableAt": 1729123200,
            "apr": 0.1725779255178286,
            "tokenPerVoteValue": 0.015408061905063048,
            "tokenPerVoteValueUSD": 0.0008576127256358093,
            "rewardsAvailable": 25934.67163769335,
            "rewardsAvailableUSD": 1443.523823354012,
            "maxRewardPerVote": 0.016050064484440674,
            "maxRewardPerVoteUSD": 0.0008576127256358093,
            "totalVotes": 1081150.6339815084
        },
        {
            "id": 244,
            "manager": "0xd3Ea7CF0a73D709029988Bf2cb65ACC568f79332",
            "bountyChainId": 1,
            "isEnded": false,
            "start": 1719446400,
            "end": 1727913600,
            "startClaimDate": 1720051200,
            "endClaimDate": 1728518400,
            "closableAt": 1729123200,
            "apr": 0.11175438044847631,
            "tokenPerVoteValue": 0.009977628407256543,
            "tokenPerVoteValueUSD": 0.0005553547971478992,
            "rewardsAvailable": 7958.120993126128,
            "rewardsAvailableUSD": 442.9490144774003,
            "maxRewardPerVote": 0.016050064484440674,
            "maxRewardPerVoteUSD": 0.0008576127256358093,
            "totalVotes": 765692.5916227549
        },
        {
            "id": 245,
            "manager": "0xf8AfC5e9AEdA712A05E32F27513cDAa2F67f457B",
            "bountyChainId": 1,
            "isEnded": false,
            "start": 1719446400,
            "end": 1727913600,
            "startClaimDate": 1720051200,
            "endClaimDate": 1728518400,
            "closableAt": 1729123200,
            "apr": 0.11823983392373587,
            "tokenPerVoteValue": 0.010556661144666997,
            "tokenPerVoteValueUSD": 0.000587583759312165,
            "rewardsAvailable": 11245.681394177556,
            "rewardsAvailableUSD": 625.9346263999228,
            "maxRewardPerVote": 0.016050064484440674,
            "maxRewardPerVoteUSD": 0.0008576127256358093,
            "totalVotes": 1022658.0156799189
        },
        {
            "id": 265,
            "manager": "0xFC08757c505eA28709dF66E54870fB6dE09f0C5E",
            "bountyChainId": 1,
            "isEnded": false,
            "start": 1727308800,
            "end": 1727913600,
            "startClaimDate": 1727913600,