{
    "0x0000000895cB182E6f983eb4D8b4E0Aa0B31Ae4c": [
        {
            "id": 92,
            "manager": "0xF98bb4943eb8a3eB6234a9f6B1Fa758714381753",
            "bountyChainId": 1,
            "isEnded": false,
            "start": 1689811200,
            "end": 1731542400,
            "startClaimDate": 1690416000,
            "endClaimDate": 1732147200,
            "closableAt": 1732752000,
            "apr": 0.12162365358723547,
            "tokenPerVoteValue": 0.0003703110297451327,
            "tokenPerVoteValueUSD": 0.0008294967066290973,
            "rewardsAvailable": 112.86369010870274,
            "rewardsAvailableUSD": 252.81466584349417,
            "maxRewardPerVote": 0.0007842,
            "maxRewardPerVoteUSD": 0.0016863436800000002,
            "totalVotes": 292589.56337035424
        },
        {
            "id": 93,
            "manager": "0xF98bb4943eb8a3eB6234a9f6B1Fa758714381753",
            "bountyChainId": 1,
            "isEnded": false,
            "start": 1689811200,
            "end": 1731542400,
            "startClaimDate": 1690416000,
            "endClaimDate": 1732147200,
            "closableAt": 1732752000,
            "apr": 0.18477104952599477,
            "tokenPerVoteValue": 0.0005625777190452785,
            "tokenPerVoteValueUSD": 0.0012601740906614239,
            "rewardsAvailable": 325.3403868620263,
            "rewardsAvailableUSD": 728.7624665709391,
            "maxRewardPerVote": 0.0007842,
            "maxRewardPerVoteUSD": 0.0016863436800000002,
            "totalVotes": 555170.8871755158
        },
        {
            "id": 123,
            "manager": "0x12E9D6962CEc231E2b0F8b49cE80e5B6fBF1cEa9",
            "bountyChainId": 1,
            "isEnded": false,
            "start": 1695859200,
            "end": 1732752000,
            "startClaimDate": 1696464000,
            "endClaimDate": 1733356800,
            "closableAt": 1733961600,
            "apr": 0.11571674020225849,
            "tokenPerVoteValue": 0.002849422782155851,
            "tokenPerVoteValueUSD": 0.0007892104213986726,
            "rewardsAvailable": 26240.996437764443,
            "rewardsAvailableUSD": 7268.022136364184,
            "maxRewardPerVote": 0.02,
            "maxRewardPerVoteUSD": 0.005317863037295574,
            "totalVotes": 8840863.047074497
        },
        {
            "id": 127,
            "manager": "0x8306300ffd616049FD7e4b0354a64Da835c1A81C",
            "bountyChainId": 1,
            "isEnded": false,
            "start": 1695859200,
            "end": 1731542400,
            "startClaimDate": 1696464000,
            "endClaimDate": 1732147200,
            "closableAt": 1732752000,
            "apr": 0.12654889785195286,
            "tokenPerVoteValue": 0.00038530706235572696,
            "tokenPerVoteValueUSD": 0.0008630878196768285,
            "rewardsAvailable": 458.5247477512812,
            "rewardsAvailableUSD": 1027.09543496287,
            "maxRewardPerVote": 0.0006,
            "maxRewardPerVoteUSD": 0.0012902399999999998,
            "totalVotes": 1142423.2796305176
        },
        {
            "id": 133,
            "manager": "0x68841bC858B18E10AfF6c2eC67Dbc484B3b47D91",
            "bountyChainId": 1,
            "isEnded": false,
            "start": 1697068800,
            "end": 1732752000,
            "startClaimDate": 1697673600,
            "endClaimDate": 1733356800,
            "closableAt": 1733961600,
            "apr": 0.08968523807986173,
            "tokenPerVoteValue": 0.0022084199758924923,
            "tokenPerVoteValueUSD": 0.0006116705708658263,
            "rewardsAvailable": 2207.8092183615263,
            "rewardsAvailableUSD": 611.5014081106871,
            "maxRewardPerVote": 0.02,
            "maxRewardPerVoteUSD": 0.005317863037295574,
            "totalVotes": 959734.5037465121
        },
        {
            "id": 136,
            "manager": "0x2234a7c690AF5de948B3a1CcbEa43705E4583D2d",
            "bountyChainId": 1,
            "isEnded": false,
            "start": 1697068800,
            "end": 1731542400,
            "startClaimDate": 1697673600,
            "endClaimDate": 1732147200,
            "closableAt": 1732752000,
            "apr": 0.12337650934724378,
            "tokenPerVoteValue": 0.0003756480000000001,
            "tokenPerVoteValueUSD": 0.0008414515200000002,
            "rewardsAvailable": 9.250434851017861,
            "rewardsAvailableUSD": 20.72097406628001,
            "maxRewardPerVote": 0.0003913,
            "maxRewardPerVoteUSD": 0.0008414515200000002,
            "totalVotes": 7126.717270970323
        },
        {
            "id": 172,
            "manager": "0x2234a7c690AF5de948B3a1CcbEa43705E4583D2d",
            "bountyChainId": 1,
            "isEnded": false,
            "start": 1706745600,
            "end": 1731542400,
            "startClaimDate": 1707350400,
            "endClaimDate": 1732147200,
            "closableAt": 1732752000,
            "apr": 0.071762058592979,
            "tokenPerVoteValue": 0.00021849600000000002,
            "tokenPerVoteValueUSD": 0.0004894310400000001,
            "rewardsAvailable": 125.57302841666643,
            "rewardsAvailableUSD": 281.2835836533328,
            "maxRewardPerVote": 0.0002276,
            "maxRewardPerVoteUSD": 0.0004894310400000001,
            "totalVotes": 55729.109725177506
        },
        {
            "id": 236,
            "manager": "0x1c572Bf5306c086b43f6F91F032296A25B49D920",
            "bountyChainId": 1,
            "isEnded": false,
            "start": 1718841600,
            "end": 1732147200,
            "startClaimDate": 1719446400,
            "endClaimDate": 1732752000,
            "closableAt": 1733356800,
            "apr": 0.11966131144433582,
            "tokenPerVoteValue": 0.022246556782488082,
            "tokenPerVoteValueUSD": 0.0008161131558410327,
            "rewardsAvailable": 10680.97047210805,
            "rewardsAvailableUSD": 391.8305472916461,
            "maxRewardPerVote": 0.03152779520755358,
            "maxRewardPerVoteUSD": 0.0011103308591668673,
            "totalVotes": 460913.19899424625
        },
        {
            "id": 244,
            "manager": "0xd3Ea7CF0a73D709029988Bf2cb65ACC568f79332",
            "bountyChainId": 1,
            "isEnded": false,
            "start": 1719446400,
            "end": 1732147200,
            "startClaimDate": 1720051200,
            "endClaimDate": 1732752000,
            "closableAt": 1733356800,
            "apr": 0.16280052072938697,
            "tokenPerVoteValue": 0.030266683399251443,
            "tokenPerVoteValueUSD": 0.0011103308591668673,
            "rewardsAvailable": 6982.468537650689,
            "rewardsAvailableUSD": 256.1512997062325,
            "maxRewardPerVote": 0.03152779520755358,
            "maxRewardPerVoteUSD": 0.0011103308591668673,
            "totalVotes": 185419.64639373135
        },
        {
            "id": 245,
            "manager": "0xf8AfC5e9AEdA712A05E32F27513cDAa2F67f457B",
            "bountyChainId": 1,
            "isEnded": false,
            "start": 1719446400,
            "end": 1732147200,
            "startClaimDate": 1720051200,
            "endClaimDate": 1732752000,
            "closableAt": 1733356800,
            "apr": 0.08923618464939671,
            "tokenPerVoteValue": 0.016590139493656408,
            "tokenPerVoteValueUSD": 0.0006086079401136259,
            "rewardsAvailable": 8911.427039353677,
            "rewardsAvailableUSD": 326.9149880245265,
            "maxRewardPerVote": 0.03152779520755358,
            "maxRewardPerVoteUSD": 0.0011103308591668673,
            "totalVotes": 515665.9448855571
        },
        {
            "id": 268,
            "manager": "0xFC08757c505eA28709dF66E54870fB6dE09f0C5E",
            "bountyChainId": 1,
            "isEnded": false,
            "start": 1730937600,
            "end": 1731542400,
            "startClaimDate": 1731542400,