{
    "0x0000000895cB182E6f983eb4D8b4E0Aa0B31Ae4c": [
        {
            "id": 92,
            "manager": "0xF98bb4943eb8a3eB6234a9f6B1Fa758714381753",
            "bountyChainId": 1,
            "isEnded": false,
            "start": 1689811200,
            "end": 1729123200,
            "startClaimDate": 1690416000,
            "endClaimDate": 1729728000,
            "closableAt": 1730332800,
            "apr": 0.08410399586958613,
            "tokenPerVoteValue": 0.00019973357409734213,
            "tokenPerVoteValueUSD": 0.0004334218557912324,
            "rewardsAvailable": 192.85150065550707,
            "rewardsAvailableUSD": 418.48775642245033,
            "maxRewardPerVote": 0.0007842,
            "maxRewardPerVoteUSD": 0.00163364544,
            "totalVotes": 926921.9832768738
        },
        {
            "id": 93,
            "manager": "0xF98bb4943eb8a3eB6234a9f6B1Fa758714381753",
            "bountyChainId": 1,
            "isEnded": false,
            "start": 1689811200,
            "end": 1729123200,
            "startClaimDate": 1690416000,
            "endClaimDate": 1729728000,
            "closableAt": 1730332800,
            "apr": 0.17960161226534724,
            "tokenPerVoteValue": 0.0004265251794579135,
            "tokenPerVoteValueUSD": 0.0009255596394236723,
            "rewardsAvailable": 194.38093584434935,
            "rewardsAvailableUSD": 421.8066307822381,
            "maxRewardPerVote": 0.0007842,
            "maxRewardPerVoteUSD": 0.00163364544,
            "totalVotes": 437502.1860321105
        },
        {
            "id": 123,
            "manager": "0x12E9D6962CEc231E2b0F8b49cE80e5B6fBF1cEa9",
            "bountyChainId": 1,
            "isEnded": false,
            "start": 1695859200,
            "end": 1731542400,
            "startClaimDate": 1696464000,
            "endClaimDate": 1732147200,
            "closableAt": 1732752000,
            "apr": 0.12104467021497432,
            "tokenPerVoteValue": 0.002197865652669295,
            "tokenPerVoteValueUSD": 0.0006237920690422726,
            "rewardsAvailable": 25953.830439358273,
            "rewardsAvailableUSD": 7366.143408118327,
            "maxRewardPerVote": 0.02,
            "maxRewardPerVoteUSD": 0.005449290183440408,
            "totalVotes": 11336305.834491747
        },
        {
            "id": 127,
            "manager": "0x8306300ffd616049FD7e4b0354a64Da835c1A81C",
            "bountyChainId": 1,
            "isEnded": false,
            "start": 1695859200,
            "end": 1729123200,
            "startClaimDate": 1696464000,
            "endClaimDate": 1729728000,
            "closableAt": 1730332800,
            "apr": 0.11627936560950365,
            "tokenPerVoteValue": 0.0002761449446821869,
            "tokenPerVoteValueUSD": 0.0005992345299603455,
            "rewardsAvailable": 521.3460626146107,
            "rewardsAvailableUSD": 1131.320955873705,
            "maxRewardPerVote": 0.00065,
            "maxRewardPerVoteUSD": 0.00135408,
            "totalVotes": 1812425.7921362238
        },
        {
            "id": 133,
            "manager": "0x68841bC858B18E10AfF6c2eC67Dbc484B3b47D91",
            "bountyChainId": 1,
            "isEnded": false,
            "start": 1697068800,
            "end": 1731542400,
            "startClaimDate": 1697673600,
            "endClaimDate": 1732147200,
            "closableAt": 1732752000,
            "apr": 0.10299430633888727,
            "tokenPerVoteValue": 0.0018701166100144081,
            "tokenPerVoteValueUSD": 0.0005307712544187691,
            "rewardsAvailable": 2306.390816292649,
            "rewardsAvailableUSD": 654.5933767917,
            "maxRewardPerVote": 0.02,
            "maxRewardPerVoteUSD": 0.005449290183440408,
            "totalVotes": 1183955.6805090804
        },
        {
            "id": 136,
            "manager": "0x2234a7c690AF5de948B3a1CcbEa43705E4583D2d",
            "bountyChainId": 1,
            "isEnded": false,
            "start": 1697068800,
            "end": 1729123200,
            "startClaimDate": 1697673600,
            "endClaimDate": 1729728000,
            "closableAt": 1730332800,
            "apr": 0.15817820305473973,
            "tokenPerVoteValue": 0.00037564799999999997,
            "tokenPerVoteValueUSD": 0.0008151561599999999,
            "rewardsAvailable": 6.054451965332893,
            "rewardsAvailableUSD": 13.138160764772378,
            "maxRewardPerVote": 0.0003913,
            "maxRewardPerVoteUSD": 0.0008151561599999999,
            "totalVotes": 10644.895703985821
        },
        {
            "id": 172,
            "manager": "0x2234a7c690AF5de948B3a1CcbEa43705E4583D2d",
            "bountyChainId": 1,
            "isEnded": false,
            "start": 1706745600,
            "end": 1729123200,
            "startClaimDate": 1707350400,
            "endClaimDate": 1729728000,
            "closableAt": 1730332800,
            "apr": 0.09200449531116474,
            "tokenPerVoteValue": 0.000218496,
            "tokenPerVoteValueUSD": 0.00047413631999999997,
            "rewardsAvailable": 109.24222901950053,
            "rewardsAvailableUSD": 237.05563697231614,
            "maxRewardPerVote": 0.0002276,
            "maxRewardPerVoteUSD": 0.00047413631999999997,
            "totalVotes": 407099.4684882824
        },
        {
            "id": 236,
            "manager": "0x1c572Bf5306c086b43f6F91F032296A25B49D920",
            "bountyChainId": 1,
            "isEnded": false,
            "start": 1718841600,
            "end": 1729123200,
            "startClaimDate": 1719446400,
            "endClaimDate": 1729728000,
            "closableAt": 1730332800,
            "apr": 0.08639378846501064,
            "tokenPerVoteValue": 0.007557152489380922,
            "tokenPerVoteValueUSD": 0.00044522208175938767,
            "rewardsAvailable": 10819.647417644768,
            "rewardsAvailableUSD": 637.4287079631239,
            "maxRewardPerVote": 0.015997419447616276,
            "maxRewardPerVoteUSD": 0.0009047730905633907,
            "totalVotes": 1374441.1715304507
        },
        {
            "id": 244,
            "manager": "0xd3Ea7CF0a73D709029988Bf2cb65ACC568f79332",
            "bountyChainId": 1,
            "isEnded": false,
            "start": 1719446400,
            "end": 1729123200,
            "startClaimDate": 1720051200,
            "endClaimDate": 1729728000,
            "closableAt": 1730332800,
            "apr": 0.09932529648102167,
            "tokenPerVoteValue": 0.00868831457557912,
            "tokenPerVoteValueUSD": 0.0005118633649056683,
            "rewardsAvailable": 7647.481776445315,
            "rewardsAvailableUSD": 450.54374137749926,
            "maxRewardPerVote": 0.015997419447616276,
            "maxRewardPerVoteUSD": 0.0009047730905633907,
            "totalVotes": 844995.0150312264
        },
        {
            "id": 245,
            "manager": "0xf8AfC5e9AEdA712A05E32F27513cDAa2F67f457B",
            "bountyChainId": 1,
            "isEnded": false,
            "start": 1719446400,
            "end": 1729123200,
            "startClaimDate": 1720051200,
            "endClaimDate": 1729728000,
            "closableAt": 1730332800,
            "apr": 0.10798008624641156,
            "tokenPerVoteValue": 0.009445377868932365,
            "tokenPerVoteValueUSD": 0.0005564649917702814,
            "rewardsAvailable": 11586.793162541662,
            "rewardsAvailableUSD": 682.6243323779795,
            "maxRewardPerVote": 0.015997419447616276,
            "maxRewardPerVoteUSD": 0.0009047730905633907,
            "totalVotes": 1177647.055564257
        },
        {
            "id": 265,
            "manager": "0xFC08757c505eA28709dF66E54870fB6dE09f0C5E",
            "bountyChainId": 1,
            "isEnded": true,
            "start": 1727308800,
            "end": 1727913600,
            "startClaimDate": 1727913600,
            "endClaimDate": 1728518400,