{
    "0x0000000895cB182E6f983eb4D8b4E0Aa0B31Ae4c": [
        {
            "id": 92,
            "manager": "0xF98bb4943eb8a3eB6234a9f6B1Fa758714381753",
            "bountyChainId": 1,
            "isEnded": false,
            "start": 1689811200,
            "end": 1731542400,
            "startClaimDate": 1690416000,
            "endClaimDate": 1732147200,
            "closableAt": 1732752000,
            "apr": 0.14024294236702978,
            "tokenPerVoteValue": 0.0003703110297451327,
            "tokenPerVoteValueUSD": 0.0008257935963316459,
            "rewardsAvailable": 112.86369010870274,
            "rewardsAvailableUSD": 251.68602894240712,
            "maxRewardPerVote": 0.0007842,
            "maxRewardPerVoteUSD": 0.0016788153599999998,
            "totalVotes": 292589.56337035424
        },
        {
            "id": 93,
            "manager": "0xF98bb4943eb8a3eB6234a9f6B1Fa758714381753",
            "bountyChainId": 1,
            "isEnded": false,
            "start": 1689811200,
            "end": 1731542400,
            "startClaimDate": 1690416000,
            "endClaimDate": 1732147200,
            "closableAt": 1732752000,
            "apr": 0.1495047988050448,
            "tokenPerVoteValue": 0.00039476693131868125,
            "tokenPerVoteValueUSD": 0.0008803302568406592,
            "rewardsAvailable": 230.16053999970907,
            "rewardsAvailableUSD": 513.2580041993513,
            "maxRewardPerVote": 0.0007842,
            "maxRewardPerVoteUSD": 0.0016788153599999998,
            "totalVotes": 559707.768990793
        },
        {
            "id": 123,
            "manager": "0x12E9D6962CEc231E2b0F8b49cE80e5B6fBF1cEa9",
            "bountyChainId": 1,
            "isEnded": false,
            "start": 1695859200,
            "end": 1732752000,
            "startClaimDate": 1696464000,
            "endClaimDate": 1733356800,
            "closableAt": 1733961600,
            "apr": 0.13214435702964478,
            "tokenPerVoteValue": 0.002849422782155851,
            "tokenPerVoteValueUSD": 0.0007781066339927115,
            "rewardsAvailable": 26240.996437764443,
            "rewardsAvailableUSD": 7165.76477828092,
            "maxRewardPerVote": 0.02,
            "maxRewardPerVoteUSD": 0.0052430434213615856,
            "totalVotes": 8840863.047074497
        },
        {
            "id": 127,
            "manager": "0x8306300ffd616049FD7e4b0354a64Da835c1A81C",
            "bountyChainId": 1,
            "isEnded": false,
            "start": 1695859200,
            "end": 1731542400,
            "startClaimDate": 1696464000,
            "endClaimDate": 1732147200,
            "closableAt": 1732752000,
            "apr": 0.14592218918446626,
            "tokenPerVoteValue": 0.00038530706235572696,
            "tokenPerVoteValueUSD": 0.0008592347490532711,
            "rewardsAvailable": 458.5247477512812,
            "rewardsAvailableUSD": 1022.510187485357,
            "maxRewardPerVote": 0.0006,
            "maxRewardPerVoteUSD": 0.0012844799999999997,
            "totalVotes": 1142423.2796305176
        },
        {
            "id": 133,
            "manager": "0x68841bC858B18E10AfF6c2eC67Dbc484B3b47D91",
            "bountyChainId": 1,
            "isEnded": false,
            "start": 1697068800,
            "end": 1732752000,
            "startClaimDate": 1697673600,
            "endClaimDate": 1733356800,
            "closableAt": 1733961600,
            "apr": 0.10241731749787603,
            "tokenPerVoteValue": 0.0022084199758924923,
            "tokenPerVoteValueUSD": 0.0006030646784482627,
            "rewardsAvailable": 2207.8092183615263,
            "rewardsAvailableUSD": 602.8978957266596,
            "maxRewardPerVote": 0.02,
            "maxRewardPerVoteUSD": 0.0052430434213615856,
            "totalVotes": 959734.5037465121
        },
        {
            "id": 136,
            "manager": "0x2234a7c690AF5de948B3a1CcbEa43705E4583D2d",
            "bountyChainId": 1,
            "isEnded": false,
            "start": 1697068800,
            "end": 1731542400,
            "startClaimDate": 1697673600,
            "endClaimDate": 1732147200,
            "closableAt": 1732752000,
            "apr": 0.14226414171500232,
            "tokenPerVoteValue": 0.000375648,
            "tokenPerVoteValueUSD": 0.00083769504,
            "rewardsAvailable": 9.250434851017861,
            "rewardsAvailableUSD": 20.62846971776983,
            "maxRewardPerVote": 0.0003913,
            "maxRewardPerVoteUSD": 0.00083769504,
            "totalVotes": 7126.717270970323
        },
        {
            "id": 172,
            "manager": "0x2234a7c690AF5de948B3a1CcbEa43705E4583D2d",
            "bountyChainId": 1,
            "isEnded": false,
            "start": 1706745600,
            "end": 1731542400,
            "startClaimDate": 1707350400,
            "endClaimDate": 1732147200,
            "closableAt": 1732752000,
            "apr": 0.08274806709515597,
            "tokenPerVoteValue": 0.000218496,
            "tokenPerVoteValueUSD": 0.00048724608,
            "rewardsAvailable": 125.57302841666643,
            "rewardsAvailableUSD": 280.02785336916617,
            "maxRewardPerVote": 0.0002276,
            "maxRewardPerVoteUSD": 0.00048724608,
            "totalVotes": 55729.109725177506
        },
        {
            "id": 236,
            "manager": "0x1c572Bf5306c086b43f6F91F032296A25B49D920",
            "bountyChainId": 1,
            "isEnded": false,
            "start": 1718841600,
            "end": 1732147200,
            "startClaimDate": 1719446400,
            "endClaimDate": 1732752000,
            "closableAt": 1733356800,
            "apr": 0.13586268778073213,
            "tokenPerVoteValue": 0.022246556782488082,
            "tokenPerVoteValueUSD": 0.0008000013095568835,
            "rewardsAvailable": 10680.97047210805,
            "rewardsAvailableUSD": 384.09496123692657,
            "maxRewardPerVote": 0.03152779520755358,
            "maxRewardPerVoteUSD": 0.0010884105163817932,
            "totalVotes": 460913.19899424625
        },
        {
            "id": 244,
            "manager": "0xd3Ea7CF0a73D709029988Bf2cb65ACC568f79332",
            "bountyChainId": 1,
            "isEnded": false,
            "start": 1719446400,
            "end": 1732147200,
            "startClaimDate": 1720051200,
            "endClaimDate": 1732752000,
            "closableAt": 1733356800,
            "apr": 0.18484267012806752,
            "tokenPerVoteValue": 0.030266683399251437,
            "tokenPerVoteValueUSD": 0.0010884105163817932,
            "rewardsAvailable": 6982.468537650689,
            "rewardsAvailableUSD": 251.0943166925244,
            "maxRewardPerVote": 0.03152779520755358,
            "maxRewardPerVoteUSD": 0.0010884105163817932,
            "totalVotes": 185419.64639373135
        },
        {
            "id": 245,
            "manager": "0xf8AfC5e9AEdA712A05E32F27513cDAa2F67f457B",
            "bountyChainId": 1,
            "isEnded": false,
            "start": 1719446400,
            "end": 1732147200,
            "startClaimDate": 1720051200,
            "endClaimDate": 1732752000,
            "closableAt": 1733356800,
            "apr": 0.10131819338621022,
            "tokenPerVoteValue": 0.016590139493656408,
            "tokenPerVoteValueUSD": 0.0005965926974867401,
            "rewardsAvailable": 8911.427039353677,
            "rewardsAvailableUSD": 320.460976105545,
            "maxRewardPerVote": 0.03152779520755358,
            "maxRewardPerVoteUSD": 0.0010884105163817932,
            "totalVotes": 515665.9448855571
        },
        {
            "id": 268,
            "manager": "0xFC08757c505eA28709dF66E54870fB6dE09f0C5E",
            "bountyChainId": 1,
            "isEnded": false,
            "start": 1730937600,
            "end": 1731542400,
            "startClaimDate": 1731542400,
            "endClaimDate": 1732147200,