{
    "0x0000000895cB182E6f983eb4D8b4E0Aa0B31Ae4c": [
        {
            "id": 92,
            "manager": "0xF98bb4943eb8a3eB6234a9f6B1Fa758714381753",
            "bountyChainId": 1,
            "isEnded": false,
            "start": 1689811200,
            "end": 1730332800,
            "startClaimDate": 1690416000,
            "endClaimDate": 1730937600,
            "closableAt": 1731542400,
            "apr": 0.20903040907301676,
            "tokenPerVoteValue": 0.0005179994519203406,
            "tokenPerVoteValueUSD": 0.000968658975091037,
            "rewardsAvailable": 175.29004751777015,
            "rewardsAvailableUSD": 327.7923888582302,
            "maxRewardPerVote": 0.0007842,
            "maxRewardPerVoteUSD": 0.00140779584,
            "totalVotes": 324862.2078521768
        },
        {
            "id": 93,
            "manager": "0xF98bb4943eb8a3eB6234a9f6B1Fa758714381753",
            "bountyChainId": 1,
            "isEnded": false,
            "start": 1689811200,
            "end": 1730332800,
            "startClaimDate": 1690416000,
            "endClaimDate": 1730937600,
            "closableAt": 1731542400,
            "apr": 0.10121257839916037,
            "tokenPerVoteValue": 0.0002508154692454141,
            "tokenPerVoteValueUSD": 0.00046902492748892444,
            "rewardsAvailable": 245.19368656839592,
            "rewardsAvailableUSD": 458.5121938829004,
            "maxRewardPerVote": 0.0007842,
            "maxRewardPerVoteUSD": 0.00140779584,
            "totalVotes": 938482.5418217854
        },
        {
            "id": 123,
            "manager": "0x12E9D6962CEc231E2b0F8b49cE80e5B6fBF1cEa9",
            "bountyChainId": 1,
            "isEnded": false,
            "start": 1695859200,
            "end": 1732752000,
            "startClaimDate": 1696464000,
            "endClaimDate": 1733356800,
            "closableAt": 1733961600,
            "apr": 0.11608202586123911,
            "tokenPerVoteValue": 0.002171972943433819,
            "tokenPerVoteValueUSD": 0.0005379308048809355,
            "rewardsAvailable": 24837.484737354032,
            "rewardsAvailableUSD": 6151.48001561186,
            "maxRewardPerVote": 0.02,
            "maxRewardPerVoteUSD": 0.004755248671461486,
            "totalVotes": 10978030.55970085
        },
        {
            "id": 127,
            "manager": "0x8306300ffd616049FD7e4b0354a64Da835c1A81C",
            "bountyChainId": 1,
            "isEnded": false,
            "start": 1695859200,
            "end": 1730332800,
            "startClaimDate": 1696464000,
            "endClaimDate": 1730937600,
            "closableAt": 1731542400,
            "apr": 0.11835080824896278,
            "tokenPerVoteValue": 0.000293285814629379,
            "tokenPerVoteValueUSD": 0.0005484444733569388,
            "rewardsAvailable": 546.5905863418192,
            "rewardsAvailableUSD": 1022.1243964592019,
            "maxRewardPerVote": 0.00065,
            "maxRewardPerVoteUSD": 0.00116688,
            "totalVotes": 1789131.7503754357
        },
        {
            "id": 133,
            "manager": "0x68841bC858B18E10AfF6c2eC67Dbc484B3b47D91",
            "bountyChainId": 1,
            "isEnded": false,
            "start": 1697068800,
            "end": 1732752000,
            "startClaimDate": 1697673600,
            "endClaimDate": 1733356800,
            "closableAt": 1733961600,
            "apr": 0.08434451463357417,
            "tokenPerVoteValue": 0.001578142717203828,
            "tokenPerVoteValueUSD": 0.0003908573468416731,
            "rewardsAvailable": 1899.0661398997513,
            "rewardsAvailableUSD": 470.3401947279055,
            "maxRewardPerVote": 0.02,
            "maxRewardPerVoteUSD": 0.004755248671461486,
            "totalVotes": 1155220.9280121112
        },
        {
            "id": 136,
            "manager": "0x2234a7c690AF5de948B3a1CcbEa43705E4583D2d",
            "bountyChainId": 1,
            "isEnded": false,
            "start": 1697068800,
            "end": 1730332800,
            "startClaimDate": 1697673600,
            "endClaimDate": 1730937600,
            "closableAt": 1731542400,
            "apr": 0.15158675326076584,
            "tokenPerVoteValue": 0.000375648,
            "tokenPerVoteValueUSD": 0.00070246176,
            "rewardsAvailable": 8.200526364670264,
            "rewardsAvailableUSD": 15.334984301933394,
            "maxRewardPerVote": 0.0003913,
            "maxRewardPerVoteUSD": 0.00070246176,
            "totalVotes": 5806.109253903854
        },
        {
            "id": 172,
            "manager": "0x2234a7c690AF5de948B3a1CcbEa43705E4583D2d",
            "bountyChainId": 1,
            "isEnded": false,
            "start": 1706745600,
            "end": 1730332800,
            "startClaimDate": 1707350400,
            "endClaimDate": 1730937600,
            "closableAt": 1731542400,
            "apr": 0.08817057255852363,
            "tokenPerVoteValue": 0.000218496,
            "tokenPerVoteValueUSD": 0.00040858752,
            "rewardsAvailable": 97.08140551867905,
            "rewardsAvailableUSD": 181.54222831992982,
            "maxRewardPerVote": 0.0002276,
            "maxRewardPerVoteUSD": 0.00040858752,
            "totalVotes": 272726.0895143356
        },
        {
            "id": 236,
            "manager": "0x1c572Bf5306c086b43f6F91F032296A25B49D920",
            "bountyChainId": 1,
            "isEnded": false,
            "start": 1718841600,
            "end": 1730332800,
            "startClaimDate": 1719446400,
            "endClaimDate": 1730937600,
            "closableAt": 1731542400,
            "apr": 0.05105324694287401,
            "tokenPerVoteValue": 0.013328666197158955,
            "tokenPerVoteValueUSD": 0.00023658369171290948,
            "rewardsAvailable": 10311.22563417441,
            "rewardsAvailableUSD": 183.02415189433944,
            "maxRewardPerVote": 0.045915862119317793,
            "maxRewardPerVoteUSD": 0.0007824058497208989,
            "totalVotes": 742668.2056841807
        },
        {
            "id": 244,
            "manager": "0xd3Ea7CF0a73D709029988Bf2cb65ACC568f79332",
            "bountyChainId": 1,
            "isEnded": false,
            "start": 1719446400,
            "end": 1730332800,
            "startClaimDate": 1720051200,
            "endClaimDate": 1730937600,
            "closableAt": 1731542400,
            "apr": 0.04130665294095852,
            "tokenPerVoteValue": 0.0107840856701628,
            "tokenPerVoteValueUSD": 0.000191417412804533,
            "rewardsAvailable": 6370.045235756414,
            "rewardsAvailableUSD": 113.06823923422398,
            "maxRewardPerVote": 0.045915862119317793,
            "maxRewardPerVoteUSD": 0.0007824058497208989,
            "totalVotes": 567061.8366140852
        },
        {
            "id": 245,
            "manager": "0xf8AfC5e9AEdA712A05E32F27513cDAa2F67f457B",
            "bountyChainId": 1,
            "isEnded": false,
            "start": 1719446400,
            "end": 1730332800,
            "startClaimDate": 1720051200,
            "endClaimDate": 1730937600,
            "closableAt": 1731542400,
            "apr": 0.03066278187315747,
            "tokenPerVoteValue": 0.00800524959207629,
            "tokenPerVoteValueUSD": 0.00014209310020685823,
            "rewardsAvailable": 10230.419501507751,
            "rewardsAvailableUSD": 181.58984384756758,
            "maxRewardPerVote": 0.045915862119317793,
            "maxRewardPerVoteUSD": 0.0007824058497208989,
            "totalVotes": 1226845.285519718
        },
        {
            "id": 266,
            "manager": "0xFC08757c505eA28709dF66E54870fB6dE09f0C5E",
            "bountyChainId": 1,
            "isEnded": true,
            "start": 1728518400,
            "end": 1729123200,
            "startClaimDate": 1729123200,
            "endClaimDate": 1729728000,
            "closableAt": 1730332800,