{
    "0x0000000895cB182E6f983eb4D8b4E0Aa0B31Ae4c": [
        {
            "id": 92,
            "manager": "0xF98bb4943eb8a3eB6234a9f6B1Fa758714381753",
            "bountyChainId": 1,
            "isEnded": false,
            "start": 1689811200,
            "end": 1725494400,
            "startClaimDate": 1690416000,
            "endClaimDate": 1726099200,
            "closableAt": 1726704000,
            "apr": 0.13195729669696887,
            "tokenPerVoteValue": 0.0003809816268297459,
            "tokenPerVoteValueUSD": 0.000697196377098435,
            "rewardsAvailable": 267.5655146871162,
            "rewardsAvailableUSD": 489.64489187742265,
            "maxRewardPerVote": 0.0007842,
            "maxRewardPerVoteUSD": 0.0013776825599999998,
            "totalVotes": 674213.337365004
        },
        {
            "id": 93,
            "manager": "0xF98bb4943eb8a3eB6234a9f6B1Fa758714381753",
            "bountyChainId": 1,
            "isEnded": false,
            "start": 1689811200,
            "end": 1725494400,
            "startClaimDate": 1690416000,
            "endClaimDate": 1726099200,
            "closableAt": 1726704000,
            "apr": 0.1791361428331864,
            "tokenPerVoteValue": 0.000517194432054175,
            "tokenPerVoteValueUSD": 0.0009464658106591403,
            "rewardsAvailable": 193.873014475867,
            "rewardsAvailableUSD": 354.7876164908366,
            "maxRewardPerVote": 0.0007842,
            "maxRewardPerVoteUSD": 0.0013776825599999998,
            "totalVotes": 359860.97753917205
        },
        {
            "id": 123,
            "manager": "0x12E9D6962CEc231E2b0F8b49cE80e5B6fBF1cEa9",
            "bountyChainId": 1,
            "isEnded": false,
            "start": 1695859200,
            "end": 1727913600,
            "startClaimDate": 1696464000,
            "endClaimDate": 1728518400,
            "closableAt": 1729123200,
            "apr": 0.12027107394525086,
            "tokenPerVoteValue": 0.0025573593397402792,
            "tokenPerVoteValueUSD": 0.0006354522191897329,
            "rewardsAvailable": 33472.1522089383,
            "rewardsAvailableUSD": 8317.154758699848,
            "maxRewardPerVote": 0.02,
            "maxRewardPerVoteUSD": 0.0047708127750564575,
            "totalVotes": 12565017.993851487
        },
        {
            "id": 124,
            "manager": "0xfCBa6dC55c4b36943cF6C69f2c23b345350d520E",
            "bountyChainId": 1,
            "isEnded": false,
            "start": 1695859200,
            "end": 1726704000,
            "startClaimDate": 1696464000,
            "endClaimDate": 1727308800,
            "closableAt": 1727913600,
            "apr": 0.13456891757429595,
            "tokenPerVoteValue": 0.0028613786084093966,
            "tokenPerVoteValueUSD": 0.0007109948760037926,
            "rewardsAvailable": 5678.32150872631,
            "rewardsAvailableUSD": 1410.9483747244446,
            "maxRewardPerVote": 0.02,
            "maxRewardPerVoteUSD": 0.0047708127750564575,
            "totalVotes": 1905091.7038229704
        },
        {
            "id": 125,
            "manager": "0xF78f606db249B27cb835Bec41f9957fCe2308f5e",
            "bountyChainId": 1,
            "isEnded": false,
            "start": 1695859200,
            "end": 1726704000,
            "startClaimDate": 1696464000,
            "endClaimDate": 1727308800,
            "closableAt": 1727913600,
            "apr": 0.1709806532744678,
            "tokenPerVoteValue": 0.003635612090446629,
            "tokenPerVoteValueUSD": 0.0009033762815756505,
            "rewardsAvailable": 1191.2180152225608,
            "rewardsAvailableUSD": 295.9936523386037,
            "maxRewardPerVote": 0.02,
            "maxRewardPerVoteUSD": 0.0047708127750564575,
            "totalVotes": 314546.56497007434
        },
        {
            "id": 127,
            "manager": "0x8306300ffd616049FD7e4b0354a64Da835c1A81C",
            "bountyChainId": 1,
            "isEnded": false,
            "start": 1695859200,
            "end": 1725494400,
            "startClaimDate": 1696464000,
            "endClaimDate": 1726099200,
            "closableAt": 1726704000,
            "apr": 0.13198953427522478,
            "tokenPerVoteValue": 0.000381074701826858,
            "tokenPerVoteValueUSD": 0.0006973667043431501,
            "rewardsAvailable": 519.1946284591232,
            "rewardsAvailableUSD": 950.1261700801956,
            "maxRewardPerVote": 0.00065,
            "maxRewardPerVoteUSD": 0.00114192,
            "totalVotes": 1307950.4908914668
        },
        {
            "id": 133,
            "manager": "0x68841bC858B18E10AfF6c2eC67Dbc484B3b47D91",
            "bountyChainId": 1,
            "isEnded": false,
            "start": 1697068800,
            "end": 1727913600,
            "startClaimDate": 1697673600,
            "endClaimDate": 1728518400,
            "closableAt": 1729123200,
            "apr": 0.09624465549607525,
            "tokenPerVoteValue": 0.002046478513570242,
            "tokenPerVoteValueUSD": 0.0005085086373135136,
            "rewardsAvailable": 2249.408665070802,
            "rewardsAvailableUSD": 558.9326872730455,
            "maxRewardPerVote": 0.02,
            "maxRewardPerVoteUSD": 0.0047708127750564575,
            "totalVotes": 1055194.2295747201
        },
        {
            "id": 136,
            "manager": "0x2234a7c690AF5de948B3a1CcbEa43705E4583D2d",
            "bountyChainId": 1,
            "isEnded": false,
            "start": 1697068800,
            "end": 1725494400,
            "startClaimDate": 1697673600,
            "endClaimDate": 1726099200,
            "closableAt": 1726704000,
            "apr": 0.1301099347023753,
            "tokenPerVoteValue": 0.000375648,
            "tokenPerVoteValueUSD": 0.00068743584,
            "rewardsAvailable": 15.915050711498825,
            "rewardsAvailableUSD": 29.12454280204285,
            "maxRewardPerVote": 0.0003913,
            "maxRewardPerVoteUSD": 0.00068743584,
            "totalVotes": 34720.74525188354
        },
        {
            "id": 172,
            "manager": "0x2234a7c690AF5de948B3a1CcbEa43705E4583D2d",
            "bountyChainId": 1,
            "isEnded": false,
            "start": 1706745600,
            "end": 1725494400,
            "startClaimDate": 1707350400,
            "endClaimDate": 1726099200,
            "closableAt": 1726704000,
            "apr": 0.07567856155957225,
            "tokenPerVoteValue": 0.000218496,
            "tokenPerVoteValueUSD": 0.00039984768,
            "rewardsAvailable": 464.9316092396159,
            "rewardsAvailableUSD": 850.8248449084972,
            "maxRewardPerVote": 0.0002276,
            "maxRewardPerVoteUSD": 0.00039984768,
            "totalVotes": 168272.82003053933
        },
        {
            "id": 192,
            "manager": "0x2927D7D70943290529Adc517E8E2Dc1eEE7818b6",
            "bountyChainId": 1,
            "isEnded": false,
            "start": 1710979200,
            "end": 1725494400,
            "startClaimDate": 1711584000,
            "endClaimDate": 1726099200,
            "closableAt": 1726704000,
            "apr": 0.004583441660256632,
            "tokenPerVoteValue": 0.0144,
            "tokenPerVoteValueUSD": 2.421661401196592e-05,
            "rewardsAvailable": 51187.41774293002,
            "rewardsAvailableUSD": 86.08235678818001,
            "maxRewardPerVote": 0.015,
            "maxRewardPerVoteUSD": 2.421661401196592e-05,
            "totalVotes": 255110.27963259185
        },
        {
            "id": 236,
            "manager": "0x1c572Bf5306c086b43f6F91F032296A25B49D920",
            "bountyChainId": 1,
            "isEnded": false,
            "start": 1718841600,
            "end": 1726099200,
            "startClaimDate": 1719446400,
            "endClaimDate": 1726704000,
            "closableAt": 1727308800,
            "apr": 0.1097446882569683,