{
    "0x0000000895cB182E6f983eb4D8b4E0Aa0B31Ae4c": [
        {
            "id": 92,
            "manager": "0xF98bb4943eb8a3eB6234a9f6B1Fa758714381753",
            "bountyChainId": 1,
            "isEnded": false,
            "start": 1689811200,
            "end": 1729123200,
            "startClaimDate": 1690416000,
            "endClaimDate": 1729728000,
            "closableAt": 1730332800,
            "apr": 0.08021585250019793,
            "tokenPerVoteValue": 0.00019206196924712949,
            "tokenPerVoteValueUSD": 0.000397568276341558,
            "rewardsAvailable": 184.34303626835268,
            "rewardsAvailableUSD": 381.59008507549004,
            "maxRewardPerVote": 0.0007842,
            "maxRewardPerVoteUSD": 0.0015583622399999997,
            "totalVotes": 921417.787765724
        },
        {
            "id": 93,
            "manager": "0xF98bb4943eb8a3eB6234a9f6B1Fa758714381753",
            "bountyChainId": 1,
            "isEnded": false,
            "start": 1689811200,
            "end": 1729123200,
            "startClaimDate": 1690416000,
            "endClaimDate": 1729728000,
            "closableAt": 1730332800,
            "apr": 0.07277150935253257,
            "tokenPerVoteValue": 0.00017423787138955878,
            "tokenPerVoteValueUSD": 0.00036067239377638664,
            "rewardsAvailable": 178.7699717737408,
            "rewardsAvailableUSD": 370.05384157164343,
            "maxRewardPerVote": 0.0007842,
            "maxRewardPerVoteUSD": 0.0015583622399999997,
            "totalVotes": 984970.5551044482
        },
        {
            "id": 123,
            "manager": "0x12E9D6962CEc231E2b0F8b49cE80e5B6fBF1cEa9",
            "bountyChainId": 1,
            "isEnded": false,
            "start": 1695859200,
            "end": 1731542400,
            "startClaimDate": 1696464000,
            "endClaimDate": 1732147200,
            "closableAt": 1732752000,
            "apr": 0.1180089051901337,
            "tokenPerVoteValue": 0.002240310108392727,
            "tokenPerVoteValueUSD": 0.0005848793669465772,
            "rewardsAvailable": 25406.38148905856,
            "rewardsAvailableUSD": 6632.86223905164,
            "maxRewardPerVote": 0.02,
            "maxRewardPerVoteUSD": 0.005012557771937578,
            "totalVotes": 10886942.007771641
        },
        {
            "id": 127,
            "manager": "0x8306300ffd616049FD7e4b0354a64Da835c1A81C",
            "bountyChainId": 1,
            "isEnded": false,
            "start": 1695859200,
            "end": 1729123200,
            "startClaimDate": 1696464000,
            "endClaimDate": 1729728000,
            "closableAt": 1730332800,
            "apr": 0.1159158313948396,
            "tokenPerVoteValue": 0.00027753894212563773,
            "tokenPerVoteValueUSD": 0.00057450561020007,
            "rewardsAvailable": 521.3460626146107,
            "rewardsAvailableUSD": 1079.186349612244,
            "maxRewardPerVote": 0.00065,
            "maxRewardPerVoteUSD": 0.00129168,
            "totalVotes": 1803322.5041387558
        },
        {
            "id": 133,
            "manager": "0x68841bC858B18E10AfF6c2eC67Dbc484B3b47D91",
            "bountyChainId": 1,
            "isEnded": false,
            "start": 1697068800,
            "end": 1731542400,
            "startClaimDate": 1697673600,
            "endClaimDate": 1732147200,
            "closableAt": 1732752000,
            "apr": 0.08480357376619167,
            "tokenPerVoteValue": 0.0016099319219183095,
            "tokenPerVoteValueUSD": 0.00042030608164073043,
            "rewardsAvailable": 1966.9457448831577,
            "rewardsAvailableUSD": 513.5119364840427,
            "maxRewardPerVote": 0.02,
            "maxRewardPerVoteUSD": 0.005012557771937578,
            "totalVotes": 1172886.8092992848
        },
        {
            "id": 136,
            "manager": "0x2234a7c690AF5de948B3a1CcbEa43705E4583D2d",
            "bountyChainId": 1,
            "isEnded": false,
            "start": 1697068800,
            "end": 1729123200,
            "startClaimDate": 1697673600,
            "endClaimDate": 1729728000,
            "closableAt": 1730332800,
            "apr": 0.15689167760860454,
            "tokenPerVoteValue": 0.000375648,
            "tokenPerVoteValueUSD": 0.00077759136,
            "rewardsAvailable": 6.054451965332893,
            "rewardsAvailableUSD": 12.532715568239087,
            "maxRewardPerVote": 0.0003913,
            "maxRewardPerVoteUSD": 0.00077759136,
            "totalVotes": 10587.678854578257
        },
        {
            "id": 172,
            "manager": "0x2234a7c690AF5de948B3a1CcbEa43705E4583D2d",
            "bountyChainId": 1,
            "isEnded": false,
            "start": 1706745600,
            "end": 1729123200,
            "startClaimDate": 1707350400,
            "endClaimDate": 1729728000,
            "closableAt": 1730332800,
            "apr": 0.09125618661824277,
            "tokenPerVoteValue": 0.00021849600000000002,
            "tokenPerVoteValueUSD": 0.00045228672,
            "rewardsAvailable": 109.24222901950053,
            "rewardsAvailableUSD": 226.13141407036608,
            "maxRewardPerVote": 0.0002276,
            "maxRewardPerVoteUSD": 0.00045228672,
            "totalVotes": 278020.2172123281
        },
        {
            "id": 236,
            "manager": "0x1c572Bf5306c086b43f6F91F032296A25B49D920",
            "bountyChainId": 1,
            "isEnded": false,
            "start": 1718841600,
            "end": 1729728000,
            "startClaimDate": 1719446400,
            "endClaimDate": 1730332800,
            "closableAt": 1730937600,
            "apr": 0.060464300559730004,
            "tokenPerVoteValue": 0.009621970708953065,
            "tokenPerVoteValueUSD": 0.0002996750268741511,
            "rewardsAvailable": 10545.84744274805,
            "rewardsAvailableUSD": 328.4490476442205,
            "maxRewardPerVote": 0.02355728805080312,
            "maxRewardPerVoteUSD": 0.0007043411269390239,
            "totalVotes": 1052176.7163163282
        },
        {
            "id": 244,
            "manager": "0xd3Ea7CF0a73D709029988Bf2cb65ACC568f79332",
            "bountyChainId": 1,
            "isEnded": false,
            "start": 1719446400,
            "end": 1729728000,
            "startClaimDate": 1720051200,
            "endClaimDate": 1730332800,
            "closableAt": 1730937600,
            "apr": 0.07023181872160195,
            "tokenPerVoteValue": 0.011176322165642084,
            "tokenPerVoteValueUSD": 0.0003480851009270412,
            "rewardsAvailable": 7595.708573665181,
            "rewardsAvailableUSD": 236.56735608468748,
            "maxRewardPerVote": 0.02355728805080312,
            "maxRewardPerVoteUSD": 0.0007043411269390239,
            "totalVotes": 652440.0534135507
        },
        {
            "id": 245,
            "manager": "0xf8AfC5e9AEdA712A05E32F27513cDAa2F67f457B",
            "bountyChainId": 1,
            "isEnded": false,
            "start": 1719446400,
            "end": 1729728000,
            "startClaimDate": 1720051200,
            "endClaimDate": 1730332800,
            "closableAt": 1730937600,
            "apr": 0.05095230310360597,
            "tokenPerVoteValue": 0.008108281473169237,
            "tokenPerVoteValueUSD": 0.00025253137240526435,
            "rewardsAvailable": 11485.05378827047,
            "rewardsAvailableUSD": 357.70050717869134,
            "maxRewardPerVote": 0.02355728805080312,
            "maxRewardPerVoteUSD": 0.0007043411269390239,
            "totalVotes": 1359801.293680314
        },
        {
            "id": 266,
            "manager": "0xFC08757c505eA28709dF66E54870fB6dE09f0C5E",
            "bountyChainId": 1,
            "isEnded": false,
            "start": 1728518400,
            "end": 1729123200,
            "startClaimDate": 1729123200,
            "endClaimDate": 1729728000,