{
    "0x0000000895cB182E6f983eb4D8b4E0Aa0B31Ae4c": [
        {
            "id": 92,
            "manager": "0xF98bb4943eb8a3eB6234a9f6B1Fa758714381753",
            "bountyChainId": 1,
            "isEnded": false,
            "start": 1689811200,
            "end": 1727913600,
            "startClaimDate": 1690416000,
            "endClaimDate": 1728518400,
            "closableAt": 1729123200,
            "apr": 0.0638080620502996,
            "tokenPerVoteValue": 0.00015121359953237725,
            "tokenPerVoteValueUSD": 0.00031603642302266844,
            "rewardsAvailable": 149.73959193655145,
            "rewardsAvailableUSD": 312.9557471473925,
            "maxRewardPerVote": 0.0007842,
            "maxRewardPerVoteUSD": 0.0015734188799999998,
            "totalVotes": 950642.0633040364
        },
        {
            "id": 93,
            "manager": "0xF98bb4943eb8a3eB6234a9f6B1Fa758714381753",
            "bountyChainId": 1,
            "isEnded": false,
            "start": 1689811200,
            "end": 1727913600,
            "startClaimDate": 1690416000,
            "endClaimDate": 1728518400,
            "closableAt": 1729123200,
            "apr": 0.12464725430717724,
            "tokenPerVoteValue": 0.0002953915130780467,
            "tokenPerVoteValueUSD": 0.0006173682623331176,
            "rewardsAvailable": 132.39268391149938,
            "rewardsAvailableUSD": 276.7007093750337,
            "maxRewardPerVote": 0.0007842,
            "maxRewardPerVoteUSD": 0.0015734188799999998,
            "totalVotes": 430266.17532325163
        },
        {
            "id": 123,
            "manager": "0x12E9D6962CEc231E2b0F8b49cE80e5B6fBF1cEa9",
            "bountyChainId": 1,
            "isEnded": false,
            "start": 1695859200,
            "end": 1730332800,
            "startClaimDate": 1696464000,
            "endClaimDate": 1730937600,
            "closableAt": 1731542400,
            "apr": 0.09459975457111623,
            "tokenPerVoteValue": 0.001859190451896684,
            "tokenPerVoteValueUSD": 0.0004685453074865409,
            "rewardsAvailable": 26995.564343494152,
            "rewardsAvailableUSD": 6803.30785003303,
            "maxRewardPerVote": 0.02,
            "maxRewardPerVoteUSD": 0.0048387027238463364,
            "totalVotes": 13939261.43678073
        },
        {
            "id": 124,
            "manager": "0xfCBa6dC55c4b36943cF6C69f2c23b345350d520E",
            "bountyChainId": 1,
            "isEnded": true,
            "start": 1695859200,
            "end": 1726704000,
            "startClaimDate": 1696464000,
            "endClaimDate": 1727308800,
            "closableAt": 1727913600,
            "apr": 0,
            "tokenPerVoteValue": 0.0,
            "tokenPerVoteValueUSD": 0.0,
            "rewardsAvailable": 0,
            "rewardsAvailableUSD": 0,
            "maxRewardPerVote": 0.02,
            "maxRewardPerVoteUSD": 0.0048387027238463364,
            "totalVotes": 1599027.3993973497
        },
        {
            "id": 125,
            "manager": "0xF78f606db249B27cb835Bec41f9957fCe2308f5e",
            "bountyChainId": 1,
            "isEnded": true,
            "start": 1695859200,
            "end": 1726704000,
            "startClaimDate": 1696464000,
            "endClaimDate": 1727308800,
            "closableAt": 1727913600,
            "apr": 0,
            "tokenPerVoteValue": 0.0,
            "tokenPerVoteValueUSD": 0.0,
            "rewardsAvailable": 0,
            "rewardsAvailableUSD": 0,
            "maxRewardPerVote": 0.02,
            "maxRewardPerVoteUSD": 0.0048387027238463364,
            "totalVotes": 213585.269802355
        },
        {
            "id": 127,
            "manager": "0x8306300ffd616049FD7e4b0354a64Da835c1A81C",
            "bountyChainId": 1,
            "isEnded": false,
            "start": 1695859200,
            "end": 1727913600,
            "startClaimDate": 1696464000,
            "endClaimDate": 1728518400,
            "closableAt": 1729123200,
            "apr": 0.09319244684579414,
            "tokenPerVoteValue": 0.00022084929214232586,
            "tokenPerVoteValueUSD": 0.000461575020577461,
            "rewardsAvailable": 442.4295886899596,
            "rewardsAvailableUSD": 924.6778403620154,
            "maxRewardPerVote": 0.00065,
            "maxRewardPerVoteUSD": 0.00130416,
            "totalVotes": 1923177.5706514071
        },
        {
            "id": 133,
            "manager": "0x68841bC858B18E10AfF6c2eC67Dbc484B3b47D91",
            "bountyChainId": 1,
            "isEnded": false,
            "start": 1697068800,
            "end": 1730332800,
            "startClaimDate": 1697673600,
            "endClaimDate": 1730937600,
            "closableAt": 1731542400,
            "apr": 0.09288117638825981,
            "tokenPerVoteValue": 0.001825414844730572,
            "tokenPerVoteValueUSD": 0.0004600333219451748,
            "rewardsAvailable": 2289.792023170648,
            "rewardsAvailableUSD": 577.0636926852827,
            "maxRewardPerVote": 0.02,
            "maxRewardPerVoteUSD": 0.0048387027238463364,
            "totalVotes": 1204219.6044309437
        },
        {
            "id": 136,
            "manager": "0x2234a7c690AF5de948B3a1CcbEa43705E4583D2d",
            "bountyChainId": 1,
            "isEnded": false,
            "start": 1697068800,
            "end": 1727913600,
            "startClaimDate": 1697673600,
            "endClaimDate": 1728518400,
            "closableAt": 1729123200,
            "apr": 0.1167619371170424,
            "tokenPerVoteValue": 0.0002767047334226031,
            "tokenPerVoteValueUSD": 0.0005783128928532404,
            "rewardsAvailable": 4.49505553192462,
            "rewardsAvailableUSD": 9.394666061722454,
            "maxRewardPerVote": 0.0003913,
            "maxRewardPerVoteUSD": 0.0007851043199999999,
            "totalVotes": 15595.155374726004
        },
        {
            "id": 172,
            "manager": "0x2234a7c690AF5de948B3a1CcbEa43705E4583D2d",
            "bountyChainId": 1,
            "isEnded": false,
            "start": 1706745600,
            "end": 1727913600,
            "startClaimDate": 1707350400,
            "endClaimDate": 1728518400,
            "closableAt": 1729123200,
            "apr": 0.09219942101012611,
            "tokenPerVoteValue": 0.00021849600000000002,
            "tokenPerVoteValueUSD": 0.00045665664,
            "rewardsAvailable": 121.58194345701143,
            "rewardsAvailableUSD": 254.1062618251539,
            "maxRewardPerVote": 0.0002276,
            "maxRewardPerVoteUSD": 0.00045665664,
            "totalVotes": 342188.57527572644
        },
        {
            "id": 236,
            "manager": "0x1c572Bf5306c086b43f6F91F032296A25B49D920",
            "bountyChainId": 1,
            "isEnded": false,
            "start": 1718841600,
            "end": 1727913600,
            "startClaimDate": 1719446400,
            "endClaimDate": 1728518400,
            "closableAt": 1729123200,
            "apr": 0.14201133104904534,
            "tokenPerVoteValue": 0.011514253421143279,
            "tokenPerVoteValueUSD": 0.0007033711987373795,
            "rewardsAvailable": 12967.335818846675,
            "rewardsAvailableUSD": 792.1356431658869,
            "maxRewardPerVote": 0.016050064484440674,
            "maxRewardPerVoteUSD": 0.0009412322775945864,
            "totalVotes": 1081150.6339815084
        },
        {
            "id": 244,
            "manager": "0xd3Ea7CF0a73D709029988Bf2cb65ACC568f79332",
            "bountyChainId": 1,
            "isEnded": false,
            "start": 1719446400,
            "end": 1727913600,
            "startClaimDate": 1720051200,
            "endClaimDate": 1728518400,
            "closableAt": 1729123200,
            "apr": 0.16296914885913807,
            "tokenPerVoteValue": 0.01321350955540356,
            "tokenPerVoteValueUSD": 0.0008071736582109373,