{
    "0x0000000895cB182E6f983eb4D8b4E0Aa0B31Ae4c": [
        {
            "id": 92,
            "manager": "0xF98bb4943eb8a3eB6234a9f6B1Fa758714381753",
            "bountyChainId": 1,
            "isEnded": false,
            "start": 1689811200,
            "end": 1726704000,
            "startClaimDate": 1690416000,
            "endClaimDate": 1727308800,
            "closableAt": 1727913600,
            "apr": 0.09420154928034923,
            "tokenPerVoteValue": 0.00027960958296398703,
            "tokenPerVoteValueUSD": 0.0005508308784390544,
            "rewardsAvailable": 204.0235181121326,
            "rewardsAvailableUSD": 401.9263306809012,
            "maxRewardPerVote": 0.0007842,
            "maxRewardPerVoteUSD": 0.0014830790399999998,
            "totalVotes": 700485.9250938973
        },
        {
            "id": 93,
            "manager": "0xF98bb4943eb8a3eB6234a9f6B1Fa758714381753",
            "bountyChainId": 1,
            "isEnded": false,
            "start": 1689811200,
            "end": 1726704000,
            "startClaimDate": 1690416000,
            "endClaimDate": 1727308800,
            "closableAt": 1727913600,
            "apr": 0.0994108859103167,
            "tokenPerVoteValue": 0.0002950719660537742,
            "tokenPerVoteValueUSD": 0.0005812917731259352,
            "rewardsAvailable": 178.15853111158944,
            "rewardsAvailableUSD": 350.9723062898312,
            "maxRewardPerVote": 0.0007842,
            "maxRewardPerVoteUSD": 0.0014830790399999998,
            "totalVotes": 579628.7331340612
        },
        {
            "id": 123,
            "manager": "0x12E9D6962CEc231E2b0F8b49cE80e5B6fBF1cEa9",
            "bountyChainId": 1,
            "isEnded": false,
            "start": 1695859200,
            "end": 1729123200,
            "startClaimDate": 1696464000,
            "endClaimDate": 1729728000,
            "closableAt": 1730332800,
            "apr": 0.09440089851068312,
            "tokenPerVoteValue": 0.0020377074204415654,
            "tokenPerVoteValueUSD": 0.0005519965462279585,
            "rewardsAvailable": 28347.7842979043,
            "rewardsAvailableUSD": 7679.158876629835,
            "maxRewardPerVote": 0.02,
            "maxRewardPerVoteUSD": 0.005201106685512376,
            "totalVotes": 13355142.476779597
        },
        {
            "id": 124,
            "manager": "0xfCBa6dC55c4b36943cF6C69f2c23b345350d520E",
            "bountyChainId": 1,
            "isEnded": false,
            "start": 1695859200,
            "end": 1726704000,
            "startClaimDate": 1696464000,
            "endClaimDate": 1727308800,
            "closableAt": 1727913600,
            "apr": 0.1049320363178166,
            "tokenPerVoteValue": 0.002265029172605398,
            "tokenPerVoteValueUSD": 0.0006135759569020052,
            "rewardsAvailable": 7696.447024531503,
            "rewardsAvailableUSD": 2084.898024686596,
            "maxRewardPerVote": 0.02,
            "maxRewardPerVoteUSD": 0.005201106685512376,
            "totalVotes": 3262028.247985593
        },
        {
            "id": 125,
            "manager": "0xF78f606db249B27cb835Bec41f9957fCe2308f5e",
            "bountyChainId": 1,
            "isEnded": false,
            "start": 1695859200,
            "end": 1726704000,
            "startClaimDate": 1696464000,
            "endClaimDate": 1727308800,
            "closableAt": 1727913600,
            "apr": 0.0987456553624872,
            "tokenPerVoteValue": 0.002131491943858295,
            "tokenPerVoteValueUSD": 0.0005774019270477682,
            "rewardsAvailable": 1412.6910903231253,
            "rewardsAvailableUSD": 382.6852642939258,
            "maxRewardPerVote": 0.02,
            "maxRewardPerVoteUSD": 0.005201106685512376,
            "totalVotes": 636260.1794568929
        },
        {
            "id": 127,
            "manager": "0x8306300ffd616049FD7e4b0354a64Da835c1A81C",
            "bountyChainId": 1,
            "isEnded": false,
            "start": 1695859200,
            "end": 1726704000,
            "startClaimDate": 1696464000,
            "endClaimDate": 1727308800,
            "closableAt": 1727913600,
            "apr": 0.07424311459838602,
            "tokenPerVoteValue": 0.00022036884180133787,
            "tokenPerVoteValueUSD": 0.0004341266183486356,
            "rewardsAvailable": 524.6371657077012,
            "rewardsAvailableUSD": 1033.5352164441715,
            "maxRewardPerVote": 0.00065,
            "maxRewardPerVoteUSD": 0.00122928,
            "totalVotes": 2285494.060605148
        },
        {
            "id": 133,
            "manager": "0x68841bC858B18E10AfF6c2eC67Dbc484B3b47D91",
            "bountyChainId": 1,
            "isEnded": false,
            "start": 1697068800,
            "end": 1729123200,
            "startClaimDate": 1697673600,
            "endClaimDate": 1729728000,
            "closableAt": 1730332800,
            "apr": 0.09620230528586045,
            "tokenPerVoteValue": 0.002076592007462706,
            "tokenPerVoteValueUSD": 0.0005625300298487421,
            "rewardsAvailable": 2272.159528150558,
            "rewardsAvailableUSD": 615.5075058549226,
            "maxRewardPerVote": 0.02,
            "maxRewardPerVoteUSD": 0.005201106685512376,
            "totalVotes": 1050410.0657161511
        },
        {
            "id": 136,
            "manager": "0x2234a7c690AF5de948B3a1CcbEa43705E4583D2d",
            "bountyChainId": 1,
            "isEnded": false,
            "start": 1697068800,
            "end": 1726704000,
            "startClaimDate": 1697673600,
            "endClaimDate": 1727308800,
            "closableAt": 1727913600,
            "apr": 0.033978527134048024,
            "tokenPerVoteValue": 0.00010085526060093757,
            "tokenPerVoteValueUSD": 0.000198684863383847,
            "rewardsAvailable": 19.274941210951702,
            "rewardsAvailableUSD": 37.97163418557486,
            "maxRewardPerVote": 0.0003913,
            "maxRewardPerVoteUSD": 0.00074002656,
            "totalVotes": 183470.2865498482
        },
        {
            "id": 172,
            "manager": "0x2234a7c690AF5de948B3a1CcbEa43705E4583D2d",
            "bountyChainId": 1,
            "isEnded": false,
            "start": 1706745600,
            "end": 1726704000,
            "startClaimDate": 1707350400,
            "endClaimDate": 1727308800,
            "closableAt": 1727913600,
            "apr": 0.07361214695638732,
            "tokenPerVoteValue": 0.000218496,
            "tokenPerVoteValueUSD": 0.00043043712,
            "rewardsAvailable": 470.5426290673875,
            "rewardsAvailableUSD": 926.9689792627534,
            "maxRewardPerVote": 0.0002276,
            "maxRewardPerVoteUSD": 0.00043043712,
            "totalVotes": 1899142.7778153592
        },
        {
            "id": 236,
            "manager": "0x1c572Bf5306c086b43f6F91F032296A25B49D920",
            "bountyChainId": 1,
            "isEnded": false,
            "start": 1718841600,
            "end": 1727308800,
            "startClaimDate": 1719446400,
            "endClaimDate": 1727913600,
            "closableAt": 1728518400,
            "apr": 0.09322827819887179,
            "tokenPerVoteValue": 0.0068454800879936715,
            "tokenPerVoteValueUSD": 0.000545139806807376,
            "rewardsAvailable": 15807.627154310338,
            "rewardsAvailableUSD": 1258.8403884335037,
            "maxRewardPerVote": 0.012014824762243368,
            "maxRewardPerVoteUSD": 0.0009185285471436006,
            "totalVotes": 2216838.245538689
        },
        {
            "id": 244,
            "manager": "0xd3Ea7CF0a73D709029988Bf2cb65ACC568f79332",
            "bountyChainId": 1,
            "isEnded": false,
            "start": 1719446400,
            "end": 1727308800,
            "startClaimDate": 1720051200,
            "endClaimDate": 1727913600,
            "closableAt": 1728518400,