{
    "0x0000000895cB182E6f983eb4D8b4E0Aa0B31Ae4c": [
        {
            "id": 92,
            "manager": "0xF98bb4943eb8a3eB6234a9f6B1Fa758714381753",
            "bountyChainId": 1,
            "isEnded": false,
            "start": 1689811200,
            "end": 1729123200,
            "startClaimDate": 1690416000,
            "endClaimDate": 1729728000,
            "closableAt": 1730332800,
            "apr": 0.08232674277993046,
            "tokenPerVoteValue": 0.00019973357409734213,
            "tokenPerVoteValueUSD": 0.0004194405056044185,
            "rewardsAvailable": 192.85150065550707,
            "rewardsAvailableUSD": 404.9881513765649,
            "maxRewardPerVote": 0.0007842,
            "maxRewardPerVoteUSD": 0.0015809472,
            "totalVotes": 926921.9832768738
        },
        {
            "id": 93,
            "manager": "0xF98bb4943eb8a3eB6234a9f6B1Fa758714381753",
            "bountyChainId": 1,
            "isEnded": false,
            "start": 1689811200,
            "end": 1729123200,
            "startClaimDate": 1690416000,
            "endClaimDate": 1729728000,
            "closableAt": 1730332800,
            "apr": 0.08701420124456977,
            "tokenPerVoteValue": 0.00021110585485279408,
            "tokenPerVoteValueUSD": 0.0004433222951908676,
            "rewardsAvailable": 194.38093584434935,
            "rewardsAvailableUSD": 408.19996527313367,
            "maxRewardPerVote": 0.0007842,
            "maxRewardPerVoteUSD": 0.0015809472,
            "totalVotes": 883943.7378025214
        },
        {
            "id": 123,
            "manager": "0x12E9D6962CEc231E2b0F8b49cE80e5B6fBF1cEa9",
            "bountyChainId": 1,
            "isEnded": false,
            "start": 1695859200,
            "end": 1731542400,
            "startClaimDate": 1696464000,
            "endClaimDate": 1732147200,
            "closableAt": 1732752000,
            "apr": 0.11798975450012814,
            "tokenPerVoteValue": 0.0021587708518691316,
            "tokenPerVoteValueUSD": 0.0006011373778744894,
            "rewardsAvailable": 25492.17354518204,
            "rewardsAvailableUSD": 7098.622045968379,
            "maxRewardPerVote": 0.02,
            "maxRewardPerVoteUSD": 0.005346485776939645,
            "totalVotes": 11336305.834491747
        },
        {
            "id": 127,
            "manager": "0x8306300ffd616049FD7e4b0354a64Da835c1A81C",
            "bountyChainId": 1,
            "isEnded": false,
            "start": 1695859200,
            "end": 1729123200,
            "startClaimDate": 1696464000,
            "endClaimDate": 1729728000,
            "closableAt": 1730332800,
            "apr": 0.11382219505944871,
            "tokenPerVoteValue": 0.0002761449446821869,
            "tokenPerVoteValueUSD": 0.0005799043838325925,
            "rewardsAvailable": 521.3460626146107,
            "rewardsAvailableUSD": 1094.8267314906825,
            "maxRewardPerVote": 0.00065,
            "maxRewardPerVoteUSD": 0.0013103999999999998,
            "totalVotes": 1812425.7921362238
        },
        {
            "id": 133,
            "manager": "0x68841bC858B18E10AfF6c2eC67Dbc484B3b47D91",
            "bountyChainId": 1,
            "isEnded": false,
            "start": 1697068800,
            "end": 1731542400,
            "startClaimDate": 1697673600,
            "endClaimDate": 1732147200,
            "closableAt": 1732752000,
            "apr": 0.09000651975121396,
            "tokenPerVoteValue": 0.0016467824019151852,
            "tokenPerVoteValueUSD": 0.00045856764008093986,
            "rewardsAvailable": 2030.9556034477823,
            "rewardsAvailableUSD": 565.5455858036169,
            "maxRewardPerVote": 0.02,
            "maxRewardPerVoteUSD": 0.005346485776939645,
            "totalVotes": 1183955.6805090804
        },
        {
            "id": 136,
            "manager": "0x2234a7c690AF5de948B3a1CcbEa43705E4583D2d",
            "bountyChainId": 1,
            "isEnded": false,
            "start": 1697068800,
            "end": 1729123200,
            "startClaimDate": 1697673600,
            "endClaimDate": 1729728000,
            "closableAt": 1730332800,
            "apr": 0.15483564248804405,
            "tokenPerVoteValue": 0.000375648,
            "tokenPerVoteValueUSD": 0.0007888608000000001,
            "rewardsAvailable": 6.054451965332893,
            "rewardsAvailableUSD": 12.714349127199077,
            "maxRewardPerVote": 0.0003913,
            "maxRewardPerVoteUSD": 0.0007888608000000001,
            "totalVotes": 10644.895703985821
        },
        {
            "id": 172,
            "manager": "0x2234a7c690AF5de948B3a1CcbEa43705E4583D2d",
            "bountyChainId": 1,
            "isEnded": false,
            "start": 1706745600,
            "end": 1729123200,
            "startClaimDate": 1707350400,
            "endClaimDate": 1729728000,
            "closableAt": 1730332800,
            "apr": 0.09006029192506727,
            "tokenPerVoteValue": 0.000218496,
            "tokenPerVoteValueUSD": 0.0004588416,
            "rewardsAvailable": 109.24222901950053,
            "rewardsAvailableUSD": 229.40868094095111,
            "maxRewardPerVote": 0.0002276,
            "maxRewardPerVoteUSD": 0.0004588416,
            "totalVotes": 407099.4684882824
        },
        {
            "id": 236,
            "manager": "0x1c572Bf5306c086b43f6F91F032296A25B49D920",
            "bountyChainId": 1,
            "isEnded": false,
            "start": 1718841600,
            "end": 1729123200,
            "startClaimDate": 1719446400,
            "endClaimDate": 1729728000,
            "closableAt": 1730332800,
            "apr": 0.08917297883050045,
            "tokenPerVoteValue": 0.007557152489380922,
            "tokenPerVoteValueUSD": 0.00045432089335660226,
            "rewardsAvailable": 10819.647417644768,
            "rewardsAvailableUSD": 650.4555634539681,
            "maxRewardPerVote": 0.015997419447616276,
            "maxRewardPerVoteUSD": 0.0009232635478577235,
            "totalVotes": 1374441.1715304507
        },
        {
            "id": 244,
            "manager": "0xd3Ea7CF0a73D709029988Bf2cb65ACC568f79332",
            "bountyChainId": 1,
            "isEnded": false,
            "start": 1719446400,
            "end": 1729123200,
            "startClaimDate": 1720051200,
            "endClaimDate": 1729728000,
            "closableAt": 1730332800,
            "apr": 0.10252047881917406,
            "tokenPerVoteValue": 0.00868831457557912,
            "tokenPerVoteValueUSD": 0.0005223240956546655,
            "rewardsAvailable": 7647.481776445315,
            "rewardsAvailableUSD": 459.7513094363394,
            "maxRewardPerVote": 0.015997419447616276,
            "maxRewardPerVoteUSD": 0.0009232635478577235,
            "totalVotes": 844995.0150312264
        },
        {
            "id": 245,
            "manager": "0xf8AfC5e9AEdA712A05E32F27513cDAa2F67f457B",
            "bountyChainId": 1,
            "isEnded": false,
            "start": 1719446400,
            "end": 1729123200,
            "startClaimDate": 1720051200,
            "endClaimDate": 1729728000,
            "closableAt": 1730332800,
            "apr": 0.11011201567927116,
            "tokenPerVoteValue": 0.009331675405652535,
            "tokenPerVoteValueUSD": 0.0005610016620370191,
            "rewardsAvailable": 11447.312567654273,
            "rewardsAvailableUSD": 688.1895369422396,
            "maxRewardPerVote": 0.015997419447616276,
            "maxRewardPerVoteUSD": 0.0009232635478577235,
            "totalVotes": 1177647.055564257
        },
        {
            "id": 265,
            "manager": "0xFC08757c505eA28709dF66E54870fB6dE09f0C5E",
            "bountyChainId": 1,
            "isEnded": true,
            "start": 1727308800,
            "end": 1727913600,
            "startClaimDate": 1727913600,
            "endClaimDate": 1728518400,