{
    "0x0000000895cB182E6f983eb4D8b4E0Aa0B31Ae4c": [
        {
            "id": 92,
            "manager": "0xF98bb4943eb8a3eB6234a9f6B1Fa758714381753",
            "bountyChainId": 1,
            "isEnded": false,
            "start": 1689811200,
            "end": 1731542400,
            "startClaimDate": 1690416000,
            "endClaimDate": 1732147200,
            "closableAt": 1732752000,
            "apr": 0.25730095120574625,
            "tokenPerVoteValue": 0.0007351526435810114,
            "tokenPerVoteValueUSD": 0.001543820551520124,
            "rewardsAvailable": 225.72738021740548,
            "rewardsAvailableUSD": 474.02749845655154,
            "maxRewardPerVote": 0.0007842,
            "maxRewardPerVoteUSD": 0.0015809472,
            "totalVotes": 294766.38205794577
        },
        {
            "id": 93,
            "manager": "0xF98bb4943eb8a3eB6234a9f6B1Fa758714381753",
            "bountyChainId": 1,
            "isEnded": false,
            "start": 1689811200,
            "end": 1731542400,
            "startClaimDate": 1690416000,
            "endClaimDate": 1732147200,
            "closableAt": 1732752000,
            "apr": 0.13816709743175545,
            "tokenPerVoteValue": 0.00039476693131868125,
            "tokenPerVoteValueUSD": 0.0008290105557692307,
            "rewardsAvailable": 230.16053999970907,
            "rewardsAvailableUSD": 483.3371339993891,
            "maxRewardPerVote": 0.0007842,
            "maxRewardPerVoteUSD": 0.0015809472,
            "totalVotes": 559707.768990793
        },
        {
            "id": 123,
            "manager": "0x12E9D6962CEc231E2b0F8b49cE80e5B6fBF1cEa9",
            "bountyChainId": 1,
            "isEnded": false,
            "start": 1695859200,
            "end": 1732752000,
            "startClaimDate": 1696464000,
            "endClaimDate": 1733356800,
            "closableAt": 1733961600,
            "apr": 0.13047427710108012,
            "tokenPerVoteValue": 0.0027245203517258644,
            "tokenPerVoteValueUSD": 0.0007828531899686209,
            "rewardsAvailable": 25317.90124245289,
            "rewardsAvailableUSD": 7274.748283091197,
            "maxRewardPerVote": 0.02,
            "maxRewardPerVoteUSD": 0.005516854090620457,
            "totalVotes": 8920904.252874639
        },
        {
            "id": 127,
            "manager": "0x8306300ffd616049FD7e4b0354a64Da835c1A81C",
            "bountyChainId": 1,
            "isEnded": false,
            "start": 1695859200,
            "end": 1731542400,
            "startClaimDate": 1696464000,
            "endClaimDate": 1732147200,
            "closableAt": 1732752000,
            "apr": 0.20159806155710036,
            "tokenPerVoteValue": 0.0005759999999999998,
            "tokenPerVoteValueUSD": 0.0012095999999999997,
            "rewardsAvailable": 917.0494955025624,
            "rewardsAvailableUSD": 1925.8039405553811,
            "maxRewardPerVote": 0.0006,
            "maxRewardPerVoteUSD": 0.0012095999999999997,
            "totalVotes": 1157296.5458683714
        },
        {
            "id": 133,
            "manager": "0x68841bC858B18E10AfF6c2eC67Dbc484B3b47D91",
            "bountyChainId": 1,
            "isEnded": false,
            "start": 1697068800,
            "end": 1732752000,
            "startClaimDate": 1697673600,
            "endClaimDate": 1733356800,
            "closableAt": 1733961600,
            "apr": 0.10575879886807686,
            "tokenPerVoteValue": 0.0022084199758924923,
            "tokenPerVoteValueUSD": 0.0006345588946776265,
            "rewardsAvailable": 2207.8092183615263,
            "rewardsAvailableUSD": 634.3834019597573,
            "maxRewardPerVote": 0.02,
            "maxRewardPerVoteUSD": 0.005516854090620457,
            "totalVotes": 959734.5037465121
        },
        {
            "id": 136,
            "manager": "0x2234a7c690AF5de948B3a1CcbEa43705E4583D2d",
            "bountyChainId": 1,
            "isEnded": false,
            "start": 1697068800,
            "end": 1731542400,
            "startClaimDate": 1697673600,
            "endClaimDate": 1732147200,
            "closableAt": 1732752000,
            "apr": 0.1314755358121557,
            "tokenPerVoteValue": 0.000375648,
            "tokenPerVoteValueUSD": 0.0007888608000000001,
            "rewardsAvailable": 18.500869702035722,
            "rewardsAvailableUSD": 38.85182637427502,
            "maxRewardPerVote": 0.0003913,
            "maxRewardPerVoteUSD": 0.0007888608000000001,
            "totalVotes": 7167.428983351267
        },
        {
            "id": 172,
            "manager": "0x2234a7c690AF5de948B3a1CcbEa43705E4583D2d",
            "bountyChainId": 1,
            "isEnded": false,
            "start": 1706745600,
            "end": 1731542400,
            "startClaimDate": 1707350400,
            "endClaimDate": 1732147200,
            "closableAt": 1732752000,
            "apr": 0.07647286468399343,
            "tokenPerVoteValue": 0.000218496,
            "tokenPerVoteValueUSD": 0.0004588416,
            "rewardsAvailable": 251.14605683333286,
            "rewardsAvailableUSD": 527.406719349999,
            "maxRewardPerVote": 0.0002276,
            "maxRewardPerVoteUSD": 0.0004588416,
            "totalVotes": 56000.959040910086
        },
        {
            "id": 236,
            "manager": "0x1c572Bf5306c086b43f6F91F032296A25B49D920",
            "bountyChainId": 1,
            "isEnded": false,
            "start": 1718841600,
            "end": 1731542400,
            "startClaimDate": 1719446400,
            "endClaimDate": 1732147200,
            "closableAt": 1732752000,
            "apr": 0.1397778942770349,
            "tokenPerVoteValue": 0.02331897127073889,
            "tokenPerVoteValueUSD": 0.0008386754297714944,
            "rewardsAvailable": 21206.8787991039,
            "rewardsAvailableUSD": 762.7132425549274,
            "maxRewardPerVote": 0.024290595073686343,
            "maxRewardPerVoteUSD": 0.0008386754297714944,
            "totalVotes": 464432.59239693667
        },
        {
            "id": 244,
            "manager": "0xd3Ea7CF0a73D709029988Bf2cb65ACC568f79332",
            "bountyChainId": 1,
            "isEnded": false,
            "start": 1719446400,
            "end": 1731542400,
            "startClaimDate": 1720051200,
            "endClaimDate": 1732147200,
            "closableAt": 1732752000,
            "apr": 0.1397778942770349,
            "tokenPerVoteValue": 0.02331897127073889,
            "tokenPerVoteValueUSD": 0.0008386754297714944,
            "rewardsAvailable": 12185.13010625736,
            "rewardsAvailableUSD": 438.24271276968534,
            "maxRewardPerVote": 0.024290595073686343,
            "maxRewardPerVoteUSD": 0.0008386754297714944,
            "totalVotes": 186325.27017238326
        },
        {
            "id": 245,
            "manager": "0xf8AfC5e9AEdA712A05E32F27513cDAa2F67f457B",
            "bountyChainId": 1,
            "isEnded": false,
            "start": 1719446400,
            "end": 1731542400,
            "startClaimDate": 1720051200,
            "endClaimDate": 1732147200,
            "closableAt": 1732752000,
            "apr": 0.1397778942770349,
            "tokenPerVoteValue": 0.02331897127073889,
            "tokenPerVoteValueUSD": 0.0008386754297714944,
            "rewardsAvailable": 19088.287433729674,
            "rewardsAvailableUSD": 686.5173202204383,
            "maxRewardPerVote": 0.024290595073686343,
            "maxRewardPerVoteUSD": 0.0008386754297714944,
            "totalVotes": 518897.9208364059
        },
        {
            "id": 268,
            "manager": "0xFC08757c505eA28709dF66E54870fB6dE09f0C5E",
            "bountyChainId": 1,
            "isEnded": false,
            "start": 1730937600,
            "end": 1731542400,
            "startClaimDate": 1731542400,
            "endClaimDate": 1732147200,