{
    "0x0000000895cB182E6f983eb4D8b4E0Aa0B31Ae4c": [
        {
            "id": 92,
            "manager": "0xF98bb4943eb8a3eB6234a9f6B1Fa758714381753",
            "bountyChainId": 1,
            "isEnded": false,
            "start": 1689811200,
            "end": 1727913600,
            "startClaimDate": 1690416000,
            "endClaimDate": 1728518400,
            "closableAt": 1729123200,
            "apr": 0.061258339918212154,
            "tokenPerVoteValue": 0.0001531239464463134,
            "tokenPerVoteValueUSD": 0.00030471665342816364,
            "rewardsAvailable": 149.73959193655145,
            "rewardsAvailableUSD": 297.9817879537374,
            "maxRewardPerVote": 0.0007842,
            "maxRewardPerVoteUSD": 0.0014981356799999997,
            "totalVotes": 938782.0232904551
        },
        {
            "id": 93,
            "manager": "0xF98bb4943eb8a3eB6234a9f6B1Fa758714381753",
            "bountyChainId": 1,
            "isEnded": false,
            "start": 1689811200,
            "end": 1727913600,
            "startClaimDate": 1690416000,
            "endClaimDate": 1728518400,
            "closableAt": 1729123200,
            "apr": 0.11880390073722481,
            "tokenPerVoteValue": 0.00029696727267484324,
            "tokenPerVoteValueUSD": 0.000590964872622938,
            "rewardsAvailable": 132.39268391149935,
            "rewardsAvailableUSD": 263.4614409838837,
            "maxRewardPerVote": 0.0007842,
            "maxRewardPerVoteUSD": 0.0014981356799999997,
            "totalVotes": 427983.10874545755
        },
        {
            "id": 123,
            "manager": "0x12E9D6962CEc231E2b0F8b49cE80e5B6fBF1cEa9",
            "bountyChainId": 1,
            "isEnded": false,
            "start": 1695859200,
            "end": 1730332800,
            "startClaimDate": 1696464000,
            "endClaimDate": 1730937600,
            "closableAt": 1731542400,
            "apr": 0.09197885994655954,
            "tokenPerVoteValue": 0.00184912459453147,
            "tokenPerVoteValueUSD": 0.0004575293817376332,
            "rewardsAvailable": 26983.18353335421,
            "rewardsAvailableUSD": 6676.456154354897,
            "maxRewardPerVote": 0.02,
            "maxRewardPerVoteUSD": 0.004750661018376851,
            "totalVotes": 14008713.24118835
        },
        {
            "id": 127,
            "manager": "0x8306300ffd616049FD7e4b0354a64Da835c1A81C",
            "bountyChainId": 1,
            "isEnded": false,
            "start": 1695859200,
            "end": 1727913600,
            "startClaimDate": 1696464000,
            "endClaimDate": 1728518400,
            "closableAt": 1729123200,
            "apr": 0.09708360293490326,
            "tokenPerVoteValue": 0.00024267429441390492,
            "tokenPerVoteValueUSD": 0.00048292184588367076,
            "rewardsAvailable": 442.42958868995953,
            "rewardsAvailableUSD": 880.4348814930195,
            "maxRewardPerVote": 0.00065,
            "maxRewardPerVoteUSD": 0.00124176,
            "totalVotes": 1750215.8857334028
        },
        {
            "id": 133,
            "manager": "0x68841bC858B18E10AfF6c2eC67Dbc484B3b47D91",
            "bountyChainId": 1,
            "isEnded": false,
            "start": 1697068800,
            "end": 1730332800,
            "startClaimDate": 1697673600,
            "endClaimDate": 1730937600,
            "closableAt": 1731542400,
            "apr": 0.0916413191724264,
            "tokenPerVoteValue": 0.001842338742353378,
            "tokenPerVoteValueUSD": 0.00045585035655956393,
            "rewardsAvailable": 2289.792023170648,
            "rewardsAvailableUSD": 566.5638387847429,
            "maxRewardPerVote": 0.02,
            "maxRewardPerVoteUSD": 0.004750661018376851,
            "totalVotes": 1193157.5294540413
        },
        {
            "id": 136,
            "manager": "0x2234a7c690AF5de948B3a1CcbEa43705E4583D2d",
            "bountyChainId": 1,
            "isEnded": false,
            "start": 1697068800,
            "end": 1727913600,
            "startClaimDate": 1697673600,
            "endClaimDate": 1728518400,
            "closableAt": 1729123200,
            "apr": 0.15028069356653254,
            "tokenPerVoteValue": 0.00037564799999999997,
            "tokenPerVoteValueUSD": 0.00074753952,
            "rewardsAvailable": 8.99011106384924,
            "rewardsAvailableUSD": 17.890321017059986,
            "maxRewardPerVote": 0.0003913,
            "maxRewardPerVoteUSD": 0.00074753952,
            "totalVotes": 15595.155374726004
        },
        {
            "id": 172,
            "manager": "0x2234a7c690AF5de948B3a1CcbEa43705E4583D2d",
            "bountyChainId": 1,
            "isEnded": false,
            "start": 1706745600,
            "end": 1727913600,
            "startClaimDate": 1707350400,
            "endClaimDate": 1728518400,
            "closableAt": 1729123200,
            "apr": 0.08741090175247329,
            "tokenPerVoteValue": 0.000218496,
            "tokenPerVoteValueUSD": 0.00043480704,
            "rewardsAvailable": 121.58194345701143,
            "rewardsAvailableUSD": 241.94806747945276,
            "maxRewardPerVote": 0.0002276,
            "maxRewardPerVoteUSD": 0.00043480704,
            "totalVotes": 340543.43789459317
        },
        {
            "id": 236,
            "manager": "0x1c572Bf5306c086b43f6F91F032296A25B49D920",
            "bountyChainId": 1,
            "isEnded": false,
            "start": 1718841600,
            "end": 1728518400,
            "startClaimDate": 1719446400,
            "endClaimDate": 1729123200,
            "closableAt": 1729728000,
            "apr": 0.09584284428008873,
            "tokenPerVoteValue": 0.009055251845685062,
            "tokenPerVoteValueUSD": 0.00047674995442347287,
            "rewardsAvailable": 11677.782055934087,
            "rewardsAvailableUSD": 614.8235474628738,
            "maxRewardPerVote": 0.0173605581132833,
            "maxRewardPerVoteUSD": 0.0008774553831420024,
            "totalVotes": 1238029.7052741547
        },
        {
            "id": 244,
            "manager": "0xd3Ea7CF0a73D709029988Bf2cb65ACC568f79332",
            "bountyChainId": 1,
            "isEnded": false,
            "start": 1719446400,
            "end": 1728518400,
            "startClaimDate": 1720051200,
            "endClaimDate": 1729123200,
            "closableAt": 1729728000,
            "apr": 0.10285733411175396,
            "tokenPerVoteValue": 0.009717982302735174,
            "tokenPerVoteValueUSD": 0.0005116420502567042,
            "rewardsAvailable": 7751.028182005586,
            "rewardsAvailableUSD": 408.0838827544121,
            "maxRewardPerVote": 0.0173605581132833,
            "maxRewardPerVoteUSD": 0.0008774553831420024,
            "totalVotes": 765692.5916227549
        },
        {
            "id": 245,
            "manager": "0xf8AfC5e9AEdA712A05E32F27513cDAa2F67f457B",
            "bountyChainId": 1,
            "isEnded": false,
            "start": 1719446400,
            "end": 1728518400,
            "startClaimDate": 1720051200,
            "endClaimDate": 1729123200,
            "closableAt": 1729728000,
            "apr": 0.12446317989097061,
            "tokenPerVoteValue": 0.011759307102091984,
            "tokenPerVoteValueUSD": 0.0006191157596180409,
            "rewardsAvailable": 12526.82256957934,
            "rewardsAvailableUSD": 659.5246814657827,
            "maxRewardPerVote": 0.0173605581132833,
            "maxRewardPerVoteUSD": 0.0008774553831420024,
            "totalVotes": 1022658.0156799189
        },
        {
            "id": 265,
            "manager": "0xFC08757c505eA28709dF66E54870fB6dE09f0C5E",
            "bountyChainId": 1,
            "isEnded": false,
            "start": 1727308800,
            "end": 1727913600,
            "startClaimDate": 1727913600,
            "endClaimDate": 1728518400,