{
    "0x0000000895cB182E6f983eb4D8b4E0Aa0B31Ae4c": [
        {
            "id": 92,
            "manager": "0xF98bb4943eb8a3eB6234a9f6B1Fa758714381753",
            "bountyChainId": 1,
            "isEnded": false,
            "start": 1689811200,
            "end": 1730332800,
            "startClaimDate": 1690416000,
            "endClaimDate": 1730937600,
            "closableAt": 1731542400,
            "apr": 0.2053629590115144,
            "tokenPerVoteValue": 0.0005179994519203406,
            "tokenPerVoteValueUSD": 0.0010152789257638676,
            "rewardsAvailable": 175.29004751777015,
            "rewardsAvailableUSD": 343.5684931348295,
            "maxRewardPerVote": 0.0007842,
            "maxRewardPerVoteUSD": 0.00147555072,
            "totalVotes": 324862.2078521768
        },
        {
            "id": 93,
            "manager": "0xF98bb4943eb8a3eB6234a9f6B1Fa758714381753",
            "bountyChainId": 1,
            "isEnded": false,
            "start": 1689811200,
            "end": 1730332800,
            "startClaimDate": 1690416000,
            "endClaimDate": 1730937600,
            "closableAt": 1731542400,
            "apr": 0.13720409587563837,
            "tokenPerVoteValue": 0.0003460782158910247,
            "tokenPerVoteValueUSD": 0.0006783133031464084,
            "rewardsAvailable": 231.50570220623172,
            "rewardsAvailableUSD": 453.75117632421416,
            "maxRewardPerVote": 0.0007842,
            "maxRewardPerVoteUSD": 0.00147555072,
            "totalVotes": 642182.7896499689
        },
        {
            "id": 123,
            "manager": "0x12E9D6962CEc231E2b0F8b49cE80e5B6fBF1cEa9",
            "bountyChainId": 1,
            "isEnded": false,
            "start": 1695859200,
            "end": 1732752000,
            "startClaimDate": 1696464000,
            "endClaimDate": 1733356800,
            "closableAt": 1733961600,
            "apr": 0.10986040817132402,
            "tokenPerVoteValue": 0.002168209059771431,
            "tokenPerVoteValueUSD": 0.0005431308436976117,
            "rewardsAvailable": 24794.443039573973,
            "rewardsAvailableUSD": 6210.944791696341,
            "maxRewardPerVote": 0.02,
            "maxRewardPerVoteUSD": 0.004809551067964572,
            "totalVotes": 10978030.55970085
        },
        {
            "id": 127,
            "manager": "0x8306300ffd616049FD7e4b0354a64Da835c1A81C",
            "bountyChainId": 1,
            "isEnded": false,
            "start": 1695859200,
            "end": 1730332800,
            "startClaimDate": 1696464000,
            "endClaimDate": 1730937600,
            "closableAt": 1731542400,
            "apr": 0.15369941300661102,
            "tokenPerVoteValue": 0.00038768535514449137,
            "tokenPerVoteValueUSD": 0.000759863296083203,
            "rewardsAvailable": 546.5905863418192,
            "rewardsAvailableUSD": 1071.3175492299656,
            "maxRewardPerVote": 0.00065,
            "maxRewardPerVoteUSD": 0.0012230399999999999,
            "totalVotes": 1353486.6765668239
        },
        {
            "id": 133,
            "manager": "0x68841bC858B18E10AfF6c2eC67Dbc484B3b47D91",
            "bountyChainId": 1,
            "isEnded": false,
            "start": 1697068800,
            "end": 1732752000,
            "startClaimDate": 1697673600,
            "endClaimDate": 1733356800,
            "closableAt": 1733961600,
            "apr": 0.07959157377864746,
            "tokenPerVoteValue": 0.0015708222299630464,
            "tokenPerVoteValueUSD": 0.0003934869652969406,
            "rewardsAvailable": 1890.256993999963,
            "rewardsAvailableUSD": 473.50455959479285,
            "maxRewardPerVote": 0.02,
            "maxRewardPerVoteUSD": 0.004809551067964572,
            "totalVotes": 1155220.9280121112
        },
        {
            "id": 136,
            "manager": "0x2234a7c690AF5de948B3a1CcbEa43705E4583D2d",
            "bountyChainId": 1,
            "isEnded": false,
            "start": 1697068800,
            "end": 1730332800,
            "startClaimDate": 1697673600,
            "endClaimDate": 1730937600,
            "closableAt": 1731542400,
            "apr": 0.1489271553102354,
            "tokenPerVoteValue": 0.000375648,
            "tokenPerVoteValueUSD": 0.00073627008,
            "rewardsAvailable": 8.200526364670264,
            "rewardsAvailableUSD": 16.073031674753718,
            "maxRewardPerVote": 0.0003913,
            "maxRewardPerVoteUSD": 0.00073627008,
            "totalVotes": 5806.109253903854
        },
        {
            "id": 172,
            "manager": "0x2234a7c690AF5de948B3a1CcbEa43705E4583D2d",
            "bountyChainId": 1,
            "isEnded": false,
            "start": 1706745600,
            "end": 1730332800,
            "startClaimDate": 1707350400,
            "endClaimDate": 1730937600,
            "closableAt": 1731542400,
            "apr": 0.08662361499772443,
            "tokenPerVoteValue": 0.000218496,
            "tokenPerVoteValueUSD": 0.00042825215999999996,
            "rewardsAvailable": 97.08140551867905,
            "rewardsAvailableUSD": 190.27955481661093,
            "maxRewardPerVote": 0.0002276,
            "maxRewardPerVoteUSD": 0.00042825215999999996,
            "totalVotes": 63601.0891964621
        },
        {
            "id": 236,
            "manager": "0x1c572Bf5306c086b43f6F91F032296A25B49D920",
            "bountyChainId": 1,
            "isEnded": false,
            "start": 1718841600,
            "end": 1730332800,
            "startClaimDate": 1719446400,
            "endClaimDate": 1730937600,
            "closableAt": 1731542400,
            "apr": 0.222411863383734,
            "tokenPerVoteValue": 0.033805072400883915,
            "tokenPerVoteValueUSD": 0.0010995657582082107,
            "rewardsAvailable": 10311.22563417441,
            "rewardsAvailableUSD": 335.3896272738191,
            "maxRewardPerVote": 0.045915862119317793,
            "maxRewardPerVoteUSD": 0.0014337496095391754,
            "totalVotes": 292819.2695883298
        },
        {
            "id": 244,
            "manager": "0xd3Ea7CF0a73D709029988Bf2cb65ACC568f79332",
            "bountyChainId": 1,
            "isEnded": false,
            "start": 1719446400,
            "end": 1730332800,
            "startClaimDate": 1720051200,
            "endClaimDate": 1730937600,
            "closableAt": 1731542400,
            "apr": 0.29000805081720843,
            "tokenPerVoteValue": 0.044079227634545075,
            "tokenPerVoteValueUSD": 0.0014337496095391754,
            "rewardsAvailable": 6370.045235756414,
            "rewardsAvailableUSD": 207.19623186761632,
            "maxRewardPerVote": 0.045915862119317793,
            "maxRewardPerVoteUSD": 0.0014337496095391754,
            "totalVotes": 0.0
        },
        {
            "id": 245,
            "manager": "0xf8AfC5e9AEdA712A05E32F27513cDAa2F67f457B",
            "bountyChainId": 1,
            "isEnded": false,
            "start": 1719446400,
            "end": 1730332800,
            "startClaimDate": 1720051200,
            "endClaimDate": 1730937600,
            "closableAt": 1731542400,
            "apr": 0.10115564843020404,
            "tokenPerVoteValue": 0.015374962319530191,
            "tokenPerVoteValueUSD": 0.0005000960181305467,
            "rewardsAvailable": 10230.419501507751,
            "rewardsAvailableUSD": 332.76127447871704,
            "maxRewardPerVote": 0.045915862119317793,
            "maxRewardPerVoteUSD": 0.0014337496095391754,
            "totalVotes": 638778.9782724844
        },
        {
            "id": 266,
            "manager": "0xFC08757c505eA28709dF66E54870fB6dE09f0C5E",
            "bountyChainId": 1,
            "isEnded": true,
            "start": 1728518400,
            "end": 1729123200,
            "startClaimDate": 1729123200,
            "endClaimDate": 1729728000,
            "closableAt": 1730332800,