{
    "0x0000000895cB182E6f983eb4D8b4E0Aa0B31Ae4c": [
        {
            "id": 92,
            "manager": "0xF98bb4943eb8a3eB6234a9f6B1Fa758714381753",
            "bountyChainId": 1,
            "isEnded": false,
            "start": 1689811200,
            "end": 1731542400,
            "startClaimDate": 1690416000,
            "endClaimDate": 1732147200,
            "closableAt": 1732752000,
            "apr": 0.10866787863835514,
            "tokenPerVoteValue": 0.0003703110297451327,
            "tokenPerVoteValueUSD": 0.0008924495816857699,
            "rewardsAvailable": 112.86369010870274,
            "rewardsAvailableUSD": 272.0014931619736,
            "maxRewardPerVote": 0.0007842,
            "maxRewardPerVoteUSD": 0.00181432512,
            "totalVotes": 292589.56337035424
        },
        {
            "id": 93,
            "manager": "0xF98bb4943eb8a3eB6234a9f6B1Fa758714381753",
            "bountyChainId": 1,
            "isEnded": false,
            "start": 1689811200,
            "end": 1731542400,
            "startClaimDate": 1690416000,
            "endClaimDate": 1732147200,
            "closableAt": 1732752000,
            "apr": 0.1490964266058116,
            "tokenPerVoteValue": 0.0005080806946776099,
            "tokenPerVoteValueUSD": 0.00122447447417304,
            "rewardsAvailable": 325.3403868620263,
            "rewardsAvailableUSD": 784.0703323374835,
            "maxRewardPerVote": 0.0007842,
            "maxRewardPerVoteUSD": 0.00181432512,
            "totalVotes": 614718.8323809952
        },
        {
            "id": 123,
            "manager": "0x12E9D6962CEc231E2b0F8b49cE80e5B6fBF1cEa9",
            "bountyChainId": 1,
            "isEnded": false,
            "start": 1695859200,
            "end": 1732752000,
            "startClaimDate": 1696464000,
            "endClaimDate": 1733356800,
            "closableAt": 1733961600,
            "apr": 0.10164085965915022,
            "tokenPerVoteValue": 0.002849422782155851,
            "tokenPerVoteValueUSD": 0.0008347392423741868,
            "rewardsAvailable": 26240.996437764443,
            "rewardsAvailableUSD": 7687.307626925948,
            "maxRewardPerVote": 0.02,
            "maxRewardPerVoteUSD": 0.005624645648919284,
            "totalVotes": 8840863.047074497
        },
        {
            "id": 127,
            "manager": "0x8306300ffd616049FD7e4b0354a64Da835c1A81C",
            "bountyChainId": 1,
            "isEnded": false,
            "start": 1695859200,
            "end": 1731542400,
            "startClaimDate": 1696464000,
            "endClaimDate": 1732147200,
            "closableAt": 1732752000,
            "apr": 0.11306846873934791,
            "tokenPerVoteValue": 0.00038530706235572696,
            "tokenPerVoteValueUSD": 0.000928590020277302,
            "rewardsAvailable": 458.5247477512812,
            "rewardsAvailableUSD": 1105.044642080588,
            "maxRewardPerVote": 0.0006,
            "maxRewardPerVoteUSD": 0.00138816,
            "totalVotes": 1142423.2796305176
        },
        {
            "id": 133,
            "manager": "0x68841bC858B18E10AfF6c2eC67Dbc484B3b47D91",
            "bountyChainId": 1,
            "isEnded": false,
            "start": 1697068800,
            "end": 1732752000,
            "startClaimDate": 1697673600,
            "endClaimDate": 1733356800,
            "closableAt": 1733961600,
            "apr": 0.09770548757928464,
            "tokenPerVoteValue": 0.00273909767374735,
            "tokenPerVoteValueUSD": 0.0008024194694066648,
            "rewardsAvailable": 2710.680934089078,
            "rewardsAvailableUSD": 794.094777163156,
            "maxRewardPerVote": 0.02,
            "maxRewardPerVoteUSD": 0.005624645648919284,
            "totalVotes": 950040.490219314
        },
        {
            "id": 136,
            "manager": "0x2234a7c690AF5de948B3a1CcbEa43705E4583D2d",
            "bountyChainId": 1,
            "isEnded": false,
            "start": 1697068800,
            "end": 1731542400,
            "startClaimDate": 1697673600,
            "endClaimDate": 1732147200,
            "closableAt": 1732752000,
            "apr": 0.11023401410116214,
            "tokenPerVoteValue": 0.000375648,
            "tokenPerVoteValueUSD": 0.0009053116800000001,
            "rewardsAvailable": 9.250434851017861,
            "rewardsAvailableUSD": 22.293547990953048,
            "maxRewardPerVote": 0.0003913,
            "maxRewardPerVoteUSD": 0.0009053116800000001,
            "totalVotes": 7126.717270970323
        },
        {
            "id": 172,
            "manager": "0x2234a7c690AF5de948B3a1CcbEa43705E4583D2d",
            "bountyChainId": 1,
            "isEnded": false,
            "start": 1706745600,
            "end": 1731542400,
            "startClaimDate": 1707350400,
            "endClaimDate": 1732147200,
            "closableAt": 1732752000,
            "apr": 0.0641177143097994,
            "tokenPerVoteValue": 0.000218496,
            "tokenPerVoteValueUSD": 0.00052657536,
            "rewardsAvailable": 125.57302841666643,
            "rewardsAvailableUSD": 302.6309984841661,
            "maxRewardPerVote": 0.0002276,
            "maxRewardPerVoteUSD": 0.00052657536,
            "totalVotes": 55729.109725177506
        },
        {
            "id": 236,
            "manager": "0x1c572Bf5306c086b43f6F91F032296A25B49D920",
            "bountyChainId": 1,
            "isEnded": false,
            "start": 1718841600,
            "end": 1732147200,
            "startClaimDate": 1719446400,
            "endClaimDate": 1732752000,
            "closableAt": 1733356800,
            "apr": 0.12859100629166903,
            "tokenPerVoteValue": 0.02189867296939953,
            "tokenPerVoteValueUSD": 0.001056070949498102,
            "rewardsAvailable": 10513.945220890384,
            "rewardsAvailableUSD": 507.0385830188139,
            "maxRewardPerVote": 0.03152779520755358,
            "maxRewardPerVoteUSD": 0.0014596210976012564,
            "totalVotes": 460913.19899424625
        },
        {
            "id": 244,
            "manager": "0xd3Ea7CF0a73D709029988Bf2cb65ACC568f79332",
            "bountyChainId": 1,
            "isEnded": false,
            "start": 1719446400,
            "end": 1732147200,
            "startClaimDate": 1720051200,
            "endClaimDate": 1732752000,
            "closableAt": 1733356800,
            "apr": 0.17772872725482858,
            "tokenPerVoteValue": 0.03026668339925144,
            "tokenPerVoteValueUSD": 0.0014596210976012564,
            "rewardsAvailable": 6982.468537650689,
            "rewardsAvailableUSD": 336.73191926750724,
            "maxRewardPerVote": 0.03152779520755358,
            "maxRewardPerVoteUSD": 0.0014596210976012564,
            "totalVotes": 185419.64639373135
        },
        {
            "id": 245,
            "manager": "0xf8AfC5e9AEdA712A05E32F27513cDAa2F67f457B",
            "bountyChainId": 1,
            "isEnded": false,
            "start": 1719446400,
            "end": 1732147200,
            "startClaimDate": 1720051200,
            "endClaimDate": 1732752000,
            "closableAt": 1733356800,
            "apr": 0.10003069952698837,
            "tokenPerVoteValue": 0.017034936104887644,
            "tokenPerVoteValueUSD": 0.0008215155855364822,
            "rewardsAvailable": 8650.647915238644,
            "rewardsAvailableUSD": 417.18043693267475,
            "maxRewardPerVote": 0.03152779520755358,
            "maxRewardPerVoteUSD": 0.0014596210976012564,
            "totalVotes": 487505.321270113
        },
        {
            "id": 268,
            "manager": "0xFC08757c505eA28709dF66E54870fB6dE09f0C5E",
            "bountyChainId": 1,
            "isEnded": false,
            "start": 1730937600,
            "end": 1731542400,
            "startClaimDate": 1731542400,
            "endClaimDate": 1732147200,
            "closableAt": 1732752000,