{
    "0x0000000895cB182E6f983eb4D8b4E0Aa0B31Ae4c": [
        {
            "id": 92,
            "manager": "0xF98bb4943eb8a3eB6234a9f6B1Fa758714381753",
            "bountyChainId": 1,
            "isEnded": false,
            "start": 1689811200,
            "end": 1727913600,
            "startClaimDate": 1690416000,
            "endClaimDate": 1728518400,
            "closableAt": 1729123200,
            "apr": 0.0637282235694807,
            "tokenPerVoteValue": 0.0001531239464463134,
            "tokenPerVoteValueUSD": 0.0003077791323570899,
            "rewardsAvailable": 149.73959193655145,
            "rewardsAvailableUSD": 300.9765797924684,
            "maxRewardPerVote": 0.0007842,
            "maxRewardPerVoteUSD": 0.0015131923199999998,
            "totalVotes": 938782.0232904551
        },
        {
            "id": 93,
            "manager": "0xF98bb4943eb8a3eB6234a9f6B1Fa758714381753",
            "bountyChainId": 1,
            "isEnded": false,
            "start": 1689811200,
            "end": 1727913600,
            "startClaimDate": 1690416000,
            "endClaimDate": 1728518400,
            "closableAt": 1729123200,
            "apr": 0.12359397197535453,
            "tokenPerVoteValue": 0.00029696727267484324,
            "tokenPerVoteValueUSD": 0.0005969042180764348,
            "rewardsAvailable": 132.39268391149935,
            "rewardsAvailableUSD": 266.10929466211365,
            "maxRewardPerVote": 0.0007842,
            "maxRewardPerVoteUSD": 0.0015131923199999998,
            "totalVotes": 427983.10874545755
        },
        {
            "id": 123,
            "manager": "0x12E9D6962CEc231E2b0F8b49cE80e5B6fBF1cEa9",
            "bountyChainId": 1,
            "isEnded": false,
            "start": 1695859200,
            "end": 1730332800,
            "startClaimDate": 1696464000,
            "endClaimDate": 1730937600,
            "closableAt": 1731542400,
            "apr": 0.09585080495309584,
            "tokenPerVoteValue": 0.0018467194618003375,
            "tokenPerVoteValueUSD": 0.0004629169923751082,
            "rewardsAvailable": 26983.18353335421,
            "rewardsAvailableUSD": 6763.872057637072,
            "maxRewardPerVote": 0.02,
            "maxRewardPerVoteUSD": 0.004812862179368219,
            "totalVotes": 14026957.926119857
        },
        {
            "id": 127,
            "manager": "0x8306300ffd616049FD7e4b0354a64Da835c1A81C",
            "bountyChainId": 1,
            "isEnded": false,
            "start": 1695859200,
            "end": 1727913600,
            "startClaimDate": 1696464000,
            "endClaimDate": 1728518400,
            "closableAt": 1729123200,
            "apr": 0.10099793042101063,
            "tokenPerVoteValue": 0.00024267429441390492,
            "tokenPerVoteValueUSD": 0.00048777533177194886,
            "rewardsAvailable": 442.42958868995953,
            "rewardsAvailableUSD": 889.2834732668185,
            "maxRewardPerVote": 0.00065,
            "maxRewardPerVoteUSD": 0.0012542399999999998,
            "totalVotes": 1750215.8857334028
        },
        {
            "id": 133,
            "manager": "0x68841bC858B18E10AfF6c2eC67Dbc484B3b47D91",
            "bountyChainId": 1,
            "isEnded": false,
            "start": 1697068800,
            "end": 1730332800,
            "startClaimDate": 1697673600,
            "endClaimDate": 1730937600,
            "closableAt": 1731542400,
            "apr": 0.0956234312269017,
            "tokenPerVoteValue": 0.001842338742353378,
            "tokenPerVoteValueUSD": 0.0004618188778467387,
            "rewardsAvailable": 2289.792023170648,
            "rewardsAvailableUSD": 573.9819493196379,
            "maxRewardPerVote": 0.02,
            "maxRewardPerVoteUSD": 0.004812862179368219,
            "totalVotes": 1193157.5294540413
        },
        {
            "id": 136,
            "manager": "0x2234a7c690AF5de948B3a1CcbEa43705E4583D2d",
            "bountyChainId": 1,
            "isEnded": false,
            "start": 1697068800,
            "end": 1727913600,
            "startClaimDate": 1697673600,
            "endClaimDate": 1728518400,
            "closableAt": 1729123200,
            "apr": 0.15633988205640745,
            "tokenPerVoteValue": 0.000375648,
            "tokenPerVoteValueUSD": 0.0007550524799999999,
            "rewardsAvailable": 8.99011106384924,
            "rewardsAvailableUSD": 18.07012323833697,
            "maxRewardPerVote": 0.0003913,
            "maxRewardPerVoteUSD": 0.0007550524799999999,
            "totalVotes": 15595.155374726004
        },
        {
            "id": 172,
            "manager": "0x2234a7c690AF5de948B3a1CcbEa43705E4583D2d",
            "bountyChainId": 1,
            "isEnded": false,
            "start": 1706745600,
            "end": 1727913600,
            "startClaimDate": 1707350400,
            "endClaimDate": 1728518400,
            "closableAt": 1729123200,
            "apr": 0.09093523423470057,
            "tokenPerVoteValue": 0.000218496,
            "tokenPerVoteValueUSD": 0.00043917695999999996,
            "rewardsAvailable": 121.58194345701143,
            "rewardsAvailableUSD": 244.37970634859295,
            "maxRewardPerVote": 0.0002276,
            "maxRewardPerVoteUSD": 0.00043917695999999996,
            "totalVotes": 340543.43789459317
        },
        {
            "id": 236,
            "manager": "0x1c572Bf5306c086b43f6F91F032296A25B49D920",
            "bountyChainId": 1,
            "isEnded": false,
            "start": 1718841600,
            "end": 1728518400,
            "startClaimDate": 1719446400,
            "endClaimDate": 1729123200,
            "closableAt": 1729728000,
            "apr": 0.11139343316090969,
            "tokenPerVoteValue": 0.008981768903197726,
            "tokenPerVoteValueUSD": 0.0005379810119948341,
            "rewardsAvailable": 11583.017404235885,
            "rewardsAvailableUSD": 693.7879934615167,
            "maxRewardPerVote": 0.0173605581132833,
            "maxRewardPerVoteUSD": 0.0009982515353388767,
            "totalVotes": 1238029.7052741547
        },
        {
            "id": 244,
            "manager": "0xd3Ea7CF0a73D709029988Bf2cb65ACC568f79332",
            "bountyChainId": 1,
            "isEnded": false,
            "start": 1719446400,
            "end": 1728518400,
            "startClaimDate": 1720051200,
            "endClaimDate": 1729123200,
            "closableAt": 1729728000,
            "apr": 0.1205240775804453,
            "tokenPerVoteValue": 0.009717982302735174,
            "tokenPerVoteValueUSD": 0.0005820779859869287,
            "rewardsAvailable": 7751.028182005586,
            "rewardsAvailableUSD": 464.2633350175886,
            "maxRewardPerVote": 0.0173605581132833,
            "maxRewardPerVoteUSD": 0.0009982515353388767,
            "totalVotes": 765692.5916227549
        },
        {
            "id": 245,
            "manager": "0xf8AfC5e9AEdA712A05E32F27513cDAa2F67f457B",
            "bountyChainId": 1,
            "isEnded": false,
            "start": 1719446400,
            "end": 1728518400,
            "startClaimDate": 1720051200,
            "endClaimDate": 1729123200,
            "closableAt": 1729728000,
            "apr": 0.13109248261726986,
            "tokenPerVoteValue": 0.01057012384306306,
            "tokenPerVoteValueUSD": 0.0006331187078279481,
            "rewardsAvailable": 11260.022786289444,
            "rewardsAvailableUSD": 674.4415848303788,
            "maxRewardPerVote": 0.0173605581132833,
            "maxRewardPerVoteUSD": 0.0009982515353388767,
            "totalVotes": 1022658.0156799189
        },
        {
            "id": 265,
            "manager": "0xFC08757c505eA28709dF66E54870fB6dE09f0C5E",
            "bountyChainId": 1,
            "isEnded": false,
            "start": 1727308800,
            "end": 1727913600,
            "startClaimDate": 1727913600,