{
    "0x0000000895cB182E6f983eb4D8b4E0Aa0B31Ae4c": [
        {
            "id": 92,
            "manager": "0xF98bb4943eb8a3eB6234a9f6B1Fa758714381753",
            "bountyChainId": 1,
            "isEnded": false,
            "start": 1689811200,
            "end": 1729123200,
            "startClaimDate": 1690416000,
            "endClaimDate": 1729728000,
            "closableAt": 1730332800,
            "apr": 0.08241432033223538,
            "tokenPerVoteValue": 0.00019973357409734213,
            "tokenPerVoteValueUSD": 0.00041544583412247163,
            "rewardsAvailable": 192.85150065550707,
            "rewardsAvailableUSD": 401.1311213634547,
            "maxRewardPerVote": 0.0007842,
            "maxRewardPerVoteUSD": 0.00156589056,
            "totalVotes": 926921.9832768738
        },
        {
            "id": 93,
            "manager": "0xF98bb4943eb8a3eB6234a9f6B1Fa758714381753",
            "bountyChainId": 1,
            "isEnded": false,
            "start": 1689811200,
            "end": 1729123200,
            "startClaimDate": 1690416000,
            "endClaimDate": 1729728000,
            "closableAt": 1730332800,
            "apr": 0.17599335979677153,
            "tokenPerVoteValue": 0.0004265251794579135,
            "tokenPerVoteValueUSD": 0.0008871723732724601,
            "rewardsAvailable": 194.38093584434935,
            "rewardsAvailableUSD": 404.31234655624667,
            "maxRewardPerVote": 0.0007842,
            "maxRewardPerVoteUSD": 0.00156589056,
            "totalVotes": 437502.1860321105
        },
        {
            "id": 123,
            "manager": "0x12E9D6962CEc231E2b0F8b49cE80e5B6fBF1cEa9",
            "bountyChainId": 1,
            "isEnded": false,
            "start": 1695859200,
            "end": 1731542400,
            "startClaimDate": 1696464000,
            "endClaimDate": 1732147200,
            "closableAt": 1732752000,
            "apr": 0.11925099340200226,
            "tokenPerVoteValue": 0.0021587708518691316,
            "tokenPerVoteValueUSD": 0.0006011373778744894,
            "rewardsAvailable": 25492.17354518204,
            "rewardsAvailableUSD": 7098.622045968379,
            "maxRewardPerVote": 0.02,
            "maxRewardPerVoteUSD": 0.005346485776939645,
            "totalVotes": 11336305.834491747
        },
        {
            "id": 127,
            "manager": "0x8306300ffd616049FD7e4b0354a64Da835c1A81C",
            "bountyChainId": 1,
            "isEnded": false,
            "start": 1695859200,
            "end": 1729123200,
            "startClaimDate": 1696464000,
            "endClaimDate": 1729728000,
            "closableAt": 1730332800,
            "apr": 0.11394327684775563,
            "tokenPerVoteValue": 0.0002761449446821869,
            "tokenPerVoteValueUSD": 0.0005743814849389488,
            "rewardsAvailable": 521.3460626146107,
            "rewardsAvailableUSD": 1084.3998102383903,
            "maxRewardPerVote": 0.00065,
            "maxRewardPerVoteUSD": 0.00129792,
            "totalVotes": 1812425.7921362238
        },
        {
            "id": 133,
            "manager": "0x68841bC858B18E10AfF6c2eC67Dbc484B3b47D91",
            "bountyChainId": 1,
            "isEnded": false,
            "start": 1697068800,
            "end": 1731542400,
            "startClaimDate": 1697673600,
            "endClaimDate": 1732147200,
            "closableAt": 1732752000,
            "apr": 0.1033056673563621,
            "tokenPerVoteValue": 0.001870116610014408,
            "tokenPerVoteValueUSD": 0.0005207579092010739,
            "rewardsAvailable": 2306.390816292649,
            "rewardsAvailableUSD": 642.2440466340036,
            "maxRewardPerVote": 0.02,
            "maxRewardPerVoteUSD": 0.005346485776939645,
            "totalVotes": 1183955.6805090804
        },
        {
            "id": 136,
            "manager": "0x2234a7c690AF5de948B3a1CcbEa43705E4583D2d",
            "bountyChainId": 1,
            "isEnded": false,
            "start": 1697068800,
            "end": 1729123200,
            "startClaimDate": 1697673600,
            "endClaimDate": 1729728000,
            "closableAt": 1730332800,
            "apr": 0.15500035356637384,
            "tokenPerVoteValue": 0.000375648,
            "tokenPerVoteValueUSD": 0.0007813478400000001,
            "rewardsAvailable": 6.054451965332893,
            "rewardsAvailableUSD": 12.593260087892418,
            "maxRewardPerVote": 0.0003913,
            "maxRewardPerVoteUSD": 0.0007813478400000001,
            "totalVotes": 10644.895703985821
        },
        {
            "id": 172,
            "manager": "0x2234a7c690AF5de948B3a1CcbEa43705E4583D2d",
            "bountyChainId": 1,
            "isEnded": false,
            "start": 1706745600,
            "end": 1729123200,
            "startClaimDate": 1707350400,
            "endClaimDate": 1729728000,
            "closableAt": 1730332800,
            "apr": 0.09015609627320899,
            "tokenPerVoteValue": 0.000218496,
            "tokenPerVoteValueUSD": 0.00045447168,
            "rewardsAvailable": 109.24222901950053,
            "rewardsAvailableUSD": 227.2238363605611,
            "maxRewardPerVote": 0.0002276,
            "maxRewardPerVoteUSD": 0.00045447168,
            "totalVotes": 407099.4684882824
        },
        {
            "id": 236,
            "manager": "0x1c572Bf5306c086b43f6F91F032296A25B49D920",
            "bountyChainId": 1,
            "isEnded": false,
            "start": 1718841600,
            "end": 1729123200,
            "startClaimDate": 1719446400,
            "endClaimDate": 1729728000,
            "closableAt": 1730332800,
            "apr": 0.09181573125839185,
            "tokenPerVoteValue": 0.007557152489380922,
            "tokenPerVoteValueUSD": 0.00046283780421213456,
            "rewardsAvailable": 10819.647417644768,
            "rewardsAvailableUSD": 662.6493060936539,
            "maxRewardPerVote": 0.015997419447616276,
            "maxRewardPerVoteUSD": 0.0009405714759064886,
            "totalVotes": 1374441.1715304507
        },
        {
            "id": 244,
            "manager": "0xd3Ea7CF0a73D709029988Bf2cb65ACC568f79332",
            "bountyChainId": 1,
            "isEnded": false,
            "start": 1719446400,
            "end": 1729123200,
            "startClaimDate": 1720051200,
            "endClaimDate": 1729728000,
            "closableAt": 1730332800,
            "apr": 0.10555880105379353,
            "tokenPerVoteValue": 0.00868831457557912,
            "tokenPerVoteValueUSD": 0.0005321158261813432,
            "rewardsAvailable": 7647.481776445315,
            "rewardsAvailableUSD": 468.3700213983933,
            "maxRewardPerVote": 0.015997419447616276,
            "maxRewardPerVoteUSD": 0.0009405714759064886,
            "totalVotes": 844995.0150312264
        },
        {
            "id": 245,
            "manager": "0xf8AfC5e9AEdA712A05E32F27513cDAa2F67f457B",
            "bountyChainId": 1,
            "isEnded": false,
            "start": 1719446400,
            "end": 1729123200,
            "startClaimDate": 1720051200,
            "endClaimDate": 1729728000,
            "closableAt": 1730332800,
            "apr": 0.1133753225755176,
            "tokenPerVoteValue": 0.009331675405652535,
            "tokenPerVoteValueUSD": 0.0005715184602191895,
            "rewardsAvailable": 11447.312567654273,
            "rewardsAvailableUSD": 701.090658205986,
            "maxRewardPerVote": 0.015997419447616276,
            "maxRewardPerVoteUSD": 0.0009405714759064886,
            "totalVotes": 1177647.055564257
        },
        {
            "id": 265,
            "manager": "0xFC08757c505eA28709dF66E54870fB6dE09f0C5E",
            "bountyChainId": 1,
            "isEnded": true,
            "start": 1727308800,
            "end": 1727913600,
            "startClaimDate": 1727913600,
            "endClaimDate": 1728518400,