{
    "0x0000000895cB182E6f983eb4D8b4E0Aa0B31Ae4c": [
        {
            "id": 92,
            "manager": "0xF98bb4943eb8a3eB6234a9f6B1Fa758714381753",
            "bountyChainId": 1,
            "isEnded": false,
            "start": 1689811200,
            "end": 1730332800,
            "startClaimDate": 1690416000,
            "endClaimDate": 1730937600,
            "closableAt": 1731542400,
            "apr": 0.29456063933848425,
            "tokenPerVoteValue": 0.0007528319999999999,
            "tokenPerVoteValueUSD": 0.0014303807999999998,
            "rewardsAvailable": 350.5800950355403,
            "rewardsAvailableUSD": 666.1021805675265,
            "maxRewardPerVote": 0.0007842,
            "maxRewardPerVoteUSD": 0.0014303807999999998,
            "totalVotes": 324862.2078521768
        },
        {
            "id": 93,
            "manager": "0xF98bb4943eb8a3eB6234a9f6B1Fa758714381753",
            "bountyChainId": 1,
            "isEnded": false,
            "start": 1689811200,
            "end": 1730332800,
            "startClaimDate": 1690416000,
            "endClaimDate": 1730937600,
            "closableAt": 1731542400,
            "apr": 0.27082010470857304,
            "tokenPerVoteValue": 0.0006921564317820494,
            "tokenPerVoteValueUSD": 0.0013150972203858939,
            "rewardsAvailable": 463.01140441246343,
            "rewardsAvailableUSD": 879.7216683836805,
            "maxRewardPerVote": 0.0007842,
            "maxRewardPerVoteUSD": 0.0014303807999999998,
            "totalVotes": 642182.7896499689
        },
        {
            "id": 123,
            "manager": "0x12E9D6962CEc231E2b0F8b49cE80e5B6fBF1cEa9",
            "bountyChainId": 1,
            "isEnded": false,
            "start": 1695859200,
            "end": 1732752000,
            "startClaimDate": 1696464000,
            "endClaimDate": 1733356800,
            "closableAt": 1733961600,
            "apr": 0.14476651906447396,
            "tokenPerVoteValue": 0.0027557260472345657,
            "tokenPerVoteValueUSD": 0.0007029834326055651,
            "rewardsAvailable": 24717.798384362464,
            "rewardsAvailableUSD": 6305.489898797754,
            "maxRewardPerVote": 0.02,
            "maxRewardPerVoteUSD": 0.00489790410029026,
            "totalVotes": 8610829.248720368
        },
        {
            "id": 127,
            "manager": "0x8306300ffd616049FD7e4b0354a64Da835c1A81C",
            "bountyChainId": 1,
            "isEnded": false,
            "start": 1695859200,
            "end": 1730332800,
            "startClaimDate": 1696464000,
            "endClaimDate": 1730937600,
            "closableAt": 1731542400,
            "apr": 0.13491917421422123,
            "tokenPerVoteValue": 0.00034482363967618644,
            "tokenPerVoteValueUSD": 0.0006551649153847542,
            "rewardsAvailable": 546.5905863418192,
            "rewardsAvailableUSD": 1038.5221140494564,
            "maxRewardPerVote": 0.00065,
            "maxRewardPerVoteUSD": 0.0011856,
            "totalVotes": 1521725.608432478
        },
        {
            "id": 133,
            "manager": "0x68841bC858B18E10AfF6c2eC67Dbc484B3b47D91",
            "bountyChainId": 1,
            "isEnded": false,
            "start": 1697068800,
            "end": 1732752000,
            "startClaimDate": 1697673600,
            "endClaimDate": 1733356800,
            "closableAt": 1733961600,
            "apr": 0.09902397948259704,
            "tokenPerVoteValue": 0.0018849866759556556,
            "tokenPerVoteValueUSD": 0.0004808585400601934,
            "rewardsAvailable": 2268.3083927999555,
            "rewardsAvailableUSD": 578.6435925946726,
            "maxRewardPerVote": 0.02,
            "maxRewardPerVoteUSD": 0.00489790410029026,
            "totalVotes": 1155220.9280121112
        },
        {
            "id": 136,
            "manager": "0x2234a7c690AF5de948B3a1CcbEa43705E4583D2d",
            "bountyChainId": 1,
            "isEnded": false,
            "start": 1697068800,
            "end": 1730332800,
            "startClaimDate": 1697673600,
            "endClaimDate": 1730937600,
            "closableAt": 1731542400,
            "apr": 0.14697982424528042,
            "tokenPerVoteValue": 0.000375648,
            "tokenPerVoteValueUSD": 0.0007137312,
            "rewardsAvailable": 16.401052729340527,
            "rewardsAvailableUSD": 31.162000185747,
            "maxRewardPerVote": 0.0003913,
            "maxRewardPerVoteUSD": 0.0007137312,
            "totalVotes": 5806.109253903854
        },
        {
            "id": 172,
            "manager": "0x2234a7c690AF5de948B3a1CcbEa43705E4583D2d",
            "bountyChainId": 1,
            "isEnded": false,
            "start": 1706745600,
            "end": 1730332800,
            "startClaimDate": 1707350400,
            "endClaimDate": 1730937600,
            "closableAt": 1731542400,
            "apr": 0.08549094811711173,
            "tokenPerVoteValue": 0.000218496,
            "tokenPerVoteValueUSD": 0.00041514239999999994,
            "rewardsAvailable": 194.1628110373581,
            "rewardsAvailableUSD": 368.90934097098034,
            "maxRewardPerVote": 0.0002276,
            "maxRewardPerVoteUSD": 0.00041514239999999994,
            "totalVotes": 63292.346045022954
        },
        {
            "id": 236,
            "manager": "0x1c572Bf5306c086b43f6F91F032296A25B49D920",
            "bountyChainId": 1,
            "isEnded": false,
            "start": 1718841600,
            "end": 1730332800,
            "startClaimDate": 1719446400,
            "endClaimDate": 1730937600,
            "closableAt": 1731542400,
            "apr": 0.20160547132191156,
            "tokenPerVoteValue": 0.034116483852597086,
            "tokenPerVoteValueUSD": 0.0009789922917109077,
            "rewardsAvailable": 10311.22563417441,
            "rewardsAvailableUSD": 295.8866000835025,
            "maxRewardPerVote": 0.045915862119317793,
            "maxRewardPerVoteUSD": 0.0012648790029252991,
            "totalVotes": 290146.4480213104
        },
        {
            "id": 244,
            "manager": "0xd3Ea7CF0a73D709029988Bf2cb65ACC568f79332",
            "bountyChainId": 1,
            "isEnded": false,
            "start": 1719446400,
            "end": 1730332800,
            "startClaimDate": 1720051200,
            "endClaimDate": 1730937600,
            "closableAt": 1731542400,
            "apr": 0.26047858569375415,
            "tokenPerVoteValue": 0.04407922763454508,
            "tokenPerVoteValueUSD": 0.0012648790029252991,
            "rewardsAvailable": 6370.045235756414,
            "rewardsAvailableUSD": 182.792142666267,
            "maxRewardPerVote": 0.045915862119317793,
            "maxRewardPerVoteUSD": 0.0012648790029252991,
            "totalVotes": 119502.54960750457
        },
        {
            "id": 245,
            "manager": "0xf8AfC5e9AEdA712A05E32F27513cDAa2F67f457B",
            "bountyChainId": 1,
            "isEnded": false,
            "start": 1719446400,
            "end": 1730332800,
            "startClaimDate": 1720051200,
            "endClaimDate": 1730937600,
            "closableAt": 1731542400,
            "apr": 0.0901943853255548,
            "tokenPerVoteValue": 0.015263054471576597,
            "tokenPerVoteValueUSD": 0.00043798220063348396,
            "rewardsAvailable": 10095.68122657704,
            "rewardsAvailableUSD": 289.70142829173955,
            "maxRewardPerVote": 0.045915862119317793,
            "maxRewardPerVoteUSD": 0.0012648790029252991,
            "totalVotes": 634987.8391355069
        },
        {
            "id": 267,
            "manager": "0xFC08757c505eA28709dF66E54870fB6dE09f0C5E",
            "bountyChainId": 1,
            "isEnded": false,
            "start": 1729728000,
            "end": 1730332800,
            "startClaimDate": 1730332800,
            "endClaimDate": 1730937600,