{
    "0x0000000895cB182E6f983eb4D8b4E0Aa0B31Ae4c": [
        {
            "id": 92,
            "manager": "0xF98bb4943eb8a3eB6234a9f6B1Fa758714381753",
            "bountyChainId": 1,
            "isEnded": false,
            "start": 1689811200,
            "end": 1725494400,
            "startClaimDate": 1690416000,
            "endClaimDate": 1726099200,
            "closableAt": 1726704000,
            "apr": 0.12808435271076157,
            "tokenPerVoteValue": 0.0003809816268297459,
            "tokenPerVoteValueUSD": 0.0006362393168056756,
            "rewardsAvailable": 267.5655146871162,
            "rewardsAvailableUSD": 446.83440952748407,
            "maxRewardPerVote": 0.0007842,
            "maxRewardPerVoteUSD": 0.0012572294399999999,
            "totalVotes": 674213.337365004
        },
        {
            "id": 93,
            "manager": "0xF98bb4943eb8a3eB6234a9f6B1Fa758714381753",
            "bountyChainId": 1,
            "isEnded": false,
            "start": 1689811200,
            "end": 1725494400,
            "startClaimDate": 1690416000,
            "endClaimDate": 1726099200,
            "closableAt": 1726704000,
            "apr": 0.1738785006681503,
            "tokenPerVoteValue": 0.000517194432054175,
            "tokenPerVoteValueUSD": 0.0008637147015304722,
            "rewardsAvailable": 193.873014475867,
            "rewardsAvailableUSD": 323.76793417469787,
            "maxRewardPerVote": 0.0007842,
            "maxRewardPerVoteUSD": 0.0012572294399999999,
            "totalVotes": 359860.97753917205
        },
        {
            "id": 123,
            "manager": "0x12E9D6962CEc231E2b0F8b49cE80e5B6fBF1cEa9",
            "bountyChainId": 1,
            "isEnded": false,
            "start": 1695859200,
            "end": 1727913600,
            "startClaimDate": 1696464000,
            "endClaimDate": 1728518400,
            "closableAt": 1729123200,
            "apr": 0.133515923633042,
            "tokenPerVoteValue": 0.002555589038013843,
            "tokenPerVoteValueUSD": 0.0006632198097358078,
            "rewardsAvailable": 33472.1522089383,
            "rewardsAvailableUSD": 8686.60574499608,
            "maxRewardPerVote": 0.02,
            "maxRewardPerVoteUSD": 0.004982733983247949,
            "totalVotes": 12573722.00404888
        },
        {
            "id": 124,
            "manager": "0xfCBa6dC55c4b36943cF6C69f2c23b345350d520E",
            "bountyChainId": 1,
            "isEnded": false,
            "start": 1695859200,
            "end": 1726704000,
            "startClaimDate": 1696464000,
            "endClaimDate": 1727308800,
            "closableAt": 1727913600,
            "apr": 0.1494918009440685,
            "tokenPerVoteValue": 0.0028613786084093966,
            "tokenPerVoteValueUSD": 0.0007425775224510534,
            "rewardsAvailable": 5678.32150872631,
            "rewardsAvailableUSD": 1473.6232056947056,
            "maxRewardPerVote": 0.02,
            "maxRewardPerVoteUSD": 0.004982733983247949,
            "totalVotes": 1905091.7038229704
        },
        {
            "id": 125,
            "manager": "0xF78f606db249B27cb835Bec41f9957fCe2308f5e",
            "bountyChainId": 1,
            "isEnded": false,
            "start": 1695859200,
            "end": 1726704000,
            "startClaimDate": 1696464000,
            "endClaimDate": 1727308800,
            "closableAt": 1727913600,
            "apr": 0.18994137907426992,
            "tokenPerVoteValue": 0.003635612090446629,
            "tokenPerVoteValueUSD": 0.0009435045788008089,
            "rewardsAvailable": 1191.2180152225608,
            "rewardsAvailableUSD": 309.1417961409701,
            "maxRewardPerVote": 0.02,
            "maxRewardPerVoteUSD": 0.004982733983247949,
            "totalVotes": 314546.56497007434
        },
        {
            "id": 127,
            "manager": "0x8306300ffd616049FD7e4b0354a64Da835c1A81C",
            "bountyChainId": 1,
            "isEnded": false,
            "start": 1695859200,
            "end": 1725494400,
            "startClaimDate": 1696464000,
            "endClaimDate": 1726099200,
            "closableAt": 1726704000,
            "apr": 0.12811564411674842,
            "tokenPerVoteValue": 0.000381074701826858,
            "tokenPerVoteValueUSD": 0.0006363947520508528,
            "rewardsAvailable": 519.1946284591232,
            "rewardsAvailableUSD": 867.0550295267358,
            "maxRewardPerVote": 0.00065,
            "maxRewardPerVoteUSD": 0.00104208,
            "totalVotes": 1307950.4908914668
        },
        {
            "id": 133,
            "manager": "0x68841bC858B18E10AfF6c2eC67Dbc484B3b47D91",
            "bountyChainId": 1,
            "isEnded": false,
            "start": 1697068800,
            "end": 1727913600,
            "startClaimDate": 1697673600,
            "endClaimDate": 1728518400,
            "closableAt": 1729123200,
            "apr": 0.1069176087665726,
            "tokenPerVoteValue": 0.002046478513570242,
            "tokenPerVoteValueUSD": 0.0005310967726850621,
            "rewardsAvailable": 2249.408665070802,
            "rewardsAvailableUSD": 583.7606769614941,
            "maxRewardPerVote": 0.02,
            "maxRewardPerVoteUSD": 0.004982733983247949,
            "totalVotes": 1055194.2295747201
        },
        {
            "id": 136,
            "manager": "0x2234a7c690AF5de948B3a1CcbEa43705E4583D2d",
            "bountyChainId": 1,
            "isEnded": false,
            "start": 1697068800,
            "end": 1725494400,
            "startClaimDate": 1697673600,
            "endClaimDate": 1726099200,
            "closableAt": 1726704000,
            "apr": 0.12629121075330427,
            "tokenPerVoteValue": 0.000375648,
            "tokenPerVoteValueUSD": 0.00062733216,
            "rewardsAvailable": 31.83010142299765,
            "rewardsAvailableUSD": 53.15626937640607,
            "maxRewardPerVote": 0.0003913,
            "maxRewardPerVoteUSD": 0.00062733216,
            "totalVotes": 47471.1385033219
        },
        {
            "id": 172,
            "manager": "0x2234a7c690AF5de948B3a1CcbEa43705E4583D2d",
            "bountyChainId": 1,
            "isEnded": false,
            "start": 1706745600,
            "end": 1725494400,
            "startClaimDate": 1707350400,
            "endClaimDate": 1726099200,
            "closableAt": 1726704000,
            "apr": 0.07345739731012536,
            "tokenPerVoteValue": 0.000218496,
            "tokenPerVoteValueUSD": 0.00036488832,
            "rewardsAvailable": 464.9316092396159,
            "rewardsAvailableUSD": 776.4357874301585,
            "maxRewardPerVote": 0.0002276,
            "maxRewardPerVoteUSD": 0.00036488832,
            "totalVotes": 168272.82003053933
        },
        {
            "id": 192,
            "manager": "0x2927D7D70943290529Adc517E8E2Dc1eEE7818b6",
            "bountyChainId": 1,
            "isEnded": false,
            "start": 1710979200,
            "end": 1725494400,
            "startClaimDate": 1711584000,
            "endClaimDate": 1726099200,
            "closableAt": 1726704000,
            "apr": 0.004871907818706422,
            "tokenPerVoteValue": 0.0144,
            "tokenPerVoteValueUSD": 2.420045256514435e-05,
            "rewardsAvailable": 51187.41774293002,
            "rewardsAvailableUSD": 86.02490798750043,
            "maxRewardPerVote": 0.015,
            "maxRewardPerVoteUSD": 2.420045256514435e-05,
            "totalVotes": 255110.27963259185
        },
        {
            "id": 236,
            "manager": "0x1c572Bf5306c086b43f6F91F032296A25B49D920",
            "bountyChainId": 1,
            "isEnded": false,
            "start": 1718841600,
            "end": 1726099200,
            "startClaimDate": 1719446400,
            "endClaimDate": 1726704000,
            "closableAt": 1727308800,
            "apr": 0.1239209071172605,