{
    "0x0000000895cB182E6f983eb4D8b4E0Aa0B31Ae4c": [
        {
            "id": 92,
            "manager": "0xF98bb4943eb8a3eB6234a9f6B1Fa758714381753",
            "bountyChainId": 1,
            "isEnded": false,
            "start": 1689811200,
            "end": 1730332800,
            "startClaimDate": 1690416000,
            "endClaimDate": 1730937600,
            "closableAt": 1731542400,
            "apr": 0.2008610016573841,
            "tokenPerVoteValue": 0.0005216994771862803,
            "tokenPerVoteValueUSD": 0.0009755780223383442,
            "rewardsAvailable": 175.29004751777018,
            "rewardsAvailableUSD": 327.79238885823025,
            "maxRewardPerVote": 0.0007842,
            "maxRewardPerVoteUSD": 0.00140779584,
            "totalVotes": 322558.202520439
        },
        {
            "id": 93,
            "manager": "0xF98bb4943eb8a3eB6234a9f6B1Fa758714381753",
            "bountyChainId": 1,
            "isEnded": false,
            "start": 1689811200,
            "end": 1730332800,
            "startClaimDate": 1690416000,
            "endClaimDate": 1730937600,
            "closableAt": 1731542400,
            "apr": 0.1342676299890527,
            "tokenPerVoteValue": 0.0003487354528272841,
            "tokenPerVoteValueUSD": 0.0006521352967870214,
            "rewardsAvailable": 231.50570220623172,
            "rewardsAvailableUSD": 432.91566312565334,
            "maxRewardPerVote": 0.0007842,
            "maxRewardPerVoteUSD": 0.00140779584,
            "totalVotes": 637289.5910529993
        },
        {
            "id": 123,
            "manager": "0x12E9D6962CEc231E2b0F8b49cE80e5B6fBF1cEa9",
            "bountyChainId": 1,
            "isEnded": false,
            "start": 1695859200,
            "end": 1732752000,
            "startClaimDate": 1696464000,
            "endClaimDate": 1733356800,
            "closableAt": 1733961600,
            "apr": 0.1447367131982491,
            "tokenPerVoteValue": 0.0027557260472345657,
            "tokenPerVoteValueUSD": 0.0007029834326055651,
            "rewardsAvailable": 24717.798384362464,
            "rewardsAvailableUSD": 6305.489898797754,
            "maxRewardPerVote": 0.02,
            "maxRewardPerVoteUSD": 0.00489790410029026,
            "totalVotes": 8610829.248720368
        },
        {
            "id": 127,
            "manager": "0x8306300ffd616049FD7e4b0354a64Da835c1A81C",
            "bountyChainId": 1,
            "isEnded": false,
            "start": 1695859200,
            "end": 1730332800,
            "startClaimDate": 1696464000,
            "endClaimDate": 1730937600,
            "closableAt": 1731542400,
            "apr": 0.13276153166581162,
            "tokenPerVoteValue": 0.00034482363967618644,
            "tokenPerVoteValueUSD": 0.0006448202061944687,
            "rewardsAvailable": 546.5905863418192,
            "rewardsAvailableUSD": 1022.1243964592019,
            "maxRewardPerVote": 0.00065,
            "maxRewardPerVoteUSD": 0.00116688,
            "totalVotes": 1521725.608432478
        },
        {
            "id": 133,
            "manager": "0x68841bC858B18E10AfF6c2eC67Dbc484B3b47D91",
            "bountyChainId": 1,
            "isEnded": false,
            "start": 1697068800,
            "end": 1732752000,
            "startClaimDate": 1697673600,
            "endClaimDate": 1733356800,
            "closableAt": 1733961600,
            "apr": 0.08329726241841856,
            "tokenPerVoteValue": 0.0015859447864852146,
            "tokenPerVoteValueUSD": 0.00040457320169582777,
            "rewardsAvailable": 1890.256993999963,
            "rewardsAvailableUSD": 482.2029938288938,
            "maxRewardPerVote": 0.02,
            "maxRewardPerVoteUSD": 0.00489790410029026,
            "totalVotes": 1144205.479095903
        },
        {
            "id": 136,
            "manager": "0x2234a7c690AF5de948B3a1CcbEa43705E4583D2d",
            "bountyChainId": 1,
            "isEnded": false,
            "start": 1697068800,
            "end": 1730332800,
            "startClaimDate": 1697673600,
            "endClaimDate": 1730937600,
            "closableAt": 1731542400,
            "apr": 0.14462930643047478,
            "tokenPerVoteValue": 0.000375648,
            "tokenPerVoteValueUSD": 0.00070246176,
            "rewardsAvailable": 8.200526364670264,
            "rewardsAvailableUSD": 15.334984301933394,
            "maxRewardPerVote": 0.0003913,
            "maxRewardPerVoteUSD": 0.00070246176,
            "totalVotes": 5772.193774416224
        },
        {
            "id": 172,
            "manager": "0x2234a7c690AF5de948B3a1CcbEa43705E4583D2d",
            "bountyChainId": 1,
            "isEnded": false,
            "start": 1706745600,
            "end": 1730332800,
            "startClaimDate": 1707350400,
            "endClaimDate": 1730937600,
            "closableAt": 1731542400,
            "apr": 0.08412376729766434,
            "tokenPerVoteValue": 0.000218496,
            "tokenPerVoteValueUSD": 0.00040858752,
            "rewardsAvailable": 97.08140551867903,
            "rewardsAvailableUSD": 181.5422283199298,
            "maxRewardPerVote": 0.0002276,
            "maxRewardPerVoteUSD": 0.00040858752,
            "totalVotes": 63292.346045022954
        },
        {
            "id": 236,
            "manager": "0x1c572Bf5306c086b43f6F91F032296A25B49D920",
            "bountyChainId": 1,
            "isEnded": false,
            "start": 1718841600,
            "end": 1730332800,
            "startClaimDate": 1719446400,
            "endClaimDate": 1730937600,
            "closableAt": 1731542400,
            "apr": 0.21640065323966734,
            "tokenPerVoteValue": 0.03411648385259708,
            "tokenPerVoteValueUSD": 0.0010510538112340404,
            "rewardsAvailable": 10311.22563417441,
            "rewardsAvailableUSD": 317.6661770925184,
            "maxRewardPerVote": 0.045915862119317793,
            "maxRewardPerVoteUSD": 0.001357984029119538,
            "totalVotes": 290146.4480213104
        },
        {
            "id": 244,
            "manager": "0xd3Ea7CF0a73D709029988Bf2cb65ACC568f79332",
            "bountyChainId": 1,
            "isEnded": false,
            "start": 1719446400,
            "end": 1730332800,
            "startClaimDate": 1720051200,
            "endClaimDate": 1730937600,
            "closableAt": 1731542400,
            "apr": 0.27959427752369104,
            "tokenPerVoteValue": 0.04407922763454508,
            "tokenPerVoteValueUSD": 0.001357984029119538,
            "rewardsAvailable": 6370.045235756414,
            "rewardsAvailableUSD": 196.24707961413642,
            "maxRewardPerVote": 0.045915862119317793,
            "maxRewardPerVoteUSD": 0.001357984029119538,
            "totalVotes": 119502.54960750457
        },
        {
            "id": 245,
            "manager": "0xf8AfC5e9AEdA712A05E32F27513cDAa2F67f457B",
            "bountyChainId": 1,
            "isEnded": false,
            "start": 1719446400,
            "end": 1730332800,
            "startClaimDate": 1720051200,
            "endClaimDate": 1730937600,
            "closableAt": 1731542400,
            "apr": 0.09681346332032305,
            "tokenPerVoteValue": 0.015263054471576597,
            "tokenPerVoteValueUSD": 0.00047022112954943747,
            "rewardsAvailable": 10095.68122657704,
            "rewardsAvailableUSD": 311.0257280921401,
            "maxRewardPerVote": 0.045915862119317793,
            "maxRewardPerVoteUSD": 0.001357984029119538,
            "totalVotes": 634987.8391355069
        },
        {
            "id": 267,
            "manager": "0xFC08757c505eA28709dF66E54870fB6dE09f0C5E",
            "bountyChainId": 1,
            "isEnded": false,
            "start": 1729728000,
            "end": 1730332800,
            "startClaimDate": 1730332800,
            "endClaimDate": 1730937600,
            "closableAt": 1731542400,