{
    "0x0000000895cB182E6f983eb4D8b4E0Aa0B31Ae4c": [
        {
            "id": 92,
            "manager": "0xF98bb4943eb8a3eB6234a9f6B1Fa758714381753",
            "bountyChainId": 1,
            "isEnded": false,
            "start": 1689811200,
            "end": 1730332800,
            "startClaimDate": 1690416000,
            "endClaimDate": 1730937600,
            "closableAt": 1731542400,
            "apr": 0.21952346903563272,
            "tokenPerVoteValue": 0.0005667024710266526,
            "tokenPerVoteValueUSD": 0.0010710676702403734,
            "rewardsAvailable": 175.29004751777018,
            "rewardsAvailableUSD": 331.2981898085856,
            "maxRewardPerVote": 0.0007842,
            "maxRewardPerVoteUSD": 0.0014228524799999999,
            "totalVotes": 296943.2007455373
        },
        {
            "id": 93,
            "manager": "0xF98bb4943eb8a3eB6234a9f6B1Fa758714381753",
            "bountyChainId": 1,
            "isEnded": false,
            "start": 1689811200,
            "end": 1730332800,
            "startClaimDate": 1690416000,
            "endClaimDate": 1730937600,
            "closableAt": 1731542400,
            "apr": 0.15257779200105825,
            "tokenPerVoteValue": 0.0003938814019778236,
            "tokenPerVoteValueUSD": 0.0007444358497380865,
            "rewardsAvailable": 231.50570220623172,
            "rewardsAvailableUSD": 437.5457771697779,
            "maxRewardPerVote": 0.0007842,
            "maxRewardPerVoteUSD": 0.0014228524799999999,
            "totalVotes": 564244.6508060702
        },
        {
            "id": 123,
            "manager": "0x12E9D6962CEc231E2b0F8b49cE80e5B6fBF1cEa9",
            "bountyChainId": 1,
            "isEnded": false,
            "start": 1695859200,
            "end": 1732752000,
            "startClaimDate": 1696464000,
            "endClaimDate": 1733356800,
            "closableAt": 1733961600,
            "apr": 0.13951179291600124,
            "tokenPerVoteValue": 0.0027507635350845516,
            "tokenPerVoteValueUSD": 0.0006806860863944537,
            "rewardsAvailable": 24717.798384362464,
            "rewardsAvailableUSD": 6116.505919881505,
            "maxRewardPerVote": 0.02,
            "maxRewardPerVoteUSD": 0.004751107353315921,
            "totalVotes": 8626363.60644449
        },
        {
            "id": 127,
            "manager": "0x8306300ffd616049FD7e4b0354a64Da835c1A81C",
            "bountyChainId": 1,
            "isEnded": false,
            "start": 1695859200,
            "end": 1730332800,
            "startClaimDate": 1696464000,
            "endClaimDate": 1730937600,
            "closableAt": 1731542400,
            "apr": 0.13413570495974483,
            "tokenPerVoteValue": 0.00034627293285553344,
            "tokenPerVoteValueUSD": 0.0006544558430969582,
            "rewardsAvailable": 546.5905863418192,
            "rewardsAvailableUSD": 1033.0562081860382,
            "maxRewardPerVote": 0.00065,
            "maxRewardPerVoteUSD": 0.0011793599999999997,
            "totalVotes": 1515356.5673210293
        },
        {
            "id": 133,
            "manager": "0x68841bC858B18E10AfF6c2eC67Dbc484B3b47D91",
            "bountyChainId": 1,
            "isEnded": false,
            "start": 1697068800,
            "end": 1732752000,
            "startClaimDate": 1697673600,
            "endClaimDate": 1733356800,
            "closableAt": 1733961600,
            "apr": 0.09451272435070365,
            "tokenPerVoteValue": 0.0018635138314217366,
            "tokenPerVoteValueUSD": 0.0004611330347642572,
            "rewardsAvailable": 1890.256993999963,
            "rewardsAvailableUSD": 467.75072415885796,
            "maxRewardPerVote": 0.02,
            "maxRewardPerVoteUSD": 0.004751107353315921,
            "totalVotes": 973776.895906112
        },
        {
            "id": 136,
            "manager": "0x2234a7c690AF5de948B3a1CcbEa43705E4583D2d",
            "bountyChainId": 1,
            "isEnded": false,
            "start": 1697068800,
            "end": 1730332800,
            "startClaimDate": 1697673600,
            "endClaimDate": 1730937600,
            "closableAt": 1731542400,
            "apr": 0.14551472123794393,
            "tokenPerVoteValue": 0.000375648,
            "tokenPerVoteValueUSD": 0.00070997472,
            "rewardsAvailable": 8.200526364670264,
            "rewardsAvailableUSD": 15.498994829226797,
            "maxRewardPerVote": 0.0003913,
            "maxRewardPerVoteUSD": 0.00070997472,
            "totalVotes": 7208.1406957322115
        },
        {
            "id": 172,
            "manager": "0x2234a7c690AF5de948B3a1CcbEa43705E4583D2d",
            "bountyChainId": 1,
            "isEnded": false,
            "start": 1706745600,
            "end": 1730332800,
            "startClaimDate": 1707350400,
            "endClaimDate": 1730937600,
            "closableAt": 1731542400,
            "apr": 0.0846387696237057,
            "tokenPerVoteValue": 0.000218496,
            "tokenPerVoteValueUSD": 0.00041295743999999996,
            "rewardsAvailable": 97.08140551867903,
            "rewardsAvailableUSD": 183.48385643030338,
            "maxRewardPerVote": 0.0002276,
            "maxRewardPerVoteUSD": 0.00041295743999999996,
            "totalVotes": 56272.80835664266
        },
        {
            "id": 236,
            "manager": "0x1c572Bf5306c086b43f6F91F032296A25B49D920",
            "bountyChainId": 1,
            "isEnded": false,
            "start": 1718841600,
            "end": 1730937600,
            "startClaimDate": 1719446400,
            "endClaimDate": 1731542400,
            "closableAt": 1732147200,
            "apr": 0.1951976803188586,
            "tokenPerVoteValue": 0.026308402469248326,
            "tokenPerVoteValueUSD": 0.0009523807436803449,
            "rewardsAvailable": 10479.339874019459,
            "rewardsAvailableUSD": 379.358705423625,
            "maxRewardPerVote": 0.028468070494901698,
            "maxRewardPerVoteUSD": 0.000989339603327859,
            "totalVotes": 382393.65886309237
        },
        {
            "id": 244,
            "manager": "0xd3Ea7CF0a73D709029988Bf2cb65ACC568f79332",
            "bountyChainId": 1,
            "isEnded": false,
            "start": 1719446400,
            "end": 1730937600,
            "startClaimDate": 1720051200,
            "endClaimDate": 1731542400,
            "closableAt": 1732147200,
            "apr": 0.2027726798327572,
            "tokenPerVoteValue": 0.027329347675105625,
            "tokenPerVoteValueUSD": 0.000989339603327859,
            "rewardsAvailable": 6185.425248115623,
            "rewardsAvailableUSD": 223.91629079969184,
            "maxRewardPerVote": 0.028468070494901698,
            "maxRewardPerVoteUSD": 0.000989339603327859,
            "totalVotes": 187230.89395103513
        },
        {
            "id": 245,
            "manager": "0xf8AfC5e9AEdA712A05E32F27513cDAa2F67f457B",
            "bountyChainId": 1,
            "isEnded": false,
            "start": 1719446400,
            "end": 1730937600,
            "startClaimDate": 1720051200,
            "endClaimDate": 1731542400,
            "closableAt": 1732147200,
            "apr": 0.12424082662115454,
            "tokenPerVoteValue": 0.01674496164361257,
            "tokenPerVoteValueUSD": 0.0006061781608246104,
            "rewardsAvailable": 10496.115333099959,
            "rewardsAvailableUSD": 379.96598761087836,
            "maxRewardPerVote": 0.028468070494901698,
            "maxRewardPerVoteUSD": 0.000989339603327859,
            "totalVotes": 601749.4058351333
        },
        {
            "id": 267,
            "manager": "0xFC08757c505eA28709dF66E54870fB6dE09f0C5E",
            "bountyChainId": 1,
            "isEnded": false,
            "start": 1729728000,
            "end": 1730332800,
            "startClaimDate": 1730332800,
            "endClaimDate": 1730937600,