{
    "0x0000000895cB182E6f983eb4D8b4E0Aa0B31Ae4c": [
        {
            "id": 92,
            "manager": "0xF98bb4943eb8a3eB6234a9f6B1Fa758714381753",
            "bountyChainId": 1,
            "isEnded": false,
            "start": 1689811200,
            "end": 1730332800,
            "startClaimDate": 1690416000,
            "endClaimDate": 1730937600,
            "closableAt": 1731542400,
            "apr": 0.21023154088404294,
            "tokenPerVoteValue": 0.0005179994519203406,
            "tokenPerVoteValueUSD": 0.000984198958648647,
            "rewardsAvailable": 175.29004751777015,
            "rewardsAvailableUSD": 333.05109028376324,
            "maxRewardPerVote": 0.0007842,
            "maxRewardPerVoteUSD": 0.0014303807999999998,
            "totalVotes": 324862.2078521768
        },
        {
            "id": 93,
            "manager": "0xF98bb4943eb8a3eB6234a9f6B1Fa758714381753",
            "bountyChainId": 1,
            "isEnded": false,
            "start": 1689811200,
            "end": 1730332800,
            "startClaimDate": 1690416000,
            "endClaimDate": 1730937600,
            "closableAt": 1731542400,
            "apr": 0.09611148794294902,
            "tokenPerVoteValue": 0.000236813647792061,
            "tokenPerVoteValueUSD": 0.0004499459308049159,
            "rewardsAvailable": 231.50570220623172,
            "rewardsAvailableUSD": 439.86083419184024,
            "maxRewardPerVote": 0.0007842,
            "maxRewardPerVoteUSD": 0.0014303807999999998,
            "totalVotes": 938482.5418217854
        },
        {
            "id": 123,
            "manager": "0x12E9D6962CEc231E2b0F8b49cE80e5B6fBF1cEa9",
            "bountyChainId": 1,
            "isEnded": false,
            "start": 1695859200,
            "end": 1732752000,
            "startClaimDate": 1696464000,
            "endClaimDate": 1733356800,
            "closableAt": 1733961600,
            "apr": 0.11838561628270414,
            "tokenPerVoteValue": 0.002171972943433819,
            "tokenPerVoteValueUSD": 0.0005542222626274794,
            "rewardsAvailable": 24837.484737354032,
            "rewardsAvailableUSD": 6337.780141657313,
            "maxRewardPerVote": 0.02,
            "maxRewardPerVoteUSD": 0.004899263351607144,
            "totalVotes": 10978030.55970085
        },
        {
            "id": 127,
            "manager": "0x8306300ffd616049FD7e4b0354a64Da835c1A81C",
            "bountyChainId": 1,
            "isEnded": false,
            "start": 1695859200,
            "end": 1730332800,
            "startClaimDate": 1696464000,
            "endClaimDate": 1730937600,
            "closableAt": 1731542400,
            "apr": 0.11903087638488094,
            "tokenPerVoteValue": 0.000293285814629379,
            "tokenPerVoteValueUSD": 0.00055724304779582,
            "rewardsAvailable": 546.5905863418192,
            "rewardsAvailableUSD": 1038.5221140494564,
            "maxRewardPerVote": 0.00065,
            "maxRewardPerVoteUSD": 0.0011856,
            "totalVotes": 1789131.7503754357
        },
        {
            "id": 133,
            "manager": "0x68841bC858B18E10AfF6c2eC67Dbc484B3b47D91",
            "bountyChainId": 1,
            "isEnded": false,
            "start": 1697068800,
            "end": 1732752000,
            "startClaimDate": 1697673600,
            "endClaimDate": 1733356800,
            "closableAt": 1733961600,
            "apr": 0.08561927915674021,
            "tokenPerVoteValue": 0.0015708222299630464,
            "tokenPerVoteValueUSD": 0.0004008266553722793,
            "rewardsAvailable": 1890.256993999963,
            "rewardsAvailableUSD": 482.33681332412,
            "maxRewardPerVote": 0.02,
            "maxRewardPerVoteUSD": 0.004899263351607144,
            "totalVotes": 1155220.9280121112
        },
        {
            "id": 136,
            "manager": "0x2234a7c690AF5de948B3a1CcbEa43705E4583D2d",
            "bountyChainId": 1,
            "isEnded": false,
            "start": 1697068800,
            "end": 1730332800,
            "startClaimDate": 1697673600,
            "endClaimDate": 1730937600,
            "closableAt": 1731542400,
            "apr": 0.1524578019865428,
            "tokenPerVoteValue": 0.000375648,
            "tokenPerVoteValueUSD": 0.0007137312,
            "rewardsAvailable": 8.200526364670264,
            "rewardsAvailableUSD": 15.5810000928735,
            "maxRewardPerVote": 0.0003913,
            "maxRewardPerVoteUSD": 0.0007137312,
            "totalVotes": 5806.109253903854
        },
        {
            "id": 172,
            "manager": "0x2234a7c690AF5de948B3a1CcbEa43705E4583D2d",
            "bountyChainId": 1,
            "isEnded": false,
            "start": 1706745600,
            "end": 1730332800,
            "startClaimDate": 1707350400,
            "endClaimDate": 1730937600,
            "closableAt": 1731542400,
            "apr": 0.08867721884011534,
            "tokenPerVoteValue": 0.000218496,
            "tokenPerVoteValueUSD": 0.00041514239999999994,
            "rewardsAvailable": 97.08140551867905,
            "rewardsAvailableUSD": 184.45467048549017,
            "maxRewardPerVote": 0.0002276,
            "maxRewardPerVoteUSD": 0.00041514239999999994,
            "totalVotes": 272726.0895143356
        },
        {
            "id": 236,
            "manager": "0x1c572Bf5306c086b43f6F91F032296A25B49D920",
            "bountyChainId": 1,
            "isEnded": false,
            "start": 1718841600,
            "end": 1730332800,
            "startClaimDate": 1719446400,
            "endClaimDate": 1730937600,
            "closableAt": 1731542400,
            "apr": 0.08689558657629201,
            "tokenPerVoteValue": 0.013328666197158955,
            "tokenPerVoteValueUSD": 0.000406801688556911,
            "rewardsAvailable": 10311.22563417441,
            "rewardsAvailableUSD": 314.7069584477667,
            "maxRewardPerVote": 0.045915862119317793,
            "maxRewardPerVoteUSD": 0.0013453337315806999,
            "totalVotes": 742668.2056841807
        },
        {
            "id": 244,
            "manager": "0xd3Ea7CF0a73D709029988Bf2cb65ACC568f79332",
            "bountyChainId": 1,
            "isEnded": false,
            "start": 1719446400,
            "end": 1730332800,
            "startClaimDate": 1720051200,
            "endClaimDate": 1730937600,
            "closableAt": 1731542400,
            "apr": 0.07030631843698845,
            "tokenPerVoteValue": 0.0107840856701628,
            "tokenPerVoteValueUSD": 0.0003291390297627615,
            "rewardsAvailable": 6370.045235756414,
            "rewardsAvailableUSD": 194.4189403319267,
            "maxRewardPerVote": 0.045915862119317793,
            "maxRewardPerVoteUSD": 0.0013453337315806999,
            "totalVotes": 567061.8366140852
        },
        {
            "id": 245,
            "manager": "0xf8AfC5e9AEdA712A05E32F27513cDAa2F67f457B",
            "bountyChainId": 1,
            "isEnded": false,
            "start": 1719446400,
            "end": 1730332800,
            "startClaimDate": 1720051200,
            "endClaimDate": 1730937600,
            "closableAt": 1731542400,
            "apr": 0.052189832703692825,
            "tokenPerVoteValue": 0.00800524959207629,
            "tokenPerVoteValueUSD": 0.00024432670180233793,
            "rewardsAvailable": 10230.419501507751,
            "rewardsAvailableUSD": 312.24068982581275,
            "maxRewardPerVote": 0.045915862119317793,
            "maxRewardPerVoteUSD": 0.0013453337315806999,
            "totalVotes": 1226845.285519718
        },
        {
            "id": 266,
            "manager": "0xFC08757c505eA28709dF66E54870fB6dE09f0C5E",
            "bountyChainId": 1,
            "isEnded": true,
            "start": 1728518400,
            "end": 1729123200,
            "startClaimDate": 1729123200,
            "endClaimDate": 1729728000,