{
    "0x0000000895cB182E6f983eb4D8b4E0Aa0B31Ae4c": [
        {
            "id": 92,
            "manager": "0xF98bb4943eb8a3eB6234a9f6B1Fa758714381753",
            "bountyChainId": 1,
            "isEnded": false,
            "start": 1689811200,
            "end": 1727913600,
            "startClaimDate": 1690416000,
            "endClaimDate": 1728518400,
            "closableAt": 1729123200,
            "apr": 0.1219885456083034,
            "tokenPerVoteValue": 0.0003024271990647545,
            "tokenPerVoteValueUSD": 0.000604854398129509,
            "rewardsAvailable": 299.4791838731029,
            "rewardsAvailableUSD": 598.9583677462058,
            "maxRewardPerVote": 0.0007842,
            "maxRewardPerVoteUSD": 0.0015056639999999999,
            "totalVotes": 950642.0633040364
        },
        {
            "id": 93,
            "manager": "0xF98bb4943eb8a3eB6234a9f6B1Fa758714381753",
            "bountyChainId": 1,
            "isEnded": false,
            "start": 1689811200,
            "end": 1727913600,
            "startClaimDate": 1690416000,
            "endClaimDate": 1728518400,
            "closableAt": 1729123200,
            "apr": 0.23830119233231734,
            "tokenPerVoteValue": 0.0005907830261560933,
            "tokenPerVoteValueUSD": 0.0011815660523121867,
            "rewardsAvailable": 264.78536782299875,
            "rewardsAvailableUSD": 529.5707356459975,
            "maxRewardPerVote": 0.0007842,
            "maxRewardPerVoteUSD": 0.0015056639999999999,
            "totalVotes": 430266.17532325163
        },
        {
            "id": 123,
            "manager": "0x12E9D6962CEc231E2b0F8b49cE80e5B6fBF1cEa9",
            "bountyChainId": 1,
            "isEnded": false,
            "start": 1695859200,
            "end": 1730332800,
            "startClaimDate": 1696464000,
            "endClaimDate": 1730937600,
            "closableAt": 1731542400,
            "apr": 0.11313260617720208,
            "tokenPerVoteValue": 0.0022258293709386786,
            "tokenPerVoteValueUSD": 0.0005609440958321959,
            "rewardsAvailable": 32379.820240025052,
            "rewardsAvailableUSD": 8160.225228805413,
            "maxRewardPerVote": 0.02,
            "maxRewardPerVoteUSD": 0.0048387027238463364,
            "totalVotes": 13965413.44825323
        },
        {
            "id": 127,
            "manager": "0x8306300ffd616049FD7e4b0354a64Da835c1A81C",
            "bountyChainId": 1,
            "isEnded": false,
            "start": 1695859200,
            "end": 1727913600,
            "startClaimDate": 1696464000,
            "endClaimDate": 1728518400,
            "closableAt": 1729123200,
            "apr": 0.17748583349668878,
            "tokenPerVoteValue": 0.00044001298015658425,
            "tokenPerVoteValueUSD": 0.0008800259603131685,
            "rewardsAvailable": 884.8591773799192,
            "rewardsAvailableUSD": 1769.7183547598383,
            "maxRewardPerVote": 0.00065,
            "maxRewardPerVoteUSD": 0.001248,
            "totalVotes": 1930544.889794909
        },
        {
            "id": 133,
            "manager": "0x68841bC858B18E10AfF6c2eC67Dbc484B3b47D91",
            "bountyChainId": 1,
            "isEnded": false,
            "start": 1697068800,
            "end": 1730332800,
            "startClaimDate": 1697673600,
            "endClaimDate": 1730937600,
            "closableAt": 1731542400,
            "apr": 0.11133680313608103,
            "tokenPerVoteValue": 0.0021904978136766864,
            "tokenPerVoteValueUSD": 0.0005520399863342097,
            "rewardsAvailable": 2747.7504278047777,
            "rewardsAvailableUSD": 692.4764312223392,
            "maxRewardPerVote": 0.02,
            "maxRewardPerVoteUSD": 0.0048387027238463364,
            "totalVotes": 1204219.6044309437
        },
        {
            "id": 136,
            "manager": "0x2234a7c690AF5de948B3a1CcbEa43705E4583D2d",
            "bountyChainId": 1,
            "isEnded": false,
            "start": 1697068800,
            "end": 1727913600,
            "startClaimDate": 1697673600,
            "endClaimDate": 1728518400,
            "closableAt": 1729123200,
            "apr": 0.15152325360410504,
            "tokenPerVoteValue": 0.000375648,
            "tokenPerVoteValueUSD": 0.000751296,
            "rewardsAvailable": 8.99011106384924,
            "rewardsAvailableUSD": 17.98022212769848,
            "maxRewardPerVote": 0.0003913,
            "maxRewardPerVoteUSD": 0.000751296,
            "totalVotes": 15595.155374726004
        },
        {
            "id": 172,
            "manager": "0x2234a7c690AF5de948B3a1CcbEa43705E4583D2d",
            "bountyChainId": 1,
            "isEnded": false,
            "start": 1706745600,
            "end": 1727913600,
            "startClaimDate": 1707350400,
            "endClaimDate": 1728518400,
            "closableAt": 1729123200,
            "apr": 0.08813363792561796,
            "tokenPerVoteValue": 0.000218496,
            "tokenPerVoteValueUSD": 0.000436992,
            "rewardsAvailable": 243.16388691402287,
            "rewardsAvailableUSD": 486.32777382804574,
            "maxRewardPerVote": 0.0002276,
            "maxRewardPerVoteUSD": 0.000436992,
            "totalVotes": 342188.57527572644
        },
        {
            "id": 236,
            "manager": "0x1c572Bf5306c086b43f6F91F032296A25B49D920",
            "bountyChainId": 1,
            "isEnded": false,
            "start": 1718841600,
            "end": 1727913600,
            "startClaimDate": 1719446400,
            "endClaimDate": 1728518400,
            "closableAt": 1729123200,
            "apr": 0.17609787304815117,
            "tokenPerVoteValue": 0.015408061905063048,
            "tokenPerVoteValueUSD": 0.0008731440520361128,
            "rewardsAvailable": 25934.67163769335,
            "rewardsAvailableUSD": 1469.665972364807,
            "maxRewardPerVote": 0.016050064484440674,
            "maxRewardPerVoteUSD": 0.0008731440520361128,
            "totalVotes": 1081150.6339815084
        },
        {
            "id": 244,
            "manager": "0xd3Ea7CF0a73D709029988Bf2cb65ACC568f79332",
            "bountyChainId": 1,
            "isEnded": false,
            "start": 1719446400,
            "end": 1727913600,
            "startClaimDate": 1720051200,
            "endClaimDate": 1728518400,
            "closableAt": 1729123200,
            "apr": 0.11403375397948859,
            "tokenPerVoteValue": 0.009977628407256543,
            "tokenPerVoteValueUSD": 0.0005654122465824138,
            "rewardsAvailable": 7958.120993126128,
            "rewardsAvailableUSD": 450.9708004384715,
            "maxRewardPerVote": 0.016050064484440674,
            "maxRewardPerVoteUSD": 0.0008731440520361128,
            "totalVotes": 765692.5916227549
        },
        {
            "id": 245,
            "manager": "0xf8AfC5e9AEdA712A05E32F27513cDAa2F67f457B",
            "bountyChainId": 1,
            "isEnded": false,
            "start": 1719446400,
            "end": 1727913600,
            "startClaimDate": 1720051200,
            "endClaimDate": 1728518400,
            "closableAt": 1729123200,
            "apr": 0.1206514865737303,
            "tokenPerVoteValue": 0.010556661144666997,
            "tokenPerVoteValueUSD": 0.0005982248737459895,
            "rewardsAvailable": 11245.681394177556,
            "rewardsAvailableUSD": 637.2702732452537,
            "maxRewardPerVote": 0.016050064484440674,
            "maxRewardPerVoteUSD": 0.0008731440520361128,
            "totalVotes": 1022658.0156799189
        },
        {
            "id": 265,
            "manager": "0xFC08757c505eA28709dF66E54870fB6dE09f0C5E",
            "bountyChainId": 1,
            "isEnded": false,
            "start": 1727308800,
            "end": 1727913600,
            "startClaimDate": 1727913600,
            "endClaimDate": 1728518400,
            "closableAt": 1729123200,