{
    "0x0000000895cB182E6f983eb4D8b4E0Aa0B31Ae4c": [
        {
            "id": 92,
            "manager": "0xF98bb4943eb8a3eB6234a9f6B1Fa758714381753",
            "bountyChainId": 1,
            "isEnded": false,
            "start": 1689811200,
            "end": 1729123200,
            "startClaimDate": 1690416000,
            "endClaimDate": 1729728000,
            "closableAt": 1730332800,
            "apr": 0.08088560617395622,
            "tokenPerVoteValue": 0.00019973357409734213,
            "tokenPerVoteValueUSD": 0.0004094538268995513,
            "rewardsAvailable": 192.85150065550707,
            "rewardsAvailableUSD": 395.34557634378945,
            "maxRewardPerVote": 0.0007842,
            "maxRewardPerVoteUSD": 0.0015433055999999998,
            "totalVotes": 926921.9832768738
        },
        {
            "id": 93,
            "manager": "0xF98bb4943eb8a3eB6234a9f6B1Fa758714381753",
            "bountyChainId": 1,
            "isEnded": false,
            "start": 1689811200,
            "end": 1729123200,
            "startClaimDate": 1690416000,
            "endClaimDate": 1729728000,
            "closableAt": 1730332800,
            "apr": 0.0762127891056395,
            "tokenPerVoteValue": 0.0001881948282276416,
            "tokenPerVoteValueUSD": 0.0003857993978666652,
            "rewardsAvailable": 194.38093584434935,
            "rewardsAvailableUSD": 398.48091848091616,
            "maxRewardPerVote": 0.0007842,
            "maxRewardPerVoteUSD": 0.0015433055999999998,
            "totalVotes": 991555.9325830995
        },
        {
            "id": 123,
            "manager": "0x12E9D6962CEc231E2b0F8b49cE80e5B6fBF1cEa9",
            "bountyChainId": 1,
            "isEnded": false,
            "start": 1695859200,
            "end": 1731542400,
            "startClaimDate": 1696464000,
            "endClaimDate": 1732147200,
            "closableAt": 1732752000,
            "apr": 0.12611613642890446,
            "tokenPerVoteValue": 0.0022253925243697487,
            "tokenPerVoteValueUSD": 0.0006384168597753261,
            "rewardsAvailable": 25443.80603684829,
            "rewardsAvailableUSD": 7299.276227854477,
            "maxRewardPerVote": 0.02,
            "maxRewardPerVoteUSD": 0.005508063666726716,
            "totalVotes": 10976065.358308883
        },
        {
            "id": 127,
            "manager": "0x8306300ffd616049FD7e4b0354a64Da835c1A81C",
            "bountyChainId": 1,
            "isEnded": false,
            "start": 1695859200,
            "end": 1729123200,
            "startClaimDate": 1696464000,
            "endClaimDate": 1729728000,
            "closableAt": 1730332800,
            "apr": 0.11182972789345146,
            "tokenPerVoteValue": 0.0002761449446821869,
            "tokenPerVoteValueUSD": 0.0005660971365984831,
            "rewardsAvailable": 521.3460626146107,
            "rewardsAvailableUSD": 1068.7594283599517,
            "maxRewardPerVote": 0.00065,
            "maxRewardPerVoteUSD": 0.0012791999999999999,
            "totalVotes": 1812425.7921362238
        },
        {
            "id": 133,
            "manager": "0x68841bC858B18E10AfF6c2eC67Dbc484B3b47D91",
            "bountyChainId": 1,
            "isEnded": false,
            "start": 1697068800,
            "end": 1731542400,
            "startClaimDate": 1697673600,
            "endClaimDate": 1732147200,
            "closableAt": 1732752000,
            "apr": 0.09090562512525675,
            "tokenPerVoteValue": 0.0016040825885191008,
            "tokenPerVoteValueUSD": 0.0004601765116797396,
            "rewardsAvailable": 1978.2944715446868,
            "rewardsAvailableUSD": 567.5297865000842,
            "maxRewardPerVote": 0.02,
            "maxRewardPerVoteUSD": 0.005508063666726716,
            "totalVotes": 1183955.6805090804
        },
        {
            "id": 136,
            "manager": "0x2234a7c690AF5de948B3a1CcbEa43705E4583D2d",
            "bountyChainId": 1,
            "isEnded": false,
            "start": 1697068800,
            "end": 1729123200,
            "startClaimDate": 1697673600,
            "endClaimDate": 1729728000,
            "closableAt": 1730332800,
            "apr": 0.152125231450703,
            "tokenPerVoteValue": 0.00037564799999999997,
            "tokenPerVoteValueUSD": 0.0007700783999999999,
            "rewardsAvailable": 6.054451965332893,
            "rewardsAvailableUSD": 12.41162652893243,
            "maxRewardPerVote": 0.0003913,
            "maxRewardPerVoteUSD": 0.0007700783999999999,
            "totalVotes": 10644.895703985821
        },
        {
            "id": 172,
            "manager": "0x2234a7c690AF5de948B3a1CcbEa43705E4583D2d",
            "bountyChainId": 1,
            "isEnded": false,
            "start": 1706745600,
            "end": 1729123200,
            "startClaimDate": 1707350400,
            "endClaimDate": 1729728000,
            "closableAt": 1730332800,
            "apr": 0.0884837788862254,
            "tokenPerVoteValue": 0.00021849600000000002,
            "tokenPerVoteValueUSD": 0.0004479168,
            "rewardsAvailable": 109.24222901950053,
            "rewardsAvailableUSD": 223.94656948997607,
            "maxRewardPerVote": 0.0002276,
            "maxRewardPerVoteUSD": 0.0004479168,
            "totalVotes": 279376.41339385166
        },
        {
            "id": 236,
            "manager": "0x1c572Bf5306c086b43f6F91F032296A25B49D920",
            "bountyChainId": 1,
            "isEnded": false,
            "start": 1718841600,
            "end": 1729123200,
            "startClaimDate": 1719446400,
            "endClaimDate": 1729728000,
            "closableAt": 1730332800,
            "apr": 0.11641617824870633,
            "tokenPerVoteValue": 0.00981176726888152,
            "tokenPerVoteValueUSD": 0.0005893143657035618,
            "rewardsAvailable": 10819.647417644768,
            "rewardsAvailableUSD": 649.8496631985801,
            "maxRewardPerVote": 0.015997419447616276,
            "maxRewardPerVoteUSD": 0.0009224035265882196,
            "totalVotes": 1058612.7082204034
        },
        {
            "id": 244,
            "manager": "0xd3Ea7CF0a73D709029988Bf2cb65ACC568f79332",
            "bountyChainId": 1,
            "isEnded": false,
            "start": 1719446400,
            "end": 1729123200,
            "startClaimDate": 1720051200,
            "endClaimDate": 1729728000,
            "closableAt": 1730332800,
            "apr": 0.10308646246832065,
            "tokenPerVoteValue": 0.00868831457557912,
            "tokenPerVoteValueUSD": 0.000521837550038433,
            "rewardsAvailable": 7647.481776445315,
            "rewardsAvailableUSD": 459.3230504568585,
            "maxRewardPerVote": 0.015997419447616276,
            "maxRewardPerVoteUSD": 0.0009224035265882196,
            "totalVotes": 844995.0150312264
        },
        {
            "id": 245,
            "manager": "0xf8AfC5e9AEdA712A05E32F27513cDAa2F67f457B",
            "bountyChainId": 1,
            "isEnded": false,
            "start": 1719446400,
            "end": 1729123200,
            "startClaimDate": 1720051200,
            "endClaimDate": 1729728000,
            "closableAt": 1730332800,
            "apr": 0.08711761865429592,
            "tokenPerVoteValue": 0.007342431370913189,
            "tokenPerVoteValueUSD": 0.0004410011129997879,
            "rewardsAvailable": 11447.312567654273,
            "rewardsAvailableUSD": 687.5484874384509,
            "maxRewardPerVote": 0.015997419447616276,
            "maxRewardPerVoteUSD": 0.0009224035265882196,
            "totalVotes": 1496700.412956169
        },
        {
            "id": 265,
            "manager": "0xFC08757c505eA28709dF66E54870fB6dE09f0C5E",
            "bountyChainId": 1,
            "isEnded": true,
            "start": 1727308800,
            "end": 1727913600,
            "startClaimDate": 1727913600,