{
    "0x0000000895cB182E6f983eb4D8b4E0Aa0B31Ae4c": [
        {
            "id": 92,
            "manager": "0xF98bb4943eb8a3eB6234a9f6B1Fa758714381753",
            "bountyChainId": 1,
            "isEnded": false,
            "start": 1689811200,
            "end": 1731542400,
            "startClaimDate": 1690416000,
            "endClaimDate": 1732147200,
            "closableAt": 1732752000,
            "apr": 0.18362754298674389,
            "tokenPerVoteValue": 0.0004345785318967799,
            "tokenPerVoteValueUSD": 0.0009995306233625937,
            "rewardsAvailable": 133.43660579923687,
            "rewardsAvailableUSD": 306.9041933382448,
            "maxRewardPerVote": 0.0007842,
            "maxRewardPerVoteUSD": 0.0017315135999999998,
            "totalVotes": 294766.38205794577
        },
        {
            "id": 93,
            "manager": "0xF98bb4943eb8a3eB6234a9f6B1Fa758714381753",
            "bountyChainId": 1,
            "isEnded": false,
            "start": 1689811200,
            "end": 1731542400,
            "startClaimDate": 1690416000,
            "endClaimDate": 1732147200,
            "closableAt": 1732752000,
            "apr": 0.2481963921287401,
            "tokenPerVoteValue": 0.000587389135415115,
            "tokenPerVoteValueUSD": 0.0013509950114547645,
            "rewardsAvailable": 345.2408099995636,
            "rewardsAvailableUSD": 794.0538629989962,
            "maxRewardPerVote": 0.0007842,
            "maxRewardPerVoteUSD": 0.0017315135999999998,
            "totalVotes": 564244.6508060702
        },
        {
            "id": 123,
            "manager": "0x12E9D6962CEc231E2b0F8b49cE80e5B6fBF1cEa9",
            "bountyChainId": 1,
            "isEnded": false,
            "start": 1695859200,
            "end": 1732752000,
            "startClaimDate": 1696464000,
            "endClaimDate": 1733356800,
            "closableAt": 1733961600,
            "apr": 0.14822276832249395,
            "tokenPerVoteValue": 0.0027217438004032432,
            "tokenPerVoteValueUSD": 0.0008068135836714152,
            "rewardsAvailable": 25317.90124245289,
            "rewardsAvailableUSD": 7505.051220998842,
            "maxRewardPerVote": 0.02,
            "maxRewardPerVoteUSD": 0.005691505866274448,
            "totalVotes": 8930004.796613777
        },
        {
            "id": 127,
            "manager": "0x8306300ffd616049FD7e4b0354a64Da835c1A81C",
            "bountyChainId": 1,
            "isEnded": false,
            "start": 1695859200,
            "end": 1731542400,
            "startClaimDate": 1696464000,
            "endClaimDate": 1732147200,
            "closableAt": 1732752000,
            "apr": 0.1233670226705475,
            "tokenPerVoteValue": 0.00029196415050063385,
            "tokenPerVoteValueUSD": 0.0006715175461514578,
            "rewardsAvailable": 458.5247477512812,
            "rewardsAvailableUSD": 1054.6069198279467,
            "maxRewardPerVote": 0.0006,
            "maxRewardPerVoteUSD": 0.0013247999999999997,
            "totalVotes": 1507663.7220235516
        },
        {
            "id": 133,
            "manager": "0x68841bC858B18E10AfF6c2eC67Dbc484B3b47D91",
            "bountyChainId": 1,
            "isEnded": false,
            "start": 1697068800,
            "end": 1732752000,
            "startClaimDate": 1697673600,
            "endClaimDate": 1733356800,
            "closableAt": 1733961600,
            "apr": 0.12026779390366697,
            "tokenPerVoteValue": 0.0022084199758924923,
            "tokenPerVoteValueUSD": 0.0006546476691661352,
            "rewardsAvailable": 2207.8092183615263,
            "rewardsAvailableUSD": 654.4666207249704,
            "maxRewardPerVote": 0.02,
            "maxRewardPerVoteUSD": 0.005691505866274448,
            "totalVotes": 959734.5037465121
        },
        {
            "id": 136,
            "manager": "0x2234a7c690AF5de948B3a1CcbEa43705E4583D2d",
            "bountyChainId": 1,
            "isEnded": false,
            "start": 1697068800,
            "end": 1731542400,
            "startClaimDate": 1697673600,
            "endClaimDate": 1732147200,
            "closableAt": 1732752000,
            "apr": 0.158726937032104,
            "tokenPerVoteValue": 0.0003756480000000001,
            "tokenPerVoteValueUSD": 0.0008639904000000001,
            "rewardsAvailable": 9.250434851017861,
            "rewardsAvailableUSD": 21.276000157341077,
            "maxRewardPerVote": 0.0003913,
            "maxRewardPerVoteUSD": 0.0008639904000000001,
            "totalVotes": 7167.428983351267
        },
        {
            "id": 172,
            "manager": "0x2234a7c690AF5de948B3a1CcbEa43705E4583D2d",
            "bountyChainId": 1,
            "isEnded": false,
            "start": 1706745600,
            "end": 1731542400,
            "startClaimDate": 1707350400,
            "endClaimDate": 1732147200,
            "closableAt": 1732752000,
            "apr": 0.09232366692692784,
            "tokenPerVoteValue": 0.000218496,
            "tokenPerVoteValueUSD": 0.0005025407999999999,
            "rewardsAvailable": 125.57302841666643,
            "rewardsAvailableUSD": 288.8179653583328,
            "maxRewardPerVote": 0.0002276,
            "maxRewardPerVoteUSD": 0.0005025407999999999,
            "totalVotes": 56000.959040910086
        },
        {
            "id": 236,
            "manager": "0x1c572Bf5306c086b43f6F91F032296A25B49D920",
            "bountyChainId": 1,
            "isEnded": false,
            "start": 1718841600,
            "end": 1731542400,
            "startClaimDate": 1719446400,
            "endClaimDate": 1732147200,
            "closableAt": 1732752000,
            "apr": 0.17079348775511366,
            "tokenPerVoteValue": 0.02331897127073889,
            "tokenPerVoteValueUSD": 0.0009296716522230224,
            "rewardsAvailable": 10603.43939955195,
            "rewardsAvailableUSD": 422.7337866399713,
            "maxRewardPerVote": 0.024290595073686343,
            "maxRewardPerVoteUSD": 0.0009296716522230224,
            "totalVotes": 379275.1985963543
        },
        {
            "id": 244,
            "manager": "0xd3Ea7CF0a73D709029988Bf2cb65ACC568f79332",
            "bountyChainId": 1,
            "isEnded": false,
            "start": 1719446400,
            "end": 1731542400,
            "startClaimDate": 1720051200,
            "endClaimDate": 1732147200,
            "closableAt": 1732752000,
            "apr": 0.17079348775511366,
            "tokenPerVoteValue": 0.02331897127073889,
            "tokenPerVoteValueUSD": 0.0009296716522230224,
            "rewardsAvailable": 6092.56505312868,
            "rewardsAvailableUSD": 242.89600743776347,
            "maxRewardPerVote": 0.024290595073686343,
            "maxRewardPerVoteUSD": 0.0009296716522230224,
            "totalVotes": 186325.27017238326
        },
        {
            "id": 245,
            "manager": "0xf8AfC5e9AEdA712A05E32F27513cDAa2F67f457B",
            "bountyChainId": 1,
            "isEnded": false,
            "start": 1719446400,
            "end": 1731542400,
            "startClaimDate": 1720051200,
            "endClaimDate": 1732147200,
            "closableAt": 1732752000,
            "apr": 0.11512431898268165,
            "tokenPerVoteValue": 0.015718284825764123,
            "tokenPerVoteValueUSD": 0.0006266504493024819,
            "rewardsAvailable": 9793.15301264001,
            "rewardsAvailableUSD": 390.429604978257,
            "maxRewardPerVote": 0.024290595073686343,
            "maxRewardPerVoteUSD": 0.0009296716522230224,
            "totalVotes": 598120.4053971819
        },
        {
            "id": 267,
            "manager": "0xFC08757c505eA28709dF66E54870fB6dE09f0C5E",
            "bountyChainId": 1,
            "isEnded": true,
            "start": 1729728000,
            "end": 1730332800,
            "startClaimDate": 1730332800,