{
    "0x0000000895cB182E6f983eb4D8b4E0Aa0B31Ae4c": [
        {
            "id": 92,
            "manager": "0xF98bb4943eb8a3eB6234a9f6B1Fa758714381753",
            "bountyChainId": 1,
            "isEnded": false,
            "start": 1689811200,
            "end": 1726704000,
            "startClaimDate": 1690416000,
            "endClaimDate": 1727308800,
            "closableAt": 1727913600,
            "apr": 0.10359450682077212,
            "tokenPerVoteValue": 0.00027960958296398703,
            "tokenPerVoteValueUSD": 0.0005536269742686944,
            "rewardsAvailable": 204.0235181121326,
            "rewardsAvailableUSD": 403.96656586202255,
            "maxRewardPerVote": 0.0007842,
            "maxRewardPerVoteUSD": 0.00149060736,
            "totalVotes": 700485.9250938973
        },
        {
            "id": 93,
            "manager": "0xF98bb4943eb8a3eB6234a9f6B1Fa758714381753",
            "bountyChainId": 1,
            "isEnded": false,
            "start": 1689811200,
            "end": 1726704000,
            "startClaimDate": 1690416000,
            "endClaimDate": 1727308800,
            "closableAt": 1727913600,
            "apr": 0.11507522871692313,
            "tokenPerVoteValue": 0.0003105969389544171,
            "tokenPerVoteValueUSD": 0.0006149819391297459,
            "rewardsAvailable": 178.15853111158944,
            "rewardsAvailableUSD": 352.7538916009471,
            "maxRewardPerVote": 0.0007842,
            "maxRewardPerVoteUSD": 0.00149060736,
            "totalVotes": 550656.3923098623
        },
        {
            "id": 123,
            "manager": "0x12E9D6962CEc231E2b0F8b49cE80e5B6fBF1cEa9",
            "bountyChainId": 1,
            "isEnded": false,
            "start": 1695859200,
            "end": 1729123200,
            "startClaimDate": 1696464000,
            "endClaimDate": 1729728000,
            "closableAt": 1730332800,
            "apr": 0.11017656458167281,
            "tokenPerVoteValue": 0.0021623777017350907,
            "tokenPerVoteValueUSD": 0.0005888026301452524,
            "rewardsAvailable": 28347.7842979043,
            "rewardsAvailableUSD": 7718.933625704377,
            "maxRewardPerVote": 0.02,
            "maxRewardPerVoteUSD": 0.0052280461871752155,
            "totalVotes": 12585161.650599584
        },
        {
            "id": 124,
            "manager": "0xfCBa6dC55c4b36943cF6C69f2c23b345350d520E",
            "bountyChainId": 1,
            "isEnded": false,
            "start": 1695859200,
            "end": 1726704000,
            "startClaimDate": 1696464000,
            "endClaimDate": 1727308800,
            "closableAt": 1727913600,
            "apr": 0.13092479829186243,
            "tokenPerVoteValue": 0.002569592412918466,
            "tokenPerVoteValueUSD": 0.0006996847821329556,
            "rewardsAvailable": 7696.447024531503,
            "rewardsAvailableUSD": 2095.696902156144,
            "maxRewardPerVote": 0.02,
            "maxRewardPerVoteUSD": 0.0052280461871752155,
            "totalVotes": 2875393.4306486
        },
        {
            "id": 125,
            "manager": "0xF78f606db249B27cb835Bec41f9957fCe2308f5e",
            "bountyChainId": 1,
            "isEnded": false,
            "start": 1695859200,
            "end": 1726704000,
            "startClaimDate": 1696464000,
            "endClaimDate": 1727308800,
            "closableAt": 1727913600,
            "apr": 0.1300655893685529,
            "tokenPerVoteValue": 0.002552729169596706,
            "tokenPerVoteValueUSD": 0.0006950930209375528,
            "rewardsAvailable": 1412.6910903231253,
            "rewardsAvailableUSD": 384.6674098135528,
            "maxRewardPerVote": 0.02,
            "maxRewardPerVoteUSD": 0.0052280461871752155,
            "totalVotes": 531268.0494517393
        },
        {
            "id": 127,
            "manager": "0x8306300ffd616049FD7e4b0354a64Da835c1A81C",
            "bountyChainId": 1,
            "isEnded": false,
            "start": 1695859200,
            "end": 1726704000,
            "startClaimDate": 1696464000,
            "endClaimDate": 1727308800,
            "closableAt": 1727913600,
            "apr": 0.0816459909673935,
            "tokenPerVoteValue": 0.00022036884180133787,
            "tokenPerVoteValueUSD": 0.000436330306766649,
            "rewardsAvailable": 524.6371657077012,
            "rewardsAvailableUSD": 1038.7815881012484,
            "maxRewardPerVote": 0.00065,
            "maxRewardPerVoteUSD": 0.00123552,
            "totalVotes": 2285494.060605148
        },
        {
            "id": 133,
            "manager": "0x68841bC858B18E10AfF6c2eC67Dbc484B3b47D91",
            "bountyChainId": 1,
            "isEnded": false,
            "start": 1697068800,
            "end": 1729123200,
            "startClaimDate": 1697673600,
            "endClaimDate": 1729728000,
            "closableAt": 1730332800,
            "apr": 0.12762201272216836,
            "tokenPerVoteValue": 0.002504770371165433,
            "tokenPerVoteValueUSD": 0.0006820341244125464,
            "rewardsAvailable": 2726.5914337806694,
            "rewardsAvailableUSD": 742.4346848625851,
            "maxRewardPerVote": 0.02,
            "maxRewardPerVoteUSD": 0.0052280461871752155,
            "totalVotes": 1045017.0628661442
        },
        {
            "id": 136,
            "manager": "0x2234a7c690AF5de948B3a1CcbEa43705E4583D2d",
            "bountyChainId": 1,
            "isEnded": false,
            "start": 1697068800,
            "end": 1726704000,
            "startClaimDate": 1697673600,
            "endClaimDate": 1727308800,
            "closableAt": 1727913600,
            "apr": 0.1391764505554216,
            "tokenPerVoteValue": 0.000375648,
            "tokenPerVoteValueUSD": 0.00074378304,
            "rewardsAvailable": 38.5498824219034,
            "rewardsAvailableUSD": 76.32876719536873,
            "maxRewardPerVote": 0.0003913,
            "maxRewardPerVoteUSD": 0.00074378304,
            "totalVotes": 34720.74525188354
        },
        {
            "id": 172,
            "manager": "0x2234a7c690AF5de948B3a1CcbEa43705E4583D2d",
            "bountyChainId": 1,
            "isEnded": false,
            "start": 1706745600,
            "end": 1726704000,
            "startClaimDate": 1707350400,
            "endClaimDate": 1727308800,
            "closableAt": 1727913600,
            "apr": 0.07925777391139951,
            "tokenPerVoteValue": 0.0002139228593303826,
            "tokenPerVoteValueUSD": 0.00042356726147415756,
            "rewardsAvailable": 470.5426290673875,
            "rewardsAvailableUSD": 931.6744055534273,
            "maxRewardPerVote": 0.0002276,
            "maxRewardPerVoteUSD": 0.00043262207999999997,
            "totalVotes": 2111606.610526152
        },
        {
            "id": 236,
            "manager": "0x1c572Bf5306c086b43f6F91F032296A25B49D920",
            "bountyChainId": 1,
            "isEnded": false,
            "start": 1718841600,
            "end": 1726704000,
            "startClaimDate": 1719446400,
            "endClaimDate": 1727308800,
            "closableAt": 1727913600,
            "apr": 0.09645800850957198,
            "tokenPerVoteValue": 0.006803060353034349,
            "tokenPerVoteValueUSD": 0.0005154882921304716,
            "rewardsAvailable": 18938.788689744968,
            "rewardsAvailableUSD": 1435.0488353880453,
            "maxRewardPerVote": 0.010657229691382029,
            "maxRewardPerVoteUSD": 0.0007752290547888868,
            "totalVotes": 2672508.5768268756
        },
        {
            "id": 244,
            "manager": "0xd3Ea7CF0a73D709029988Bf2cb65ACC568f79332",
            "bountyChainId": 1,
            "isEnded": false,
            "start": 1719446400,
            "end": 1726704000,
            "startClaimDate": 1720051200,
            "endClaimDate": 1727308800,
            "closableAt": 1727913600,