{
    "0x0000000895cB182E6f983eb4D8b4E0Aa0B31Ae4c": [
        {
            "id": 92,
            "manager": "0xF98bb4943eb8a3eB6234a9f6B1Fa758714381753",
            "bountyChainId": 1,
            "isEnded": false,
            "start": 1689811200,
            "end": 1730332800,
            "startClaimDate": 1690416000,
            "endClaimDate": 1730937600,
            "closableAt": 1731542400,
            "apr": 0.219157312436567,
            "tokenPerVoteValue": 0.0005667024710266527,
            "tokenPerVoteValueUSD": 0.001054066596109574,
            "rewardsAvailable": 175.29004751777018,
            "rewardsAvailableUSD": 326.03948838305257,
            "maxRewardPerVote": 0.0007842,
            "maxRewardPerVoteUSD": 0.0014002675199999998,
            "totalVotes": 296943.2007455373
        },
        {
            "id": 93,
            "manager": "0xF98bb4943eb8a3eB6234a9f6B1Fa758714381753",
            "bountyChainId": 1,
            "isEnded": false,
            "start": 1689811200,
            "end": 1730332800,
            "startClaimDate": 1690416000,
            "endClaimDate": 1730937600,
            "closableAt": 1731542400,
            "apr": 0.15232329818471377,
            "tokenPerVoteValue": 0.0003938814019778236,
            "tokenPerVoteValueUSD": 0.0007326194076787519,
            "rewardsAvailable": 231.50570220623172,
            "rewardsAvailableUSD": 430.600606103591,
            "maxRewardPerVote": 0.0007842,
            "maxRewardPerVoteUSD": 0.0014002675199999998,
            "totalVotes": 564244.6508060702
        },
        {
            "id": 123,
            "manager": "0x12E9D6962CEc231E2b0F8b49cE80e5B6fBF1cEa9",
            "bountyChainId": 1,
            "isEnded": false,
            "start": 1695859200,
            "end": 1732752000,
            "startClaimDate": 1696464000,
            "endClaimDate": 1733356800,
            "closableAt": 1733961600,
            "apr": 0.1378803534473021,
            "tokenPerVoteValue": 0.0027507635350845516,
            "tokenPerVoteValueUSD": 0.0006631541207216097,
            "rewardsAvailable": 24717.798384362464,
            "rewardsAvailableUSD": 5958.967262975613,
            "maxRewardPerVote": 0.02,
            "maxRewardPerVoteUSD": 0.004628736332824602,
            "totalVotes": 8626363.60644449
        },
        {
            "id": 127,
            "manager": "0x8306300ffd616049FD7e4b0354a64Da835c1A81C",
            "bountyChainId": 1,
            "isEnded": false,
            "start": 1695859200,
            "end": 1730332800,
            "startClaimDate": 1696464000,
            "endClaimDate": 1730937600,
            "closableAt": 1731542400,
            "apr": 0.13391197182653086,
            "tokenPerVoteValue": 0.00034627293285553344,
            "tokenPerVoteValueUSD": 0.0006440676551112923,
            "rewardsAvailable": 546.5905863418192,
            "rewardsAvailableUSD": 1016.6584905957837,
            "maxRewardPerVote": 0.00065,
            "maxRewardPerVoteUSD": 0.00116064,
            "totalVotes": 1515356.5673210293
        },
        {
            "id": 133,
            "manager": "0x68841bC858B18E10AfF6c2eC67Dbc484B3b47D91",
            "bountyChainId": 1,
            "isEnded": false,
            "start": 1697068800,
            "end": 1732752000,
            "startClaimDate": 1697673600,
            "endClaimDate": 1733356800,
            "closableAt": 1733961600,
            "apr": 0.0934075003006274,
            "tokenPerVoteValue": 0.0018635138314217366,
            "tokenPerVoteValueUSD": 0.00044925594678244646,
            "rewardsAvailable": 1890.256993999963,
            "rewardsAvailableUSD": 455.7031888803877,
            "maxRewardPerVote": 0.02,
            "maxRewardPerVoteUSD": 0.004628736332824602,
            "totalVotes": 973776.895906112
        },
        {
            "id": 136,
            "manager": "0x2234a7c690AF5de948B3a1CcbEa43705E4583D2d",
            "bountyChainId": 1,
            "isEnded": false,
            "start": 1697068800,
            "end": 1730332800,
            "startClaimDate": 1697673600,
            "endClaimDate": 1730937600,
            "closableAt": 1731542400,
            "apr": 0.14527200834862714,
            "tokenPerVoteValue": 0.000375648,
            "tokenPerVoteValueUSD": 0.0006987052800000001,
            "rewardsAvailable": 8.200526364670264,
            "rewardsAvailableUSD": 15.252979038286691,
            "maxRewardPerVote": 0.0003913,
            "maxRewardPerVoteUSD": 0.0006987052800000001,
            "totalVotes": 7208.1406957322115
        },
        {
            "id": 172,
            "manager": "0x2234a7c690AF5de948B3a1CcbEa43705E4583D2d",
            "bountyChainId": 1,
            "isEnded": false,
            "start": 1706745600,
            "end": 1730332800,
            "startClaimDate": 1707350400,
            "endClaimDate": 1730937600,
            "closableAt": 1731542400,
            "apr": 0.08449759545143762,
            "tokenPerVoteValue": 0.00021849599999999996,
            "tokenPerVoteValueUSD": 0.00040640256,
            "rewardsAvailable": 97.08140551867903,
            "rewardsAvailableUSD": 180.57141426474303,
            "maxRewardPerVote": 0.0002276,
            "maxRewardPerVoteUSD": 0.00040640256,
            "totalVotes": 56272.80835664266
        },
        {
            "id": 236,
            "manager": "0x1c572Bf5306c086b43f6F91F032296A25B49D920",
            "bountyChainId": 1,
            "isEnded": false,
            "start": 1718841600,
            "end": 1730937600,
            "startClaimDate": 1719446400,
            "endClaimDate": 1731542400,
            "closableAt": 1732147200,
            "apr": 0.19984636764306707,
            "tokenPerVoteValue": 0.026308402469248326,
            "tokenPerVoteValueUSD": 0.0009611880075749753,
            "rewardsAvailable": 10479.339874019459,
            "rewardsAvailableUSD": 382.86687403325055,
            "maxRewardPerVote": 0.028468070494901698,
            "maxRewardPerVoteUSD": 0.0009984886490490544,
            "totalVotes": 382393.65886309237
        },
        {
            "id": 244,
            "manager": "0xd3Ea7CF0a73D709029988Bf2cb65ACC568f79332",
            "bountyChainId": 1,
            "isEnded": false,
            "start": 1719446400,
            "end": 1730937600,
            "startClaimDate": 1720051200,
            "endClaimDate": 1731542400,
            "closableAt": 1732147200,
            "apr": 0.20760176788797655,
            "tokenPerVoteValue": 0.02732934767510563,
            "tokenPerVoteValueUSD": 0.0009984886490490544,
            "rewardsAvailable": 6185.425248115623,
            "rewardsAvailableUSD": 225.98698561000353,
            "maxRewardPerVote": 0.028468070494901698,
            "maxRewardPerVoteUSD": 0.0009984886490490544,
            "totalVotes": 187230.89395103513
        },
        {
            "id": 245,
            "manager": "0xf8AfC5e9AEdA712A05E32F27513cDAa2F67f457B",
            "bountyChainId": 1,
            "isEnded": false,
            "start": 1719446400,
            "end": 1730937600,
            "startClaimDate": 1720051200,
            "endClaimDate": 1731542400,
            "closableAt": 1732147200,
            "apr": 0.1271996566385989,
            "tokenPerVoteValue": 0.01674496164361257,
            "tokenPerVoteValueUSD": 0.0006117838716340427,
            "rewardsAvailable": 10496.115333099959,
            "rewardsAvailableUSD": 383.47977214094027,
            "maxRewardPerVote": 0.028468070494901698,
            "maxRewardPerVoteUSD": 0.0009984886490490544,
            "totalVotes": 601749.4058351333
        },
        {
            "id": 267,
            "manager": "0xFC08757c505eA28709dF66E54870fB6dE09f0C5E",
            "bountyChainId": 1,
            "isEnded": false,
            "start": 1729728000,
            "end": 1730332800,
            "startClaimDate": 1730332800,
            "endClaimDate": 1730937600,