{
    "0x0000000895cB182E6f983eb4D8b4E0Aa0B31Ae4c": [
        {
            "id": 92,
            "manager": "0xF98bb4943eb8a3eB6234a9f6B1Fa758714381753",
            "bountyChainId": 1,
            "isEnded": false,
            "start": 1689811200,
            "end": 1731542400,
            "startClaimDate": 1690416000,
            "endClaimDate": 1732147200,
            "closableAt": 1732752000,
            "apr": 0.18107705056171056,
            "tokenPerVoteValue": 0.0004345785318967799,
            "tokenPerVoteValueUSD": 0.0009473811995349803,
            "rewardsAvailable": 133.43660579923687,
            "rewardsAvailableUSD": 290.8918006423364,
            "maxRewardPerVote": 0.0007842,
            "maxRewardPerVoteUSD": 0.0016411737600000001,
            "totalVotes": 294766.38205794577
        },
        {
            "id": 93,
            "manager": "0xF98bb4943eb8a3eB6234a9f6B1Fa758714381753",
            "bountyChainId": 1,
            "isEnded": false,
            "start": 1689811200,
            "end": 1731542400,
            "startClaimDate": 1690416000,
            "endClaimDate": 1732147200,
            "closableAt": 1732752000,
            "apr": 0.24474907149399922,
            "tokenPerVoteValue": 0.000587389135415115,
            "tokenPerVoteValueUSD": 0.0012805083152049508,
            "rewardsAvailable": 345.2408099995636,
            "rewardsAvailableUSD": 752.6249657990487,
            "maxRewardPerVote": 0.0007842,
            "maxRewardPerVoteUSD": 0.0016411737600000001,
            "totalVotes": 564244.6508060702
        },
        {
            "id": 123,
            "manager": "0x12E9D6962CEc231E2b0F8b49cE80e5B6fBF1cEa9",
            "bountyChainId": 1,
            "isEnded": false,
            "start": 1695859200,
            "end": 1732752000,
            "startClaimDate": 1696464000,
            "endClaimDate": 1733356800,
            "closableAt": 1733961600,
            "apr": 0.14794114769589858,
            "tokenPerVoteValue": 0.0027217438004032432,
            "tokenPerVoteValueUSD": 0.0007740167046566572,
            "rewardsAvailable": 25317.90124245289,
            "rewardsAvailableUSD": 7199.971755461602,
            "maxRewardPerVote": 0.02,
            "maxRewardPerVoteUSD": 0.005460146809999548,
            "totalVotes": 8930004.796613777
        },
        {
            "id": 127,
            "manager": "0x8306300ffd616049FD7e4b0354a64Da835c1A81C",
            "bountyChainId": 1,
            "isEnded": false,
            "start": 1695859200,
            "end": 1731542400,
            "startClaimDate": 1696464000,
            "endClaimDate": 1732147200,
            "closableAt": 1732752000,
            "apr": 0.12165351797673989,
            "tokenPerVoteValue": 0.00029196415050063385,
            "tokenPerVoteValueUSD": 0.0006364818480913818,
            "rewardsAvailable": 458.5247477512812,
            "rewardsAvailableUSD": 999.5839500977931,
            "maxRewardPerVote": 0.0006,
            "maxRewardPerVoteUSD": 0.00125568,
            "totalVotes": 1507663.7220235516
        },
        {
            "id": 133,
            "manager": "0x68841bC858B18E10AfF6c2eC67Dbc484B3b47D91",
            "bountyChainId": 1,
            "isEnded": false,
            "start": 1697068800,
            "end": 1732752000,
            "startClaimDate": 1697673600,
            "endClaimDate": 1733356800,
            "closableAt": 1733961600,
            "apr": 0.12003928723183974,
            "tokenPerVoteValue": 0.0022084199758924923,
            "tokenPerVoteValueUSD": 0.00062803631700566,
            "rewardsAvailable": 2207.8092183615263,
            "rewardsAvailableUSD": 627.8626281627232,
            "maxRewardPerVote": 0.02,
            "maxRewardPerVoteUSD": 0.005460146809999548,
            "totalVotes": 959734.5037465121
        },
        {
            "id": 136,
            "manager": "0x2234a7c690AF5de948B3a1CcbEa43705E4583D2d",
            "bountyChainId": 1,
            "isEnded": false,
            "start": 1697068800,
            "end": 1731542400,
            "startClaimDate": 1697673600,
            "endClaimDate": 1732147200,
            "closableAt": 1732752000,
            "apr": 0.15652230125707567,
            "tokenPerVoteValue": 0.000375648,
            "tokenPerVoteValueUSD": 0.0008189126400000001,
            "rewardsAvailable": 9.250434851017861,
            "rewardsAvailableUSD": 20.165947975218938,
            "maxRewardPerVote": 0.0003913,
            "maxRewardPerVoteUSD": 0.0008189126400000001,
            "totalVotes": 7167.428983351267
        },
        {
            "id": 172,
            "manager": "0x2234a7c690AF5de948B3a1CcbEa43705E4583D2d",
            "bountyChainId": 1,
            "isEnded": false,
            "start": 1706745600,
            "end": 1731542400,
            "startClaimDate": 1707350400,
            "endClaimDate": 1732147200,
            "closableAt": 1732752000,
            "apr": 0.09104133852826582,
            "tokenPerVoteValue": 0.00021849600000000002,
            "tokenPerVoteValueUSD": 0.00047632128000000006,
            "rewardsAvailable": 125.57302841666643,
            "rewardsAvailableUSD": 273.7492019483328,
            "maxRewardPerVote": 0.0002276,
            "maxRewardPerVoteUSD": 0.00047632128000000006,
            "totalVotes": 56000.959040910086
        },
        {
            "id": 236,
            "manager": "0x1c572Bf5306c086b43f6F91F032296A25B49D920",
            "bountyChainId": 1,
            "isEnded": false,
            "start": 1718841600,
            "end": 1731542400,
            "startClaimDate": 1719446400,
            "endClaimDate": 1732147200,
            "closableAt": 1732752000,
            "apr": 0.17914354401763044,
            "tokenPerVoteValue": 0.02331897127073889,
            "tokenPerVoteValueUSD": 0.0009372652420276259,
            "rewardsAvailable": 10603.43939955195,
            "rewardsAvailableUSD": 426.18669064604137,
            "maxRewardPerVote": 0.024290595073686343,
            "maxRewardPerVoteUSD": 0.0009372652420276259,
            "totalVotes": 379275.1985963543
        },
        {
            "id": 244,
            "manager": "0xd3Ea7CF0a73D709029988Bf2cb65ACC568f79332",
            "bountyChainId": 1,
            "isEnded": false,
            "start": 1719446400,
            "end": 1731542400,
            "startClaimDate": 1720051200,
            "endClaimDate": 1732147200,
            "closableAt": 1732752000,
            "apr": 0.17914354401763044,
            "tokenPerVoteValue": 0.02331897127073889,
            "tokenPerVoteValueUSD": 0.0009372652420276259,
            "rewardsAvailable": 6092.56505312868,
            "rewardsAvailableUSD": 244.8799903216643,
            "maxRewardPerVote": 0.024290595073686343,
            "maxRewardPerVoteUSD": 0.0009372652420276259,
            "totalVotes": 186325.27017238326
        },
        {
            "id": 245,
            "manager": "0xf8AfC5e9AEdA712A05E32F27513cDAa2F67f457B",
            "bountyChainId": 1,
            "isEnded": false,
            "start": 1719446400,
            "end": 1731542400,
            "startClaimDate": 1720051200,
            "endClaimDate": 1732147200,
            "closableAt": 1732752000,
            "apr": 0.12075272175918356,
            "tokenPerVoteValue": 0.015718284825764123,
            "tokenPerVoteValueUSD": 0.0006317689515731438,
            "rewardsAvailable": 9793.15301264001,
            "rewardsAvailableUSD": 393.61864732529307,
            "maxRewardPerVote": 0.024290595073686343,
            "maxRewardPerVoteUSD": 0.0009372652420276259,
            "totalVotes": 598120.4053971819
        },
        {
            "id": 267,
            "manager": "0xFC08757c505eA28709dF66E54870fB6dE09f0C5E",
            "bountyChainId": 1,
            "isEnded": true,
            "start": 1729728000,
            "end": 1730332800,
            "startClaimDate": 1730332800,