{
    "0x0000000895cB182E6f983eb4D8b4E0Aa0B31Ae4c": [
        {
            "id": 92,
            "manager": "0xF98bb4943eb8a3eB6234a9f6B1Fa758714381753",
            "bountyChainId": 1,
            "isEnded": false,
            "start": 1689811200,
            "end": 1726704000,
            "startClaimDate": 1690416000,
            "endClaimDate": 1727308800,
            "closableAt": 1727913600,
            "apr": 0.19026503467889896,
            "tokenPerVoteValue": 0.0005513754588236645,
            "tokenPerVoteValueUSD": 0.0010365858625884892,
            "rewardsAvailable": 408.0470362242652,
            "rewardsAvailableUSD": 767.1284281016185,
            "maxRewardPerVote": 0.0007842,
            "maxRewardPerVoteUSD": 0.00141532416,
            "totalVotes": 710450.8343752243
        },
        {
            "id": 93,
            "manager": "0xF98bb4943eb8a3eB6234a9f6B1Fa758714381753",
            "bountyChainId": 1,
            "isEnded": false,
            "start": 1689811200,
            "end": 1726704000,
            "startClaimDate": 1690416000,
            "endClaimDate": 1727308800,
            "closableAt": 1727913600,
            "apr": 0.213251666451931,
            "tokenPerVoteValue": 0.0006179891940381031,
            "tokenPerVoteValueUSD": 0.0011618196847916337,
            "rewardsAvailable": 356.3170622231789,
            "rewardsAvailableUSD": 669.8760769795763,
            "maxRewardPerVote": 0.0007842,
            "maxRewardPerVoteUSD": 0.00141532416,
            "totalVotes": 553511.9109431568
        },
        {
            "id": 123,
            "manager": "0x12E9D6962CEc231E2b0F8b49cE80e5B6fBF1cEa9",
            "bountyChainId": 1,
            "isEnded": false,
            "start": 1695859200,
            "end": 1729123200,
            "startClaimDate": 1696464000,
            "endClaimDate": 1729728000,
            "closableAt": 1730332800,
            "apr": 0.11974823576713138,
            "tokenPerVoteValue": 0.002576842073019035,
            "tokenPerVoteValueUSD": 0.0006524022055634588,
            "rewardsAvailable": 34017.34115748516,
            "rewardsAvailableUSD": 8612.475180734136,
            "maxRewardPerVote": 0.02,
            "maxRewardPerVoteUSD": 0.004861036102279551,
            "totalVotes": 12673127.256465951
        },
        {
            "id": 124,
            "manager": "0xfCBa6dC55c4b36943cF6C69f2c23b345350d520E",
            "bountyChainId": 1,
            "isEnded": false,
            "start": 1695859200,
            "end": 1726704000,
            "startClaimDate": 1696464000,
            "endClaimDate": 1727308800,
            "closableAt": 1727913600,
            "apr": 0.10369688321374738,
            "tokenPerVoteValue": 0.0022314357267505546,
            "tokenPerVoteValueUSD": 0.0005649525847734819,
            "rewardsAvailable": 6725.592163958493,
            "rewardsAvailableUSD": 1702.778454073473,
            "maxRewardPerVote": 0.02,
            "maxRewardPerVoteUSD": 0.004861036102279551,
            "totalVotes": 2893459.3096267628
        },
        {
            "id": 125,
            "manager": "0xF78f606db249B27cb835Bec41f9957fCe2308f5e",
            "bountyChainId": 1,
            "isEnded": false,
            "start": 1695859200,
            "end": 1726704000,
            "startClaimDate": 1696464000,
            "endClaimDate": 1727308800,
            "closableAt": 1727913600,
            "apr": 0.10654958452026418,
            "tokenPerVoteValue": 0.002292822524654483,
            "tokenPerVoteValueUSD": 0.0005804944306492285,
            "rewardsAvailable": 1276.491226488672,
            "rewardsAvailableUSD": 323.18072584398635,
            "maxRewardPerVote": 0.02,
            "maxRewardPerVoteUSD": 0.004861036102279551,
            "totalVotes": 534464.209179815
        },
        {
            "id": 127,
            "manager": "0x8306300ffd616049FD7e4b0354a64Da835c1A81C",
            "bountyChainId": 1,
            "isEnded": false,
            "start": 1695859200,
            "end": 1726704000,
            "startClaimDate": 1696464000,
            "endClaimDate": 1727308800,
            "closableAt": 1727913600,
            "apr": 0.1507290784348306,
            "tokenPerVoteValue": 0.0004368028782604785,
            "tokenPerVoteValueUSD": 0.0008211894111296996,
            "rewardsAvailable": 1049.2743314154025,
            "rewardsAvailableUSD": 1972.6357430609564,
            "maxRewardPerVote": 0.00065,
            "maxRewardPerVoteUSD": 0.0011731199999999997,
            "totalVotes": 2306082.235928174
        },
        {
            "id": 133,
            "manager": "0x68841bC858B18E10AfF6c2eC67Dbc484B3b47D91",
            "bountyChainId": 1,
            "isEnded": false,
            "start": 1697068800,
            "end": 1729123200,
            "startClaimDate": 1697673600,
            "endClaimDate": 1729728000,
            "closableAt": 1730332800,
            "apr": 0.11639899708616243,
            "tokenPerVoteValue": 0.002504770371165433,
            "tokenPerVoteValueUSD": 0.0006341551667789229,
            "rewardsAvailable": 2726.5914337806694,
            "rewardsAvailableUSD": 690.3155935298956,
            "maxRewardPerVote": 0.02,
            "maxRewardPerVoteUSD": 0.004861036102279551,
            "totalVotes": 1045017.0628661442
        },
        {
            "id": 136,
            "manager": "0x2234a7c690AF5de948B3a1CcbEa43705E4583D2d",
            "bountyChainId": 1,
            "isEnded": false,
            "start": 1697068800,
            "end": 1726704000,
            "startClaimDate": 1697673600,
            "endClaimDate": 1727308800,
            "closableAt": 1727913600,
            "apr": 0.12962615329224644,
            "tokenPerVoteValue": 0.000375648,
            "tokenPerVoteValueUSD": 0.00070621824,
            "rewardsAvailable": 38.5498824219034,
            "rewardsAvailableUSD": 72.47377895317838,
            "maxRewardPerVote": 0.0003913,
            "maxRewardPerVoteUSD": 0.00070621824,
            "totalVotes": 34720.74525188354
        },
        {
            "id": 172,
            "manager": "0x2234a7c690AF5de948B3a1CcbEa43705E4583D2d",
            "bountyChainId": 1,
            "isEnded": false,
            "start": 1706745600,
            "end": 1726704000,
            "startClaimDate": 1707350400,
            "endClaimDate": 1727308800,
            "closableAt": 1727913600,
            "apr": 0.07539716966346864,
            "tokenPerVoteValue": 0.00021849599999999996,
            "tokenPerVoteValueUSD": 0.00041077247999999993,
            "rewardsAvailable": 941.085258134775,
            "rewardsAvailableUSD": 1769.240285293377,
            "maxRewardPerVote": 0.0002276,
            "maxRewardPerVoteUSD": 0.00041077247999999993,
            "totalVotes": 2122393.6783934613
        },
        {
            "id": 236,
            "manager": "0x1c572Bf5306c086b43f6F91F032296A25B49D920",
            "bountyChainId": 1,
            "isEnded": false,
            "start": 1718841600,
            "end": 1726704000,
            "startClaimDate": 1719446400,
            "endClaimDate": 1727308800,
            "closableAt": 1727913600,
            "apr": 0.1508111599901065,
            "tokenPerVoteValue": 0.010230940503726747,
            "tokenPerVoteValueUSD": 0.0008216366009137914,
            "rewardsAvailable": 37877.577379489936,
            "rewardsAvailableUSD": 3041.9103617694573,
            "maxRewardPerVote": 0.010657229691382029,
            "maxRewardPerVoteUSD": 0.0008216366009137914,
            "totalVotes": 2686693.5469670636
        },
        {
            "id": 244,
            "manager": "0xd3Ea7CF0a73D709029988Bf2cb65ACC568f79332",
            "bountyChainId": 1,
            "isEnded": false,
            "start": 1719446400,
            "end": 1726704000,
            "startClaimDate": 1720051200,
            "endClaimDate": 1727308800,
            "closableAt": 1727913600,