{
    "0x0000000895cB182E6f983eb4D8b4E0Aa0B31Ae4c": [
        {
            "id": 92,
            "manager": "0xF98bb4943eb8a3eB6234a9f6B1Fa758714381753",
            "bountyChainId": 1,
            "isEnded": false,
            "start": 1689811200,
            "end": 1731542400,
            "startClaimDate": 1690416000,
            "endClaimDate": 1732147200,
            "closableAt": 1732752000,
            "apr": 0.14399122255428826,
            "tokenPerVoteValue": 0.0003703110297451327,
            "tokenPerVoteValueUSD": 0.0007739500521673272,
            "rewardsAvailable": 112.86369010870274,
            "rewardsAvailableUSD": 235.88511232718872,
            "maxRewardPerVote": 0.0007842,
            "maxRewardPerVoteUSD": 0.0015734188799999998,
            "totalVotes": 292589.56337035424
        },
        {
            "id": 93,
            "manager": "0xF98bb4943eb8a3eB6234a9f6B1Fa758714381753",
            "bountyChainId": 1,
            "isEnded": false,
            "start": 1689811200,
            "end": 1731542400,
            "startClaimDate": 1690416000,
            "endClaimDate": 1732147200,
            "closableAt": 1732752000,
            "apr": 0.15350062109601206,
            "tokenPerVoteValue": 0.00039476693131868125,
            "tokenPerVoteValueUSD": 0.0008250628864560438,
            "rewardsAvailable": 230.16053999970907,
            "rewardsAvailableUSD": 481.0355285993919,
            "maxRewardPerVote": 0.0007842,
            "maxRewardPerVoteUSD": 0.0015734188799999998,
            "totalVotes": 559707.768990793
        },
        {
            "id": 123,
            "manager": "0x12E9D6962CEc231E2b0F8b49cE80e5B6fBF1cEa9",
            "bountyChainId": 1,
            "isEnded": false,
            "start": 1695859200,
            "end": 1732752000,
            "startClaimDate": 1696464000,
            "endClaimDate": 1733356800,
            "closableAt": 1733961600,
            "apr": 0.14012695025238292,
            "tokenPerVoteValue": 0.002849422782155851,
            "tokenPerVoteValueUSD": 0.000753179662857515,
            "rewardsAvailable": 26240.996437764443,
            "rewardsAvailableUSD": 6936.206509546908,
            "maxRewardPerVote": 0.02,
            "maxRewardPerVoteUSD": 0.005075080334664542,
            "totalVotes": 8840863.047074497
        },
        {
            "id": 127,
            "manager": "0x8306300ffd616049FD7e4b0354a64Da835c1A81C",
            "bountyChainId": 1,
            "isEnded": false,
            "start": 1695859200,
            "end": 1731542400,
            "startClaimDate": 1696464000,
            "endClaimDate": 1732147200,
            "closableAt": 1732752000,
            "apr": 0.14982225888758244,
            "tokenPerVoteValue": 0.00038530706235572696,
            "tokenPerVoteValueUSD": 0.0008052917603234693,
            "rewardsAvailable": 458.5247477512812,
            "rewardsAvailableUSD": 958.3167228001777,
            "maxRewardPerVote": 0.0006,
            "maxRewardPerVoteUSD": 0.0012038399999999999,
            "totalVotes": 1142423.2796305176
        },
        {
            "id": 133,
            "manager": "0x68841bC858B18E10AfF6c2eC67Dbc484B3b47D91",
            "bountyChainId": 1,
            "isEnded": false,
            "start": 1697068800,
            "end": 1732752000,
            "startClaimDate": 1697673600,
            "endClaimDate": 1733356800,
            "closableAt": 1733961600,
            "apr": 0.10860415591403448,
            "tokenPerVoteValue": 0.0022084199758924923,
            "tokenPerVoteValueUSD": 0.0005837452494964756,
            "rewardsAvailable": 2207.8092183615263,
            "rewardsAvailableUSD": 583.5838097290457,
            "maxRewardPerVote": 0.02,
            "maxRewardPerVoteUSD": 0.005075080334664542,
            "totalVotes": 959734.5037465121
        },
        {
            "id": 136,
            "manager": "0x2234a7c690AF5de948B3a1CcbEa43705E4583D2d",
            "bountyChainId": 1,
            "isEnded": false,
            "start": 1697068800,
            "end": 1731542400,
            "startClaimDate": 1697673600,
            "endClaimDate": 1732147200,
            "closableAt": 1732752000,
            "apr": 0.14606644259907905,
            "tokenPerVoteValue": 0.00037564799999999997,
            "tokenPerVoteValueUSD": 0.0007851043199999999,
            "rewardsAvailable": 9.250434851017861,
            "rewardsAvailableUSD": 19.333408838627328,
            "maxRewardPerVote": 0.0003913,
            "maxRewardPerVoteUSD": 0.0007851043199999999,
            "totalVotes": 7126.717270970323
        },
        {
            "id": 172,
            "manager": "0x2234a7c690AF5de948B3a1CcbEa43705E4583D2d",
            "bountyChainId": 1,
            "isEnded": false,
            "start": 1706745600,
            "end": 1731542400,
            "startClaimDate": 1707350400,
            "endClaimDate": 1732147200,
            "closableAt": 1732752000,
            "apr": 0.0849596788539494,
            "tokenPerVoteValue": 0.00021849600000000002,
            "tokenPerVoteValueUSD": 0.00045665664,
            "rewardsAvailable": 125.57302841666643,
            "rewardsAvailableUSD": 262.44762939083284,
            "maxRewardPerVote": 0.0002276,
            "maxRewardPerVoteUSD": 0.00045665664,
            "totalVotes": 55729.109725177506
        },
        {
            "id": 236,
            "manager": "0x1c572Bf5306c086b43f6F91F032296A25B49D920",
            "bountyChainId": 1,
            "isEnded": false,
            "start": 1718841600,
            "end": 1732147200,
            "startClaimDate": 1719446400,
            "endClaimDate": 1732752000,
            "closableAt": 1733356800,
            "apr": 0.1268452711519541,
            "tokenPerVoteValue": 0.022246556782488082,
            "tokenPerVoteValueUSD": 0.0006817908931096157,
            "rewardsAvailable": 10680.97047210805,
            "rewardsAvailableUSD": 327.34002248780956,
            "maxRewardPerVote": 0.03152779520755358,
            "maxRewardPerVoteUSD": 0.0009275839541373608,
            "totalVotes": 460913.19899424625
        },
        {
            "id": 244,
            "manager": "0xd3Ea7CF0a73D709029988Bf2cb65ACC568f79332",
            "bountyChainId": 1,
            "isEnded": false,
            "start": 1719446400,
            "end": 1732147200,
            "startClaimDate": 1720051200,
            "endClaimDate": 1732752000,
            "closableAt": 1733356800,
            "apr": 0.17257437634890557,
            "tokenPerVoteValue": 0.030266683399251437,
            "tokenPerVoteValueUSD": 0.0009275839541373608,
            "rewardsAvailable": 6982.468537650689,
            "rewardsAvailableUSD": 213.99192274743677,
            "maxRewardPerVote": 0.03152779520755358,
            "maxRewardPerVoteUSD": 0.0009275839541373608,
            "totalVotes": 185419.64639373135
        },
        {
            "id": 245,
            "manager": "0xf8AfC5e9AEdA712A05E32F27513cDAa2F67f457B",
            "bountyChainId": 1,
            "isEnded": false,
            "start": 1719446400,
            "end": 1732147200,
            "startClaimDate": 1720051200,
            "endClaimDate": 1732752000,
            "closableAt": 1733356800,
            "apr": 0.11217379585537601,
            "tokenPerVoteValue": 0.019673423347523866,
            "tokenPerVoteValueUSD": 0.0006029319955342643,
            "rewardsAvailable": 10567.619207952579,
            "rewardsAvailableUSD": 323.8661428946989,
            "maxRewardPerVote": 0.03152779520755358,
            "maxRewardPerVoteUSD": 0.0009275839541373608,
            "totalVotes": 515665.9448855571
        },
        {
            "id": 268,
            "manager": "0xFC08757c505eA28709dF66E54870fB6dE09f0C5E",
            "bountyChainId": 1,
            "isEnded": false,
            "start": 1730937600,
            "end": 1731542400,
            "startClaimDate": 1731542400,